# Pathway	P21158_79_S10_Abundance
UNMAPPED	13083845.2432457581
UNINTEGRATED	9353190.4819923565
UNINTEGRATED|unclassified	7235134.6221436625
UNINTEGRATED|g__Oenococcus.s__Oenococcus_oeni	484122.5593836246
UNINTEGRATED|g__Candidatus_Cloacimonas.s__Candidatus_Cloacimonas_acidaminovorans	459971.2790431767
UNINTEGRATED|g__Cutibacterium.s__Cutibacterium_acnes	165644.0093737419
UNINTEGRATED|g__Methanothrix.s__Methanothrix_soehngenii	100929.1473948162
DTDPRHAMSYN-PWY: dTDP-&beta;-L-rhamnose biosynthesis	9108.5477364344
DTDPRHAMSYN-PWY: dTDP-&beta;-L-rhamnose biosynthesis|g__Oenococcus.s__Oenococcus_oeni	8161.8332766263
DTDPRHAMSYN-PWY: dTDP-&beta;-L-rhamnose biosynthesis|unclassified	247.9212096604
DTDPRHAMSYN-PWY: dTDP-&beta;-L-rhamnose biosynthesis|g__Methanothrix.s__Methanothrix_soehngenii	38.8914839807
SER-GLYSYN-PWY: superpathway of L-serine and glycine biosynthesis I	7771.9376044887
SER-GLYSYN-PWY: superpathway of L-serine and glycine biosynthesis I|g__Candidatus_Cloacimonas.s__Candidatus_Cloacimonas_acidaminovorans	2650.9584145603
SER-GLYSYN-PWY: superpathway of L-serine and glycine biosynthesis I|unclassified	2115.8790503063
METH-ACETATE-PWY: methanogenesis from acetate	5713.8412915044
METH-ACETATE-PWY: methanogenesis from acetate|unclassified	2206.4745441813
PWY-6609: adenine and adenosine salvage III	3836.6090544323
PWY-6609: adenine and adenosine salvage III|g__Candidatus_Cloacimonas.s__Candidatus_Cloacimonas_acidaminovorans	1003.3851713586
PWY-6609: adenine and adenosine salvage III|unclassified	430.4309015220
PWY-6609: adenine and adenosine salvage III|g__Cutibacterium.s__Cutibacterium_acnes	25.1881592507
PWY-6588: pyruvate fermentation to acetone	3595.9422684661
PWY-6588: pyruvate fermentation to acetone|unclassified	496.4597436981
PWY66-429: fatty acid biosynthesis initiation (mitochondria)	3527.4050253047
PWY66-429: fatty acid biosynthesis initiation (mitochondria)|g__Oenococcus.s__Oenococcus_oeni	2227.8707047681
PWY66-429: fatty acid biosynthesis initiation (mitochondria)|unclassified	225.0150113476
PWY-5100: pyruvate fermentation to acetate and lactate II	3186.1429762894
PWY-5100: pyruvate fermentation to acetate and lactate II|unclassified	2184.9882597808
PWY-7220: adenosine deoxyribonucleotides de novo biosynthesis II	2706.1518789894
PWY-7220: adenosine deoxyribonucleotides de novo biosynthesis II|unclassified	552.9026483237
PWY-7220: adenosine deoxyribonucleotides de novo biosynthesis II|g__Candidatus_Cloacimonas.s__Candidatus_Cloacimonas_acidaminovorans	360.5904035465
PWY-7222: guanosine deoxyribonucleotides de novo biosynthesis II	2706.1518789894
PWY-7222: guanosine deoxyribonucleotides de novo biosynthesis II|unclassified	552.9026483237
PWY-7222: guanosine deoxyribonucleotides de novo biosynthesis II|g__Candidatus_Cloacimonas.s__Candidatus_Cloacimonas_acidaminovorans	360.5904035465
ANAGLYCOLYSIS-PWY: glycolysis III (from glucose)	2607.6511762851
ANAGLYCOLYSIS-PWY: glycolysis III (from glucose)|unclassified	787.7654797943
PWY-5695: inosine 5'-phosphate degradation	2467.7485610164
PWY-5695: inosine 5'-phosphate degradation|g__Candidatus_Cloacimonas.s__Candidatus_Cloacimonas_acidaminovorans	1637.8667353135
PWY-5695: inosine 5'-phosphate degradation|unclassified	769.4190599864
PWY-6608: guanosine nucleotides degradation III	2467.7485610164
PWY-6608: guanosine nucleotides degradation III|g__Candidatus_Cloacimonas.s__Candidatus_Cloacimonas_acidaminovorans	1637.8667353135
PWY-6608: guanosine nucleotides degradation III|unclassified	769.4190599864
PWY-5384: sucrose degradation IV (sucrose phosphorylase)	2317.9102100690
PWY-5384: sucrose degradation IV (sucrose phosphorylase)|unclassified	96.3020189578
PWY-1042: glycolysis IV	2305.4855256766
PWY-1042: glycolysis IV|unclassified	1124.9197247060
PWY-1042: glycolysis IV|g__Candidatus_Cloacimonas.s__Candidatus_Cloacimonas_acidaminovorans	896.7678308971
SALVADEHYPOX-PWY: adenosine nucleotides degradation II	2267.0751663624
SALVADEHYPOX-PWY: adenosine nucleotides degradation II|g__Candidatus_Cloacimonas.s__Candidatus_Cloacimonas_acidaminovorans	1490.4731359657
SALVADEHYPOX-PWY: adenosine nucleotides degradation II|unclassified	732.5380497322
PWY-7208: superpathway of pyrimidine nucleobases salvage	2244.2107384513
PWY-7208: superpathway of pyrimidine nucleobases salvage|g__Candidatus_Cloacimonas.s__Candidatus_Cloacimonas_acidaminovorans	605.2722850578
PWY-7208: superpathway of pyrimidine nucleobases salvage|unclassified	297.2814923245
PWY-6126: superpathway of adenosine nucleotides de novo biosynthesis II	2243.2606902871
PWY-6126: superpathway of adenosine nucleotides de novo biosynthesis II|unclassified	403.7525379340
PWY-7229: superpathway of adenosine nucleotides de novo biosynthesis I	2212.5308797689
PWY-7229: superpathway of adenosine nucleotides de novo biosynthesis I|unclassified	401.2036412681
PWY-7197: pyrimidine deoxyribonucleotide phosphorylation	2060.8475300772
PWY-7197: pyrimidine deoxyribonucleotide phosphorylation|unclassified	885.8039879859
PWY-7197: pyrimidine deoxyribonucleotide phosphorylation|g__Candidatus_Cloacimonas.s__Candidatus_Cloacimonas_acidaminovorans	286.7207591504
PWY-7197: pyrimidine deoxyribonucleotide phosphorylation|g__Methanothrix.s__Methanothrix_soehngenii	68.4898989502
GLYCOLYSIS: glycolysis I (from glucose 6-phosphate)	2051.4553431572
GLYCOLYSIS: glycolysis I (from glucose 6-phosphate)|unclassified	676.9690517767
PWY-7237: myo-, chiro- and scyllo-inositol degradation	2050.6147616364
PWY-7237: myo-, chiro- and scyllo-inositol degradation|unclassified	260.3739081224
PWY-7228: superpathway of guanosine nucleotides de novo biosynthesis I	1948.6763104886
PWY-7228: superpathway of guanosine nucleotides de novo biosynthesis I|unclassified	664.1116772750
PWY-7228: superpathway of guanosine nucleotides de novo biosynthesis I|g__Candidatus_Cloacimonas.s__Candidatus_Cloacimonas_acidaminovorans	439.4773721691
P108-PWY: pyruvate fermentation to propanoate I	1904.3626534602
P108-PWY: pyruvate fermentation to propanoate I|unclassified	1242.7822731071
PWY-6590: superpathway of Clostridium acetobutylicum acidogenic fermentation	1851.5389951722
PWY-6590: superpathway of Clostridium acetobutylicum acidogenic fermentation|unclassified	680.4407864529
GLUCONEO-PWY: gluconeogenesis I	1763.7908973418
GLUCONEO-PWY: gluconeogenesis I|unclassified	858.9564342810
TRNA-CHARGING-PWY: tRNA charging	1735.5742386737
TRNA-CHARGING-PWY: tRNA charging|g__Candidatus_Cloacimonas.s__Candidatus_Cloacimonas_acidaminovorans	568.1117046608
TRNA-CHARGING-PWY: tRNA charging|unclassified	367.3634182807
PWY-7221: guanosine ribonucleotides de novo biosynthesis	1681.3370123798
PWY-7221: guanosine ribonucleotides de novo biosynthesis|unclassified	757.5073213027
PWY-7221: guanosine ribonucleotides de novo biosynthesis|g__Candidatus_Cloacimonas.s__Candidatus_Cloacimonas_acidaminovorans	499.6656375796
PWY-7221: guanosine ribonucleotides de novo biosynthesis|g__Oenococcus.s__Oenococcus_oeni	281.9864860651
PWY-5484: glycolysis II (from fructose 6-phosphate)	1627.4992516478
PWY-5484: glycolysis II (from fructose 6-phosphate)|unclassified	647.4127154461
PWY-6125: superpathway of guanosine nucleotides de novo biosynthesis II	1627.4291234285
PWY-6125: superpathway of guanosine nucleotides de novo biosynthesis II|g__Candidatus_Cloacimonas.s__Candidatus_Cloacimonas_acidaminovorans	368.6502404145
PWY-6125: superpathway of guanosine nucleotides de novo biosynthesis II|unclassified	254.1953178160
CENTFERM-PWY: pyruvate fermentation to butanoate	1606.7521874784
CENTFERM-PWY: pyruvate fermentation to butanoate|unclassified	559.2068750773
COA-PWY: coenzyme A biosynthesis I (prokaryotic)	1506.1760026347
COA-PWY: coenzyme A biosynthesis I (prokaryotic)|g__Candidatus_Cloacimonas.s__Candidatus_Cloacimonas_acidaminovorans	807.1613207245
COA-PWY: coenzyme A biosynthesis I (prokaryotic)|unclassified	342.1642718993
COA-PWY: coenzyme A biosynthesis I (prokaryotic)|g__Oenococcus.s__Oenococcus_oeni	318.0805492049
PWY-7851: coenzyme A biosynthesis II (eukaryotic)	1467.6334692558
PWY-7851: coenzyme A biosynthesis II (eukaryotic)|g__Oenococcus.s__Oenococcus_oeni	318.0805492049
PWY-7851: coenzyme A biosynthesis II (eukaryotic)|unclassified	235.5183834051
PWY-7851: coenzyme A biosynthesis II (eukaryotic)|g__Candidatus_Cloacimonas.s__Candidatus_Cloacimonas_acidaminovorans	200.8470086429
PWY-1269: CMP-3-deoxy-D-manno-octulosonate biosynthesis	1421.4926647999
PWY-1269: CMP-3-deoxy-D-manno-octulosonate biosynthesis|g__Candidatus_Cloacimonas.s__Candidatus_Cloacimonas_acidaminovorans	1177.6103864928
PWY-1269: CMP-3-deoxy-D-manno-octulosonate biosynthesis|unclassified	182.7904995270
PWY-8187: L-arginine degradation XIII (reductive Stickland reaction)	1337.4478463112
PWY-8187: L-arginine degradation XIII (reductive Stickland reaction)|unclassified	461.2066894248
P42-PWY: incomplete reductive TCA cycle	1308.8692259392
P42-PWY: incomplete reductive TCA cycle|unclassified	888.0134017175
UDPNAGSYN-PWY: UDP-N-acetyl-D-glucosamine biosynthesis I	1307.4800195758
UDPNAGSYN-PWY: UDP-N-acetyl-D-glucosamine biosynthesis I|g__Candidatus_Cloacimonas.s__Candidatus_Cloacimonas_acidaminovorans	478.7070406578
UDPNAGSYN-PWY: UDP-N-acetyl-D-glucosamine biosynthesis I|unclassified	115.3015920048
UDPNAGSYN-PWY: UDP-N-acetyl-D-glucosamine biosynthesis I|g__Cutibacterium.s__Cutibacterium_acnes	36.6621219771
PWY-841: superpathway of purine nucleotides de novo biosynthesis I	1273.8556852340
PWY-841: superpathway of purine nucleotides de novo biosynthesis I|g__Candidatus_Cloacimonas.s__Candidatus_Cloacimonas_acidaminovorans	377.5510841969
PWY-841: superpathway of purine nucleotides de novo biosynthesis I|unclassified	179.0484940654
PWY-6317: D-galactose degradation I (Leloir pathway)	1259.0065383786
PWY-6317: D-galactose degradation I (Leloir pathway)|unclassified	241.4948639723
PWY-3841: folate transformations II (plants)	1232.4467129232
PWY-3841: folate transformations II (plants)|unclassified	557.6575100483
PWY-3841: folate transformations II (plants)|g__Oenococcus.s__Oenococcus_oeni	362.1511722215
PWY-8178: pentose phosphate pathway (non-oxidative branch) II	1228.1601880361
PWY-8178: pentose phosphate pathway (non-oxidative branch) II|g__Candidatus_Cloacimonas.s__Candidatus_Cloacimonas_acidaminovorans	689.2498336225
PWY-8178: pentose phosphate pathway (non-oxidative branch) II|unclassified	329.3900558740
CITRULBIO-PWY: L-citrulline biosynthesis	1209.3003499529
PWY66-399: gluconeogenesis III	1196.0399485718
PWY66-399: gluconeogenesis III|unclassified	636.1153048165
PWY-6353: purine nucleotides degradation II (aerobic)	1186.8099323204
PWY-6353: purine nucleotides degradation II (aerobic)|g__Candidatus_Cloacimonas.s__Candidatus_Cloacimonas_acidaminovorans	713.9550257289
PWY-6353: purine nucleotides degradation II (aerobic)|unclassified	396.1194434613
PWY-6122: 5-aminoimidazole ribonucleotide biosynthesis II	1175.1461249826
PWY-6122: 5-aminoimidazole ribonucleotide biosynthesis II|g__Candidatus_Cloacimonas.s__Candidatus_Cloacimonas_acidaminovorans	734.5650503159
PWY-6122: 5-aminoimidazole ribonucleotide biosynthesis II|unclassified	228.4116825495
PWY-6122: 5-aminoimidazole ribonucleotide biosynthesis II|g__Methanothrix.s__Methanothrix_soehngenii	105.9464435066
PWY-6277: superpathway of 5-aminoimidazole ribonucleotide biosynthesis	1175.1461249826
PWY-6277: superpathway of 5-aminoimidazole ribonucleotide biosynthesis|g__Candidatus_Cloacimonas.s__Candidatus_Cloacimonas_acidaminovorans	734.5650503159
PWY-6277: superpathway of 5-aminoimidazole ribonucleotide biosynthesis|unclassified	228.4116825495
PWY-6277: superpathway of 5-aminoimidazole ribonucleotide biosynthesis|g__Methanothrix.s__Methanothrix_soehngenii	105.9464435066
PWY-6309: L-tryptophan degradation XI (mammalian, via kynurenine)	1140.6877696015
PWY-6309: L-tryptophan degradation XI (mammalian, via kynurenine)|g__Candidatus_Cloacimonas.s__Candidatus_Cloacimonas_acidaminovorans	1140.6877696015
PWY-7328: superpathway of UDP-glucose-derived O-antigen building blocks biosynthesis	1131.1422939076
PWY-6123: inosine-5'-phosphate biosynthesis I	1108.5003409423
PWY-6123: inosine-5'-phosphate biosynthesis I|g__Candidatus_Cloacimonas.s__Candidatus_Cloacimonas_acidaminovorans	470.7192710764
PWY-6123: inosine-5'-phosphate biosynthesis I|unclassified	82.6850886756
OANTIGEN-PWY: O-antigen building blocks biosynthesis (E. coli)	1101.9798182091
OANTIGEN-PWY: O-antigen building blocks biosynthesis (E. coli)|unclassified	75.6335618858
PWY-7199: pyrimidine deoxyribonucleosides salvage	1097.8943831586
PWY-7199: pyrimidine deoxyribonucleosides salvage|g__Oenococcus.s__Oenococcus_oeni	325.3600656104
PWY-7199: pyrimidine deoxyribonucleosides salvage|unclassified	156.3815874513
PWY-7199: pyrimidine deoxyribonucleosides salvage|g__Cutibacterium.s__Cutibacterium_acnes	31.0941321984
PWY66-409: superpathway of purine nucleotide salvage	1084.7684461068
PWY-6121: 5-aminoimidazole ribonucleotide biosynthesis I	1070.2775182613
PWY-6121: 5-aminoimidazole ribonucleotide biosynthesis I|g__Candidatus_Cloacimonas.s__Candidatus_Cloacimonas_acidaminovorans	528.0967341945
PWY-6121: 5-aminoimidazole ribonucleotide biosynthesis I|unclassified	222.0014471307
PWY-6121: 5-aminoimidazole ribonucleotide biosynthesis I|g__Methanothrix.s__Methanothrix_soehngenii	98.4486767850
PWY-6124: inosine-5'-phosphate biosynthesis II	1027.6230268565
PWY-6124: inosine-5'-phosphate biosynthesis II|g__Candidatus_Cloacimonas.s__Candidatus_Cloacimonas_acidaminovorans	411.3709931200
PWY-6124: inosine-5'-phosphate biosynthesis II|g__Oenococcus.s__Oenococcus_oeni	95.4666688678
PWY-6124: inosine-5'-phosphate biosynthesis II|g__Methanothrix.s__Methanothrix_soehngenii	86.6071615651
PWY-6124: inosine-5'-phosphate biosynthesis II|unclassified	76.5189834341
P163-PWY: L-lysine fermentation to acetate and butanoate	972.9600962811
P163-PWY: L-lysine fermentation to acetate and butanoate|g__Candidatus_Cloacimonas.s__Candidatus_Cloacimonas_acidaminovorans	559.0589013951
P163-PWY: L-lysine fermentation to acetate and butanoate|unclassified	117.1252363151
PWY-5941: glycogen degradation II	939.2307474085
PWY-5941: glycogen degradation II|unclassified	492.8010906559
PEPTIDOGLYCANSYN-PWY: peptidoglycan biosynthesis I (meso-diaminopimelate containing)	930.9283641734
PEPTIDOGLYCANSYN-PWY: peptidoglycan biosynthesis I (meso-diaminopimelate containing)|g__Oenococcus.s__Oenococcus_oeni	633.4609119540
PEPTIDOGLYCANSYN-PWY: peptidoglycan biosynthesis I (meso-diaminopimelate containing)|g__Candidatus_Cloacimonas.s__Candidatus_Cloacimonas_acidaminovorans	112.4160477541
PWY-6385: peptidoglycan biosynthesis III (mycobacteria)	890.2164656557
PWY-6385: peptidoglycan biosynthesis III (mycobacteria)|g__Candidatus_Cloacimonas.s__Candidatus_Cloacimonas_acidaminovorans	112.8091965873
ANAEROFRUCAT-PWY: homolactic fermentation	885.3935697286
ANAEROFRUCAT-PWY: homolactic fermentation|unclassified	330.7645406147
PWY-7238: sucrose biosynthesis II	881.5504978821
PWY-7238: sucrose biosynthesis II|g__Candidatus_Cloacimonas.s__Candidatus_Cloacimonas_acidaminovorans	424.4551143863
PWY-7238: sucrose biosynthesis II|unclassified	416.8907571145
NONOXIPENT-PWY: pentose phosphate pathway (non-oxidative branch) I	869.0634082874
NONOXIPENT-PWY: pentose phosphate pathway (non-oxidative branch) I|g__Candidatus_Cloacimonas.s__Candidatus_Cloacimonas_acidaminovorans	524.1993256825
NONOXIPENT-PWY: pentose phosphate pathway (non-oxidative branch) I|unclassified	242.8101558701
COA-PWY-1: superpathway of coenzyme A biosynthesis III (mammals)	839.9077802317
COA-PWY-1: superpathway of coenzyme A biosynthesis III (mammals)|g__Candidatus_Cloacimonas.s__Candidatus_Cloacimonas_acidaminovorans	220.5179670992
COA-PWY-1: superpathway of coenzyme A biosynthesis III (mammals)|unclassified	168.2097987805
PWY-6387: UDP-N-acetylmuramoyl-pentapeptide biosynthesis I (meso-diaminopimelate containing)	823.0284223253
PWY-6387: UDP-N-acetylmuramoyl-pentapeptide biosynthesis I (meso-diaminopimelate containing)|g__Oenococcus.s__Oenococcus_oeni	568.2363244188
PWY-6387: UDP-N-acetylmuramoyl-pentapeptide biosynthesis I (meso-diaminopimelate containing)|g__Candidatus_Cloacimonas.s__Candidatus_Cloacimonas_acidaminovorans	110.8633948359
PWY-6386: UDP-N-acetylmuramoyl-pentapeptide biosynthesis II (lysine-containing)	810.7552644527
PWY-6386: UDP-N-acetylmuramoyl-pentapeptide biosynthesis II (lysine-containing)|g__Oenococcus.s__Oenococcus_oeni	550.6170273526
PWY-6386: UDP-N-acetylmuramoyl-pentapeptide biosynthesis II (lysine-containing)|g__Candidatus_Cloacimonas.s__Candidatus_Cloacimonas_acidaminovorans	124.6036581404
PANTOSYN-PWY: superpathway of coenzyme A biosynthesis I (bacteria)	787.6880516801
PANTOSYN-PWY: superpathway of coenzyme A biosynthesis I (bacteria)|g__Candidatus_Cloacimonas.s__Candidatus_Cloacimonas_acidaminovorans	238.2580623188
PANTOSYN-PWY: superpathway of coenzyme A biosynthesis I (bacteria)|unclassified	221.2919086084
PYRIDNUCSYN-PWY: NAD de novo biosynthesis I (from aspartate)	779.5835747216
PYRIDNUCSYN-PWY: NAD de novo biosynthesis I (from aspartate)|unclassified	110.8636975550
CALVIN-PWY: Calvin-Benson-Bassham cycle	760.8378541300
CALVIN-PWY: Calvin-Benson-Bassham cycle|unclassified	300.2595753480
FERMENTATION-PWY: mixed acid fermentation	754.1302419065
HISDEG-PWY: L-histidine degradation I	716.0192635076
HISDEG-PWY: L-histidine degradation I|unclassified	334.3201498205
HISDEG-PWY: L-histidine degradation I|g__Candidatus_Cloacimonas.s__Candidatus_Cloacimonas_acidaminovorans	317.4436432636
PWY-2941: L-lysine biosynthesis II	715.7417240498
PWY-2941: L-lysine biosynthesis II|unclassified	66.0769827216
THRESYN-PWY: superpathway of L-threonine biosynthesis	708.0445186698
THRESYN-PWY: superpathway of L-threonine biosynthesis|unclassified	70.2511284670
PWY-6147: 6-hydroxymethyl-dihydropterin diphosphate biosynthesis I	704.0218055523
PWY-6147: 6-hydroxymethyl-dihydropterin diphosphate biosynthesis I|g__Candidatus_Cloacimonas.s__Candidatus_Cloacimonas_acidaminovorans	467.0083058462
PWY-6147: 6-hydroxymethyl-dihydropterin diphosphate biosynthesis I|unclassified	179.0499064064
PWY0-1296: purine ribonucleosides degradation	672.1134080245
PWY0-1296: purine ribonucleosides degradation|g__Candidatus_Cloacimonas.s__Candidatus_Cloacimonas_acidaminovorans	419.2841599946
PWY0-1296: purine ribonucleosides degradation|g__Cutibacterium.s__Cutibacterium_acnes	27.3921696658
PWY-5136: fatty acid &beta;-oxidation II (plant peroxisome)	657.4508414678
PWY-5136: fatty acid &beta;-oxidation II (plant peroxisome)|unclassified	654.6404325853
PWY-6731: starch degradation III	654.7700407918
PWY-6731: starch degradation III|unclassified	416.3427181376
PWY-5097: L-lysine biosynthesis VI	648.6871553934
PWY-5097: L-lysine biosynthesis VI|g__Candidatus_Cloacimonas.s__Candidatus_Cloacimonas_acidaminovorans	271.4405407099
PWY-5097: L-lysine biosynthesis VI|g__Methanothrix.s__Methanothrix_soehngenii	65.3252040549
PWY-5209: methyl-coenzyme M oxidation to CO2	641.9029077890
PWY-5209: methyl-coenzyme M oxidation to CO2|unclassified	472.8438089354
PWY-5209: methyl-coenzyme M oxidation to CO2|g__Methanothrix.s__Methanothrix_soehngenii	152.4768269544
METHANOGENESIS-PWY: methanogenesis from H2 and CO2	607.8012063395
METHANOGENESIS-PWY: methanogenesis from H2 and CO2|unclassified	470.3567913176
PWY-7383: anaerobic energy metabolism (invertebrates, cytosol)	597.5412794386
PWY-7383: anaerobic energy metabolism (invertebrates, cytosol)|unclassified	289.8626381836
PWY-724: superpathway of L-lysine, L-threonine and L-methionine biosynthesis II	594.5131306682
PWY-5030: L-histidine degradation III	592.8218437482
PWY-5030: L-histidine degradation III|g__Candidatus_Cloacimonas.s__Candidatus_Cloacimonas_acidaminovorans	390.9801742538
RIBOSYN2-PWY: flavin biosynthesis I (bacteria and plants)	589.3616575463
PWY-6606: guanosine nucleotides degradation II	587.6606891781
PWY-6606: guanosine nucleotides degradation II|g__Candidatus_Cloacimonas.s__Candidatus_Cloacimonas_acidaminovorans	384.8108481904
PWY-6606: guanosine nucleotides degradation II|unclassified	199.3609500022
PANTO-PWY: phosphopantothenate biosynthesis I	585.0414889945
PANTO-PWY: phosphopantothenate biosynthesis I|g__Candidatus_Cloacimonas.s__Candidatus_Cloacimonas_acidaminovorans	334.1107508316
PANTO-PWY: phosphopantothenate biosynthesis I|unclassified	164.0338321160
PENTOSE-P-PWY: pentose phosphate pathway	572.9856550135
PWY-7200: superpathway of pyrimidine deoxyribonucleoside salvage	547.1681416043
PWY-7200: superpathway of pyrimidine deoxyribonucleoside salvage|unclassified	128.3163967877
P164-PWY: purine nucleobases degradation I (anaerobic)	545.4512848247
P164-PWY: purine nucleobases degradation I (anaerobic)|unclassified	212.8305545461
NONMEVIPP-PWY: methylerythritol phosphate pathway I	542.1319391364
NONMEVIPP-PWY: methylerythritol phosphate pathway I|g__Candidatus_Cloacimonas.s__Candidatus_Cloacimonas_acidaminovorans	238.3035565011
NONMEVIPP-PWY: methylerythritol phosphate pathway I|unclassified	158.5036923206
PWY-7560: methylerythritol phosphate pathway II	523.4491341920
PWY-7560: methylerythritol phosphate pathway II|unclassified	141.8322891173
PWY-5121: superpathway of geranylgeranyl diphosphate biosynthesis II (via MEP)	515.9265576919
PWY-5121: superpathway of geranylgeranyl diphosphate biosynthesis II (via MEP)|unclassified	116.7162502843
1CMET2-PWY: folate transformations III (E. coli)	514.9167664489
1CMET2-PWY: folate transformations III (E. coli)|unclassified	112.4146439403
PWY-6270: isoprene biosynthesis I	506.5334962569
PWY-6270: isoprene biosynthesis I|unclassified	137.2101766873
PWY-5659: GDP-mannose biosynthesis	495.0778868559
PWY-5659: GDP-mannose biosynthesis|g__Candidatus_Cloacimonas.s__Candidatus_Cloacimonas_acidaminovorans	322.6172592947
PWY-5659: GDP-mannose biosynthesis|unclassified	64.5198321833
PWY-3001: superpathway of L-isoleucine biosynthesis I	492.6173583887
PWY-6703: preQ0 biosynthesis	487.7807966368
PWY-6703: preQ0 biosynthesis|g__Candidatus_Cloacimonas.s__Candidatus_Cloacimonas_acidaminovorans	330.1584470791
PWY-6703: preQ0 biosynthesis|unclassified	115.1153972954
PWY-5686: UMP biosynthesis I	485.3007793802
PWY-5686: UMP biosynthesis I|unclassified	141.8486015528
PWY-7790: UMP biosynthesis II	485.3007793802
PWY-7790: UMP biosynthesis II|unclassified	141.8486015528
PWY-7791: UMP biosynthesis III	485.3007793802
PWY-7791: UMP biosynthesis III|unclassified	186.6239649531
GLYCOGENSYNTH-PWY: glycogen biosynthesis I (from ADP-D-Glucose)	483.4567234294
GLYCOGENSYNTH-PWY: glycogen biosynthesis I (from ADP-D-Glucose)|unclassified	474.2964919340
DAPLYSINESYN-PWY: L-lysine biosynthesis I	482.4031439872
DAPLYSINESYN-PWY: L-lysine biosynthesis I|g__Candidatus_Cloacimonas.s__Candidatus_Cloacimonas_acidaminovorans	260.3897965849
PWY-8182: valproate &beta;-oxidation	474.7502414311
PWY-8182: valproate &beta;-oxidation|unclassified	205.3187245611
PWY-7977: L-methionine biosynthesis IV	462.5831603054
PWY-7977: L-methionine biosynthesis IV|unclassified	52.0500559811
PWY-1861: formaldehyde assimilation II (assimilatory RuMP Cycle)	452.3585197817
PWY-1861: formaldehyde assimilation II (assimilatory RuMP Cycle)|unclassified	260.8032100771
PWY4FS-7: phosphatidylglycerol biosynthesis I (plastidic)	443.8079850237
PWY4FS-7: phosphatidylglycerol biosynthesis I (plastidic)|g__Candidatus_Cloacimonas.s__Candidatus_Cloacimonas_acidaminovorans	128.2250156441
PWY4FS-8: phosphatidylglycerol biosynthesis II (non-plastidic)	443.8079850237
PWY4FS-8: phosphatidylglycerol biosynthesis II (non-plastidic)|g__Candidatus_Cloacimonas.s__Candidatus_Cloacimonas_acidaminovorans	128.2250156441
PWY-5130: 2-oxobutanoate degradation I	443.3571101410
NAGLIPASYN-PWY: lipid IVA biosynthesis (E. coli)	442.7068999609
NAGLIPASYN-PWY: lipid IVA biosynthesis (E. coli)|g__Candidatus_Cloacimonas.s__Candidatus_Cloacimonas_acidaminovorans	419.0494883810
PWY-8073: lipid IVA biosynthesis (P. putida)	442.7068999609
PWY-8073: lipid IVA biosynthesis (P. putida)|g__Candidatus_Cloacimonas.s__Candidatus_Cloacimonas_acidaminovorans	419.0494883810
BRANCHED-CHAIN-AA-SYN-PWY: superpathway of branched chain amino acid biosynthesis	428.5674554083
BRANCHED-CHAIN-AA-SYN-PWY: superpathway of branched chain amino acid biosynthesis|unclassified	192.7172496270
BRANCHED-CHAIN-AA-SYN-PWY: superpathway of branched chain amino acid biosynthesis|g__Methanothrix.s__Methanothrix_soehngenii	150.0187828535
PWY-7784: reductive acetyl coenzyme A pathway II (autotrophic methanogens)	412.5497467093
PWY-7784: reductive acetyl coenzyme A pathway II (autotrophic methanogens)|unclassified	377.7922008404
ARGININE-SYN4-PWY: L-ornithine biosynthesis II	412.4911999985
PWY-5667: CDP-diacylglycerol biosynthesis I	405.8308096713
PWY-5667: CDP-diacylglycerol biosynthesis I|g__Oenococcus.s__Oenococcus_oeni	159.7627966557
PWY-5667: CDP-diacylglycerol biosynthesis I|unclassified	126.5967565813
PWY-5667: CDP-diacylglycerol biosynthesis I|g__Candidatus_Cloacimonas.s__Candidatus_Cloacimonas_acidaminovorans	93.3506386201
PWY0-1319: CDP-diacylglycerol biosynthesis II	405.8308096713
PWY0-1319: CDP-diacylglycerol biosynthesis II|g__Oenococcus.s__Oenococcus_oeni	159.7627966557
PWY0-1319: CDP-diacylglycerol biosynthesis II|unclassified	126.5967565813
PWY0-1319: CDP-diacylglycerol biosynthesis II|g__Candidatus_Cloacimonas.s__Candidatus_Cloacimonas_acidaminovorans	93.3506386201
PWY-5497: purine nucleobases degradation II (anaerobic)	404.6409464142
PWY-5981: CDP-diacylglycerol biosynthesis III	397.6715582679
PWY-5981: CDP-diacylglycerol biosynthesis III|g__Oenococcus.s__Oenococcus_oeni	159.5202693196
P23-PWY: reductive TCA cycle I	397.2487111025
P23-PWY: reductive TCA cycle I|unclassified	204.9707604371
PWY-6700: queuosine biosynthesis I (de novo)	392.4078253020
PWY-6700: queuosine biosynthesis I (de novo)|g__Candidatus_Cloacimonas.s__Candidatus_Cloacimonas_acidaminovorans	181.5172447852
PWY-6700: queuosine biosynthesis I (de novo)|unclassified	142.1724785992
PWY0-1061: superpathway of L-alanine biosynthesis	388.0090720844
PWY0-1061: superpathway of L-alanine biosynthesis|unclassified	66.3754655797
PWY-7345: superpathway of anaerobic sucrose degradation	381.2639840810
PWY-7345: superpathway of anaerobic sucrose degradation|unclassified	275.2726329603
PWY-7115: C4 photosynthetic carbon assimilation cycle, NAD-ME type	376.6747190927
PWY-7115: C4 photosynthetic carbon assimilation cycle, NAD-ME type|unclassified	135.9198559447
VALSYN-PWY: L-valine biosynthesis	372.8172337471
VALSYN-PWY: L-valine biosynthesis|unclassified	227.4180205303
VALSYN-PWY: L-valine biosynthesis|g__Methanothrix.s__Methanothrix_soehngenii	137.5975830804
ILEUSYN-PWY: L-isoleucine biosynthesis I (from threonine)	367.5637928356
ILEUSYN-PWY: L-isoleucine biosynthesis I (from threonine)|unclassified	200.9839228589
ILEUSYN-PWY: L-isoleucine biosynthesis I (from threonine)|g__Methanothrix.s__Methanothrix_soehngenii	124.3269847703
PWY-5103: L-isoleucine biosynthesis III	340.6611639899
PWY-5103: L-isoleucine biosynthesis III|unclassified	174.1363023796
PWY-5103: L-isoleucine biosynthesis III|g__Methanothrix.s__Methanothrix_soehngenii	114.7828627817
PWY-7392: taxadiene biosynthesis (engineered)	308.8679192246
PWY-7392: taxadiene biosynthesis (engineered)|unclassified	96.5833378996
P41-PWY: pyruvate fermentation to acetate and (S)-lactate I	307.4939599440
P41-PWY: pyruvate fermentation to acetate and (S)-lactate I|unclassified	181.3989756339
PWY-6863: pyruvate fermentation to hexanol (engineered)	294.1446203881
PWY-6863: pyruvate fermentation to hexanol (engineered)|unclassified	293.3822160551
PWY-7111: pyruvate fermentation to isobutanol (engineered)	276.1727779898
PWY-7111: pyruvate fermentation to isobutanol (engineered)|unclassified	143.8197862401
PWY-6151: S-adenosyl-L-methionine salvage I	263.2023285849
PWY-6151: S-adenosyl-L-methionine salvage I|g__Oenococcus.s__Oenococcus_oeni	254.1657568164
POLYISOPRENSYN-PWY: polyisoprenoid biosynthesis (E. coli)	261.8627349055
POLYISOPRENSYN-PWY: polyisoprenoid biosynthesis (E. coli)|unclassified	103.5494391551
RHAMCAT-PWY: L-rhamnose degradation I	258.0469845092
RHAMCAT-PWY: L-rhamnose degradation I|unclassified	179.3719141212
PWY-7663: gondoate biosynthesis (anaerobic)	246.0735371047
PWY-7663: gondoate biosynthesis (anaerobic)|unclassified	220.6054452529
PWY0-1586: peptidoglycan maturation (meso-diaminopimelate containing)	245.0722589621
PWY0-1586: peptidoglycan maturation (meso-diaminopimelate containing)|unclassified	155.5803773987
PWY-7953: UDP-N-acetylmuramoyl-pentapeptide biosynthesis III (meso-diaminopimelate containing)	243.1132778676
PWY-5723: Rubisco shunt	220.6181745204
PWY-5723: Rubisco shunt|unclassified	171.1978417020
ARGSYNBSUB-PWY: L-arginine biosynthesis II (acetyl cycle)	218.7413771063
ARGSYNBSUB-PWY: L-arginine biosynthesis II (acetyl cycle)|unclassified	89.5631095349
ARGSYN-PWY: L-arginine biosynthesis I (via L-ornithine)	217.3019057587
ARGSYN-PWY: L-arginine biosynthesis I (via L-ornithine)|unclassified	82.1990629622
PWY-7400: L-arginine biosynthesis IV (archaebacteria)	208.3886178229
PWY-7234: inosine-5'-phosphate biosynthesis III	191.2977459418
PWY-7234: inosine-5'-phosphate biosynthesis III|unclassified	64.7032601578
PWY-7117: C4 photosynthetic carbon assimilation cycle, PEPCK type	191.0436574379
GLUTORN-PWY: L-ornithine biosynthesis I	184.8974279736
GLUTORN-PWY: L-ornithine biosynthesis I|unclassified	74.9491367374
PWY-7090: UDP-2,3-diacetamido-2,3-dideoxy-&alpha;-D-mannuronate biosynthesis	168.2015807978
PWY-7090: UDP-2,3-diacetamido-2,3-dideoxy-&alpha;-D-mannuronate biosynthesis|unclassified	168.2015807978
PWY-6859: all-trans-farnesol biosynthesis	159.5606044347
PWY-6859: all-trans-farnesol biosynthesis|unclassified	79.8679772901
PWY-6859: all-trans-farnesol biosynthesis|g__Methanothrix.s__Methanothrix_soehngenii	42.7443686943
PWY-6892: thiazole component of thiamine diphosphate biosynthesis I	159.5141939721
PWY-6892: thiazole component of thiamine diphosphate biosynthesis I|unclassified	68.4953126082
PWY-5154: L-arginine biosynthesis III (via N-acetyl-L-citrulline)	158.1477719606
PWY-7688: dTDP-&alpha;-D-ravidosamine and dTDP-4-acetyl-&alpha;-D-ravidosamine biosynthesis	153.3932537494
PWY-7688: dTDP-&alpha;-D-ravidosamine and dTDP-4-acetyl-&alpha;-D-ravidosamine biosynthesis|unclassified	126.1269069109
COLANSYN-PWY: colanic acid building blocks biosynthesis	153.1133975947
ASPASN-PWY: superpathway of L-aspartate and L-asparagine biosynthesis	147.0552628705
ASPASN-PWY: superpathway of L-aspartate and L-asparagine biosynthesis|unclassified	121.5536197389
PWY0-1479: tRNA processing	140.3800448158
PWY0-1479: tRNA processing|unclassified	130.6635389559
PWY-5028: L-histidine degradation II	135.5625833438
PWY-6749: CMP-legionaminate biosynthesis I	135.2214695060
PWY-6749: CMP-legionaminate biosynthesis I|unclassified	85.4433976423
PWY-6906: chitin derivatives degradation	131.9318154677
PWY-6906: chitin derivatives degradation|unclassified	114.0885434195
PWY-5104: L-isoleucine biosynthesis IV	129.7316278952
PWY-5104: L-isoleucine biosynthesis IV|unclassified	107.0611594734
PWY-6163: chorismate biosynthesis from 3-dehydroquinate	127.5440720916
PWY-6163: chorismate biosynthesis from 3-dehydroquinate|unclassified	62.2429582177
PWY-5101: L-isoleucine biosynthesis II	120.8128650501
PWY-5101: L-isoleucine biosynthesis II|unclassified	102.5370737956
HISTSYN-PWY: L-histidine biosynthesis	119.1121618307
PWY-5188: tetrapyrrole biosynthesis I (from glutamate)	117.5723822650
PWY-6823: molybdopterin biosynthesis	117.2026964410
PWY-6902: chitin degradation II (Vibrio)	113.8154024770
PWY-6902: chitin degradation II (Vibrio)|unclassified	103.6682596176
PWY-6349: CDP-archaeol biosynthesis	111.7419617023
PWY-6349: CDP-archaeol biosynthesis|g__Methanothrix.s__Methanothrix_soehngenii	84.9779753592
PWY-7820: teichuronic acid biosynthesis (B. subtilis 168)	102.5307351904
PWY-241: C4 photosynthetic carbon assimilation cycle, NADP-ME type	101.4035020117
COMPLETE-ARO-PWY: superpathway of aromatic amino acid biosynthesis	100.4767344529
PWY-621: sucrose degradation III (sucrose invertase)	95.0808678231
ARO-PWY: chorismate biosynthesis I	93.7246305743
ARO-PWY: chorismate biosynthesis I|unclassified	61.0039386670
PWY-6583: pyruvate fermentation to butanol I	88.0371900869
PWY-6583: pyruvate fermentation to butanol I|unclassified	87.9628844432
PWY-6969: TCA cycle V (2-oxoglutarate synthase)	84.4481446251
DENITRIFICATION-PWY: nitrate reduction I (denitrification)	83.6415217496
DENITRIFICATION-PWY: nitrate reduction I (denitrification)|unclassified	83.6415217496
PWY-5675: nitrate reduction V (assimilatory)	70.5297764312
PWY-5675: nitrate reduction V (assimilatory)|unclassified	69.5334810260
PWY-6165: chorismate biosynthesis II (archaea)	70.5219221658
PWY-6165: chorismate biosynthesis II (archaea)|unclassified	46.7929957150
PWY0-1477: ethanolamine utilization	67.0075557342
PWY0-1477: ethanolamine utilization|unclassified	61.3782515844
PWY-7731: superpathway of photosynthetic hydrogen production	62.7786293647
PWY-6507: 4-deoxy-L-threo-hex-4-enopyranuronate degradation	60.4377027233
PWY-6507: 4-deoxy-L-threo-hex-4-enopyranuronate degradation|unclassified	57.9394853201
PWY-7242: D-fructuronate degradation	52.6204074432
PWY-6630: superpathway of L-tyrosine biosynthesis	50.4503742569
PWY-6160: 3-dehydroquinate biosynthesis II (archaea)	46.1709243119
PWY-6160: 3-dehydroquinate biosynthesis II (archaea)|unclassified	33.7711228431
PWY-101: photosynthesis light reactions	42.9547525284
LACTOSECAT-PWY: lactose and galactose degradation I	37.6978649049
PWY-7315: dTDP-N-acetylthomosamine biosynthesis	34.9044154568
PWY-7315: dTDP-N-acetylthomosamine biosynthesis|unclassified	33.2679050468
PWY-3781: aerobic respiration I (cytochrome c)	21.4927197970