# Pathway	P21158_79_S10_Abundance
UNMAPPED	0.578976
UNINTEGRATED	0.41389
UNINTEGRATED|unclassified	0.320164
UNINTEGRATED|g__Oenococcus.s__Oenococcus_oeni	0.021423
UNINTEGRATED|g__Candidatus_Cloacimonas.s__Candidatus_Cloacimonas_acidaminovorans	0.0203543
UNINTEGRATED|g__Cutibacterium.s__Cutibacterium_acnes	0.00732995
UNINTEGRATED|g__Methanothrix.s__Methanothrix_soehngenii	0.00446624
DTDPRHAMSYN-PWY: dTDP-&beta;-L-rhamnose biosynthesis	0.000403065
DTDPRHAMSYN-PWY: dTDP-&beta;-L-rhamnose biosynthesis|g__Oenococcus.s__Oenococcus_oeni	0.000361171
DTDPRHAMSYN-PWY: dTDP-&beta;-L-rhamnose biosynthesis|unclassified	1.09708e-05
DTDPRHAMSYN-PWY: dTDP-&beta;-L-rhamnose biosynthesis|g__Methanothrix.s__Methanothrix_soehngenii	1.721e-06
SER-GLYSYN-PWY: superpathway of L-serine and glycine biosynthesis I	0.000343918
SER-GLYSYN-PWY: superpathway of L-serine and glycine biosynthesis I|g__Candidatus_Cloacimonas.s__Candidatus_Cloacimonas_acidaminovorans	0.000117308
SER-GLYSYN-PWY: superpathway of L-serine and glycine biosynthesis I|unclassified	9.36303e-05
METH-ACETATE-PWY: methanogenesis from acetate	0.000252845
METH-ACETATE-PWY: methanogenesis from acetate|unclassified	9.76392e-05
PWY-6609: adenine and adenosine salvage III	0.000169775
PWY-6609: adenine and adenosine salvage III|g__Candidatus_Cloacimonas.s__Candidatus_Cloacimonas_acidaminovorans	4.4401e-05
PWY-6609: adenine and adenosine salvage III|unclassified	1.90471e-05
PWY-6609: adenine and adenosine salvage III|g__Cutibacterium.s__Cutibacterium_acnes	1.11461e-06
PWY-6588: pyruvate fermentation to acetone	0.000159125
PWY-6588: pyruvate fermentation to acetone|unclassified	2.1969e-05
PWY66-429: fatty acid biosynthesis initiation (mitochondria)	0.000156092
PWY66-429: fatty acid biosynthesis initiation (mitochondria)|g__Oenococcus.s__Oenococcus_oeni	9.8586e-05
PWY66-429: fatty acid biosynthesis initiation (mitochondria)|unclassified	9.95719e-06
PWY-5100: pyruvate fermentation to acetate and lactate II	0.000140991
PWY-5100: pyruvate fermentation to acetate and lactate II|unclassified	9.66884e-05
PWY-7220: adenosine deoxyribonucleotides de novo biosynthesis II	0.000119751
PWY-7220: adenosine deoxyribonucleotides de novo biosynthesis II|unclassified	2.44666e-05
PWY-7220: adenosine deoxyribonucleotides de novo biosynthesis II|g__Candidatus_Cloacimonas.s__Candidatus_Cloacimonas_acidaminovorans	1.59566e-05
PWY-7222: guanosine deoxyribonucleotides de novo biosynthesis II	0.000119751
PWY-7222: guanosine deoxyribonucleotides de novo biosynthesis II|unclassified	2.44666e-05
PWY-7222: guanosine deoxyribonucleotides de novo biosynthesis II|g__Candidatus_Cloacimonas.s__Candidatus_Cloacimonas_acidaminovorans	1.59566e-05
ANAGLYCOLYSIS-PWY: glycolysis III (from glucose)	0.000115392
ANAGLYCOLYSIS-PWY: glycolysis III (from glucose)|unclassified	3.48596e-05
PWY-5695: inosine 5'-phosphate degradation	0.000109201
PWY-5695: inosine 5'-phosphate degradation|g__Candidatus_Cloacimonas.s__Candidatus_Cloacimonas_acidaminovorans	7.24776e-05
PWY-5695: inosine 5'-phosphate degradation|unclassified	3.40477e-05
PWY-6608: guanosine nucleotides degradation III	0.000109201
PWY-6608: guanosine nucleotides degradation III|g__Candidatus_Cloacimonas.s__Candidatus_Cloacimonas_acidaminovorans	7.24776e-05
PWY-6608: guanosine nucleotides degradation III|unclassified	3.40477e-05
PWY-5384: sucrose degradation IV (sucrose phosphorylase)	0.00010257
PWY-5384: sucrose degradation IV (sucrose phosphorylase)|unclassified	4.26148e-06
PWY-1042: glycolysis IV	0.000102021
PWY-1042: glycolysis IV|unclassified	4.97791e-05
PWY-1042: glycolysis IV|g__Candidatus_Cloacimonas.s__Candidatus_Cloacimonas_acidaminovorans	3.96831e-05
SALVADEHYPOX-PWY: adenosine nucleotides degradation II	0.000100321
SALVADEHYPOX-PWY: adenosine nucleotides degradation II|g__Candidatus_Cloacimonas.s__Candidatus_Cloacimonas_acidaminovorans	6.59553e-05
SALVADEHYPOX-PWY: adenosine nucleotides degradation II|unclassified	3.24157e-05
PWY-7208: superpathway of pyrimidine nucleobases salvage	9.93091e-05
PWY-7208: superpathway of pyrimidine nucleobases salvage|g__Candidatus_Cloacimonas.s__Candidatus_Cloacimonas_acidaminovorans	2.6784e-05
PWY-7208: superpathway of pyrimidine nucleobases salvage|unclassified	1.31551e-05
PWY-6126: superpathway of adenosine nucleotides de novo biosynthesis II	9.92671e-05
PWY-6126: superpathway of adenosine nucleotides de novo biosynthesis II|unclassified	1.78665e-05
PWY-7229: superpathway of adenosine nucleotides de novo biosynthesis I	9.79072e-05
PWY-7229: superpathway of adenosine nucleotides de novo biosynthesis I|unclassified	1.77538e-05
PWY-7197: pyrimidine deoxyribonucleotide phosphorylation	9.11951e-05
PWY-7197: pyrimidine deoxyribonucleotide phosphorylation|unclassified	3.91979e-05
PWY-7197: pyrimidine deoxyribonucleotide phosphorylation|g__Candidatus_Cloacimonas.s__Candidatus_Cloacimonas_acidaminovorans	1.26877e-05
PWY-7197: pyrimidine deoxyribonucleotide phosphorylation|g__Methanothrix.s__Methanothrix_soehngenii	3.03076e-06
GLYCOLYSIS: glycolysis I (from glucose 6-phosphate)	9.07794e-05
GLYCOLYSIS: glycolysis I (from glucose 6-phosphate)|unclassified	2.99567e-05
PWY-7237: myo-, chiro- and scyllo-inositol degradation	9.07422e-05
PWY-7237: myo-, chiro- and scyllo-inositol degradation|unclassified	1.15219e-05
PWY-7228: superpathway of guanosine nucleotides de novo biosynthesis I	8.62313e-05
PWY-7228: superpathway of guanosine nucleotides de novo biosynthesis I|unclassified	2.93878e-05
PWY-7228: superpathway of guanosine nucleotides de novo biosynthesis I|g__Candidatus_Cloacimonas.s__Candidatus_Cloacimonas_acidaminovorans	1.94474e-05
P108-PWY: pyruvate fermentation to propanoate I	8.42704e-05
P108-PWY: pyruvate fermentation to propanoate I|unclassified	5.49947e-05
PWY-6590: superpathway of Clostridium acetobutylicum acidogenic fermentation	8.19329e-05
PWY-6590: superpathway of Clostridium acetobutylicum acidogenic fermentation|unclassified	3.01103e-05
GLUCONEO-PWY: gluconeogenesis I	7.80499e-05
GLUCONEO-PWY: gluconeogenesis I|unclassified	3.80099e-05
TRNA-CHARGING-PWY: tRNA charging	7.68013e-05
TRNA-CHARGING-PWY: tRNA charging|g__Candidatus_Cloacimonas.s__Candidatus_Cloacimonas_acidaminovorans	2.51396e-05
TRNA-CHARGING-PWY: tRNA charging|unclassified	1.62563e-05
PWY-7221: guanosine ribonucleotides de novo biosynthesis	7.44012e-05
PWY-7221: guanosine ribonucleotides de novo biosynthesis|unclassified	3.35206e-05
PWY-7221: guanosine ribonucleotides de novo biosynthesis|g__Candidatus_Cloacimonas.s__Candidatus_Cloacimonas_acidaminovorans	2.21108e-05
PWY-7221: guanosine ribonucleotides de novo biosynthesis|g__Oenococcus.s__Oenococcus_oeni	1.24783e-05
PWY-5484: glycolysis II (from fructose 6-phosphate)	7.20189e-05
PWY-5484: glycolysis II (from fructose 6-phosphate)|unclassified	2.86488e-05
PWY-6125: superpathway of guanosine nucleotides de novo biosynthesis II	7.20158e-05
PWY-6125: superpathway of guanosine nucleotides de novo biosynthesis II|g__Candidatus_Cloacimonas.s__Candidatus_Cloacimonas_acidaminovorans	1.63132e-05
PWY-6125: superpathway of guanosine nucleotides de novo biosynthesis II|unclassified	1.12485e-05
CENTFERM-PWY: pyruvate fermentation to butanoate	7.11008e-05
CENTFERM-PWY: pyruvate fermentation to butanoate|unclassified	2.47456e-05
COA-PWY: coenzyme A biosynthesis I (prokaryotic)	6.66502e-05
COA-PWY: coenzyme A biosynthesis I (prokaryotic)|g__Candidatus_Cloacimonas.s__Candidatus_Cloacimonas_acidaminovorans	3.57179e-05
COA-PWY: coenzyme A biosynthesis I (prokaryotic)|unclassified	1.51412e-05
COA-PWY: coenzyme A biosynthesis I (prokaryotic)|g__Oenococcus.s__Oenococcus_oeni	1.40755e-05
PWY-7851: coenzyme A biosynthesis II (eukaryotic)	6.49446e-05
PWY-7851: coenzyme A biosynthesis II (eukaryotic)|g__Oenococcus.s__Oenococcus_oeni	1.40755e-05
PWY-7851: coenzyme A biosynthesis II (eukaryotic)|unclassified	1.0422e-05
PWY-7851: coenzyme A biosynthesis II (eukaryotic)|g__Candidatus_Cloacimonas.s__Candidatus_Cloacimonas_acidaminovorans	8.88773e-06
PWY-1269: CMP-3-deoxy-D-manno-octulosonate biosynthesis	6.29028e-05
PWY-1269: CMP-3-deoxy-D-manno-octulosonate biosynthesis|g__Candidatus_Cloacimonas.s__Candidatus_Cloacimonas_acidaminovorans	5.21107e-05
PWY-1269: CMP-3-deoxy-D-manno-octulosonate biosynthesis|unclassified	8.08871e-06
PWY-8187: L-arginine degradation XIII (reductive Stickland reaction)	5.91837e-05
PWY-8187: L-arginine degradation XIII (reductive Stickland reaction)|unclassified	2.0409e-05
P42-PWY: incomplete reductive TCA cycle	5.79191e-05
P42-PWY: incomplete reductive TCA cycle|unclassified	3.92957e-05
UDPNAGSYN-PWY: UDP-N-acetyl-D-glucosamine biosynthesis I	5.78576e-05
UDPNAGSYN-PWY: UDP-N-acetyl-D-glucosamine biosynthesis I|g__Candidatus_Cloacimonas.s__Candidatus_Cloacimonas_acidaminovorans	2.11834e-05
UDPNAGSYN-PWY: UDP-N-acetyl-D-glucosamine biosynthesis I|unclassified	5.10224e-06
UDPNAGSYN-PWY: UDP-N-acetyl-D-glucosamine biosynthesis I|g__Cutibacterium.s__Cutibacterium_acnes	1.62234e-06
PWY-841: superpathway of purine nucleotides de novo biosynthesis I	5.63697e-05
PWY-841: superpathway of purine nucleotides de novo biosynthesis I|g__Candidatus_Cloacimonas.s__Candidatus_Cloacimonas_acidaminovorans	1.67071e-05
PWY-841: superpathway of purine nucleotides de novo biosynthesis I|unclassified	7.92312e-06
PWY-6317: D-galactose degradation I (Leloir pathway)	5.57126e-05
PWY-6317: D-galactose degradation I (Leloir pathway)|unclassified	1.06864e-05
PWY-3841: folate transformations II (plants)	5.45373e-05
PWY-3841: folate transformations II (plants)|unclassified	2.4677e-05
PWY-3841: folate transformations II (plants)|g__Oenococcus.s__Oenococcus_oeni	1.60256e-05
PWY-8178: pentose phosphate pathway (non-oxidative branch) II	5.43476e-05
PWY-8178: pentose phosphate pathway (non-oxidative branch) II|g__Candidatus_Cloacimonas.s__Candidatus_Cloacimonas_acidaminovorans	3.05002e-05
PWY-8178: pentose phosphate pathway (non-oxidative branch) II|unclassified	1.45759e-05
CITRULBIO-PWY: L-citrulline biosynthesis	5.3513e-05
PWY66-399: gluconeogenesis III	5.29262e-05
PWY66-399: gluconeogenesis III|unclassified	2.81489e-05
PWY-6353: purine nucleotides degradation II (aerobic)	5.25178e-05
PWY-6353: purine nucleotides degradation II (aerobic)|g__Candidatus_Cloacimonas.s__Candidatus_Cloacimonas_acidaminovorans	3.15934e-05
PWY-6353: purine nucleotides degradation II (aerobic)|unclassified	1.75288e-05
PWY-6122: 5-aminoimidazole ribonucleotide biosynthesis II	5.20017e-05
PWY-6122: 5-aminoimidazole ribonucleotide biosynthesis II|g__Candidatus_Cloacimonas.s__Candidatus_Cloacimonas_acidaminovorans	3.25054e-05
PWY-6122: 5-aminoimidazole ribonucleotide biosynthesis II|unclassified	1.01075e-05
PWY-6122: 5-aminoimidazole ribonucleotide biosynthesis II|g__Methanothrix.s__Methanothrix_soehngenii	4.68826e-06
PWY-6277: superpathway of 5-aminoimidazole ribonucleotide biosynthesis	5.20017e-05
PWY-6277: superpathway of 5-aminoimidazole ribonucleotide biosynthesis|g__Candidatus_Cloacimonas.s__Candidatus_Cloacimonas_acidaminovorans	3.25054e-05
PWY-6277: superpathway of 5-aminoimidazole ribonucleotide biosynthesis|unclassified	1.01075e-05
PWY-6277: superpathway of 5-aminoimidazole ribonucleotide biosynthesis|g__Methanothrix.s__Methanothrix_soehngenii	4.68826e-06
PWY-6309: L-tryptophan degradation XI (mammalian, via kynurenine)	5.04768e-05
PWY-6309: L-tryptophan degradation XI (mammalian, via kynurenine)|g__Candidatus_Cloacimonas.s__Candidatus_Cloacimonas_acidaminovorans	5.04768e-05
PWY-7328: superpathway of UDP-glucose-derived O-antigen building blocks biosynthesis	5.00544e-05
PWY-6123: inosine-5'-phosphate biosynthesis I	4.90525e-05
PWY-6123: inosine-5'-phosphate biosynthesis I|g__Candidatus_Cloacimonas.s__Candidatus_Cloacimonas_acidaminovorans	2.08299e-05
PWY-6123: inosine-5'-phosphate biosynthesis I|unclassified	3.65892e-06
OANTIGEN-PWY: O-antigen building blocks biosynthesis (E. coli)	4.8764e-05
OANTIGEN-PWY: O-antigen building blocks biosynthesis (E. coli)|unclassified	3.34688e-06
PWY-7199: pyrimidine deoxyribonucleosides salvage	4.85832e-05
PWY-7199: pyrimidine deoxyribonucleosides salvage|g__Oenococcus.s__Oenococcus_oeni	1.43976e-05
PWY-7199: pyrimidine deoxyribonucleosides salvage|unclassified	6.92008e-06
PWY-7199: pyrimidine deoxyribonucleosides salvage|g__Cutibacterium.s__Cutibacterium_acnes	1.37595e-06
PWY66-409: superpathway of purine nucleotide salvage	4.80023e-05
PWY-6121: 5-aminoimidazole ribonucleotide biosynthesis I	4.73611e-05
PWY-6121: 5-aminoimidazole ribonucleotide biosynthesis I|g__Candidatus_Cloacimonas.s__Candidatus_Cloacimonas_acidaminovorans	2.33689e-05
PWY-6121: 5-aminoimidazole ribonucleotide biosynthesis I|unclassified	9.82384e-06
PWY-6121: 5-aminoimidazole ribonucleotide biosynthesis I|g__Methanothrix.s__Methanothrix_soehngenii	4.35648e-06
PWY-6124: inosine-5'-phosphate biosynthesis II	4.54736e-05
PWY-6124: inosine-5'-phosphate biosynthesis II|g__Candidatus_Cloacimonas.s__Candidatus_Cloacimonas_acidaminovorans	1.82037e-05
PWY-6124: inosine-5'-phosphate biosynthesis II|g__Oenococcus.s__Oenococcus_oeni	4.22452e-06
PWY-6124: inosine-5'-phosphate biosynthesis II|g__Methanothrix.s__Methanothrix_soehngenii	3.83247e-06
PWY-6124: inosine-5'-phosphate biosynthesis II|unclassified	3.38606e-06
P163-PWY: L-lysine fermentation to acetate and butanoate	4.30547e-05
P163-PWY: L-lysine fermentation to acetate and butanoate|g__Candidatus_Cloacimonas.s__Candidatus_Cloacimonas_acidaminovorans	2.4739e-05
P163-PWY: L-lysine fermentation to acetate and butanoate|unclassified	5.18294e-06
PWY-5941: glycogen degradation II	4.15621e-05
PWY-5941: glycogen degradation II|unclassified	2.18071e-05
PEPTIDOGLYCANSYN-PWY: peptidoglycan biosynthesis I (meso-diaminopimelate containing)	4.11947e-05
PEPTIDOGLYCANSYN-PWY: peptidoglycan biosynthesis I (meso-diaminopimelate containing)|g__Oenococcus.s__Oenococcus_oeni	2.80314e-05
PEPTIDOGLYCANSYN-PWY: peptidoglycan biosynthesis I (meso-diaminopimelate containing)|g__Candidatus_Cloacimonas.s__Candidatus_Cloacimonas_acidaminovorans	4.97455e-06
PWY-6385: peptidoglycan biosynthesis III (mycobacteria)	3.93932e-05
PWY-6385: peptidoglycan biosynthesis III (mycobacteria)|g__Candidatus_Cloacimonas.s__Candidatus_Cloacimonas_acidaminovorans	4.99195e-06
ANAEROFRUCAT-PWY: homolactic fermentation	3.91798e-05
ANAEROFRUCAT-PWY: homolactic fermentation|unclassified	1.46367e-05
PWY-7238: sucrose biosynthesis II	3.90097e-05
PWY-7238: sucrose biosynthesis II|g__Candidatus_Cloacimonas.s__Candidatus_Cloacimonas_acidaminovorans	1.87827e-05
PWY-7238: sucrose biosynthesis II|unclassified	1.84479e-05
NONOXIPENT-PWY: pentose phosphate pathway (non-oxidative branch) I	3.84571e-05
NONOXIPENT-PWY: pentose phosphate pathway (non-oxidative branch) I|g__Candidatus_Cloacimonas.s__Candidatus_Cloacimonas_acidaminovorans	2.31965e-05
NONOXIPENT-PWY: pentose phosphate pathway (non-oxidative branch) I|unclassified	1.07447e-05
COA-PWY-1: superpathway of coenzyme A biosynthesis III (mammals)	3.7167e-05
COA-PWY-1: superpathway of coenzyme A biosynthesis III (mammals)|g__Candidatus_Cloacimonas.s__Candidatus_Cloacimonas_acidaminovorans	9.75819e-06
COA-PWY-1: superpathway of coenzyme A biosynthesis III (mammals)|unclassified	7.44349e-06
PWY-6387: UDP-N-acetylmuramoyl-pentapeptide biosynthesis I (meso-diaminopimelate containing)	3.642e-05
PWY-6387: UDP-N-acetylmuramoyl-pentapeptide biosynthesis I (meso-diaminopimelate containing)|g__Oenococcus.s__Oenococcus_oeni	2.51452e-05
PWY-6387: UDP-N-acetylmuramoyl-pentapeptide biosynthesis I (meso-diaminopimelate containing)|g__Candidatus_Cloacimonas.s__Candidatus_Cloacimonas_acidaminovorans	4.90584e-06
PWY-6386: UDP-N-acetylmuramoyl-pentapeptide biosynthesis II (lysine-containing)	3.58769e-05
PWY-6386: UDP-N-acetylmuramoyl-pentapeptide biosynthesis II (lysine-containing)|g__Oenococcus.s__Oenococcus_oeni	2.43655e-05
PWY-6386: UDP-N-acetylmuramoyl-pentapeptide biosynthesis II (lysine-containing)|g__Candidatus_Cloacimonas.s__Candidatus_Cloacimonas_acidaminovorans	5.51387e-06
PANTOSYN-PWY: superpathway of coenzyme A biosynthesis I (bacteria)	3.48562e-05
PANTOSYN-PWY: superpathway of coenzyme A biosynthesis I (bacteria)|g__Candidatus_Cloacimonas.s__Candidatus_Cloacimonas_acidaminovorans	1.05432e-05
PANTOSYN-PWY: superpathway of coenzyme A biosynthesis I (bacteria)|unclassified	9.79244e-06
PYRIDNUCSYN-PWY: NAD de novo biosynthesis I (from aspartate)	3.44975e-05
PYRIDNUCSYN-PWY: NAD de novo biosynthesis I (from aspartate)|unclassified	4.90586e-06
CALVIN-PWY: Calvin-Benson-Bassham cycle	3.3668e-05
CALVIN-PWY: Calvin-Benson-Bassham cycle|unclassified	1.32869e-05
FERMENTATION-PWY: mixed acid fermentation	3.33712e-05
HISDEG-PWY: L-histidine degradation I	3.16847e-05
HISDEG-PWY: L-histidine degradation I|unclassified	1.47941e-05
HISDEG-PWY: L-histidine degradation I|g__Candidatus_Cloacimonas.s__Candidatus_Cloacimonas_acidaminovorans	1.40473e-05
PWY-2941: L-lysine biosynthesis II	3.16725e-05
PWY-2941: L-lysine biosynthesis II|unclassified	2.92399e-06
THRESYN-PWY: superpathway of L-threonine biosynthesis	3.13318e-05
THRESYN-PWY: superpathway of L-threonine biosynthesis|unclassified	3.1087e-06
PWY-6147: 6-hydroxymethyl-dihydropterin diphosphate biosynthesis I	3.11538e-05
PWY-6147: 6-hydroxymethyl-dihydropterin diphosphate biosynthesis I|g__Candidatus_Cloacimonas.s__Candidatus_Cloacimonas_acidaminovorans	2.06657e-05
PWY-6147: 6-hydroxymethyl-dihydropterin diphosphate biosynthesis I|unclassified	7.92318e-06
PWY0-1296: purine ribonucleosides degradation	2.97419e-05
PWY0-1296: purine ribonucleosides degradation|g__Candidatus_Cloacimonas.s__Candidatus_Cloacimonas_acidaminovorans	1.85538e-05
PWY0-1296: purine ribonucleosides degradation|g__Cutibacterium.s__Cutibacterium_acnes	1.21214e-06
PWY-5136: fatty acid &beta;-oxidation II (plant peroxisome)	2.9093e-05
PWY-5136: fatty acid &beta;-oxidation II (plant peroxisome)|unclassified	2.89686e-05
PWY-6731: starch degradation III	2.89744e-05
PWY-6731: starch degradation III|unclassified	1.84237e-05
PWY-5097: L-lysine biosynthesis VI	2.87052e-05
PWY-5097: L-lysine biosynthesis VI|g__Candidatus_Cloacimonas.s__Candidatus_Cloacimonas_acidaminovorans	1.20116e-05
PWY-5097: L-lysine biosynthesis VI|g__Methanothrix.s__Methanothrix_soehngenii	2.89072e-06
PWY-5209: methyl-coenzyme M oxidation to CO2	2.8405e-05
PWY-5209: methyl-coenzyme M oxidation to CO2|unclassified	2.09239e-05
PWY-5209: methyl-coenzyme M oxidation to CO2|g__Methanothrix.s__Methanothrix_soehngenii	6.74729e-06
METHANOGENESIS-PWY: methanogenesis from H2 and CO2	2.6896e-05
METHANOGENESIS-PWY: methanogenesis from H2 and CO2|unclassified	2.08139e-05
PWY-7383: anaerobic energy metabolism (invertebrates, cytosol)	2.64419e-05
PWY-7383: anaerobic energy metabolism (invertebrates, cytosol)|unclassified	1.28268e-05
PWY-724: superpathway of L-lysine, L-threonine and L-methionine biosynthesis II	2.63079e-05
PWY-5030: L-histidine degradation III	2.62331e-05
PWY-5030: L-histidine degradation III|g__Candidatus_Cloacimonas.s__Candidatus_Cloacimonas_acidaminovorans	1.73014e-05
RIBOSYN2-PWY: flavin biosynthesis I (bacteria and plants)	2.608e-05
PWY-6606: guanosine nucleotides degradation II	2.60047e-05
PWY-6606: guanosine nucleotides degradation II|g__Candidatus_Cloacimonas.s__Candidatus_Cloacimonas_acidaminovorans	1.70284e-05
PWY-6606: guanosine nucleotides degradation II|unclassified	8.82197e-06
PANTO-PWY: phosphopantothenate biosynthesis I	2.58888e-05
PANTO-PWY: phosphopantothenate biosynthesis I|g__Candidatus_Cloacimonas.s__Candidatus_Cloacimonas_acidaminovorans	1.47848e-05
PANTO-PWY: phosphopantothenate biosynthesis I|unclassified	7.2587e-06
PENTOSE-P-PWY: pentose phosphate pathway	2.53553e-05
PWY-7200: superpathway of pyrimidine deoxyribonucleoside salvage	2.42129e-05
PWY-7200: superpathway of pyrimidine deoxyribonucleoside salvage|unclassified	5.67816e-06
P164-PWY: purine nucleobases degradation I (anaerobic)	2.41369e-05
P164-PWY: purine nucleobases degradation I (anaerobic)|unclassified	9.41802e-06
NONMEVIPP-PWY: methylerythritol phosphate pathway I	2.399e-05
NONMEVIPP-PWY: methylerythritol phosphate pathway I|g__Candidatus_Cloacimonas.s__Candidatus_Cloacimonas_acidaminovorans	1.05452e-05
NONMEVIPP-PWY: methylerythritol phosphate pathway I|unclassified	7.01398e-06
PWY-7560: methylerythritol phosphate pathway II	2.31633e-05
PWY-7560: methylerythritol phosphate pathway II|unclassified	6.27625e-06
PWY-5121: superpathway of geranylgeranyl diphosphate biosynthesis II (via MEP)	2.28304e-05
PWY-5121: superpathway of geranylgeranyl diphosphate biosynthesis II (via MEP)|unclassified	5.16484e-06
1CMET2-PWY: folate transformations III (E. coli)	2.27857e-05
1CMET2-PWY: folate transformations III (E. coli)|unclassified	4.97449e-06
PWY-6270: isoprene biosynthesis I	2.24147e-05
PWY-6270: isoprene biosynthesis I|unclassified	6.07172e-06
PWY-5659: GDP-mannose biosynthesis	2.19078e-05
PWY-5659: GDP-mannose biosynthesis|g__Candidatus_Cloacimonas.s__Candidatus_Cloacimonas_acidaminovorans	1.42762e-05
PWY-5659: GDP-mannose biosynthesis|unclassified	2.85508e-06
PWY-3001: superpathway of L-isoleucine biosynthesis I	2.17989e-05
PWY-6703: preQ0 biosynthesis	2.15849e-05
PWY-6703: preQ0 biosynthesis|g__Candidatus_Cloacimonas.s__Candidatus_Cloacimonas_acidaminovorans	1.46099e-05
PWY-6703: preQ0 biosynthesis|unclassified	5.094e-06
PWY-5686: UMP biosynthesis I	2.14752e-05
PWY-5686: UMP biosynthesis I|unclassified	6.27698e-06
PWY-7790: UMP biosynthesis II	2.14752e-05
PWY-7790: UMP biosynthesis II|unclassified	6.27698e-06
PWY-7791: UMP biosynthesis III	2.14752e-05
PWY-7791: UMP biosynthesis III|unclassified	8.25834e-06
GLYCOGENSYNTH-PWY: glycogen biosynthesis I (from ADP-D-Glucose)	2.13936e-05
GLYCOGENSYNTH-PWY: glycogen biosynthesis I (from ADP-D-Glucose)|unclassified	2.09882e-05
DAPLYSINESYN-PWY: L-lysine biosynthesis I	2.13469e-05
DAPLYSINESYN-PWY: L-lysine biosynthesis I|g__Candidatus_Cloacimonas.s__Candidatus_Cloacimonas_acidaminovorans	1.15226e-05
PWY-8182: valproate &beta;-oxidation	2.10083e-05
PWY-8182: valproate &beta;-oxidation|unclassified	9.08561e-06
PWY-7977: L-methionine biosynthesis IV	2.04699e-05
PWY-7977: L-methionine biosynthesis IV|unclassified	2.30328e-06
PWY-1861: formaldehyde assimilation II (assimilatory RuMP Cycle)	2.00174e-05
PWY-1861: formaldehyde assimilation II (assimilatory RuMP Cycle)|unclassified	1.15409e-05
PWY4FS-7: phosphatidylglycerol biosynthesis I (plastidic)	1.96391e-05
PWY4FS-7: phosphatidylglycerol biosynthesis I (plastidic)|g__Candidatus_Cloacimonas.s__Candidatus_Cloacimonas_acidaminovorans	5.67412e-06
PWY4FS-8: phosphatidylglycerol biosynthesis II (non-plastidic)	1.96391e-05
PWY4FS-8: phosphatidylglycerol biosynthesis II (non-plastidic)|g__Candidatus_Cloacimonas.s__Candidatus_Cloacimonas_acidaminovorans	5.67412e-06
PWY-5130: 2-oxobutanoate degradation I	1.96191e-05
NAGLIPASYN-PWY: lipid IVA biosynthesis (E. coli)	1.95903e-05
NAGLIPASYN-PWY: lipid IVA biosynthesis (E. coli)|g__Candidatus_Cloacimonas.s__Candidatus_Cloacimonas_acidaminovorans	1.85435e-05
PWY-8073: lipid IVA biosynthesis (P. putida)	1.95903e-05
PWY-8073: lipid IVA biosynthesis (P. putida)|g__Candidatus_Cloacimonas.s__Candidatus_Cloacimonas_acidaminovorans	1.85435e-05
BRANCHED-CHAIN-AA-SYN-PWY: superpathway of branched chain amino acid biosynthesis	1.89646e-05
BRANCHED-CHAIN-AA-SYN-PWY: superpathway of branched chain amino acid biosynthesis|unclassified	8.52798e-06
BRANCHED-CHAIN-AA-SYN-PWY: superpathway of branched chain amino acid biosynthesis|g__Methanothrix.s__Methanothrix_soehngenii	6.63852e-06
PWY-7784: reductive acetyl coenzyme A pathway II (autotrophic methanogens)	1.82558e-05
PWY-7784: reductive acetyl coenzyme A pathway II (autotrophic methanogens)|unclassified	1.67178e-05
ARGININE-SYN4-PWY: L-ornithine biosynthesis II	1.82532e-05
PWY-5667: CDP-diacylglycerol biosynthesis I	1.79585e-05
PWY-5667: CDP-diacylglycerol biosynthesis I|g__Oenococcus.s__Oenococcus_oeni	7.0697e-06
PWY-5667: CDP-diacylglycerol biosynthesis I|unclassified	5.60206e-06
PWY-5667: CDP-diacylglycerol biosynthesis I|g__Candidatus_Cloacimonas.s__Candidatus_Cloacimonas_acidaminovorans	4.13088e-06
PWY0-1319: CDP-diacylglycerol biosynthesis II	1.79585e-05
PWY0-1319: CDP-diacylglycerol biosynthesis II|g__Oenococcus.s__Oenococcus_oeni	7.0697e-06
PWY0-1319: CDP-diacylglycerol biosynthesis II|unclassified	5.60206e-06
PWY0-1319: CDP-diacylglycerol biosynthesis II|g__Candidatus_Cloacimonas.s__Candidatus_Cloacimonas_acidaminovorans	4.13088e-06
PWY-5497: purine nucleobases degradation II (anaerobic)	1.79059e-05
PWY-5981: CDP-diacylglycerol biosynthesis III	1.75975e-05
PWY-5981: CDP-diacylglycerol biosynthesis III|g__Oenococcus.s__Oenococcus_oeni	7.05897e-06
P23-PWY: reductive TCA cycle I	1.75787e-05
P23-PWY: reductive TCA cycle I|unclassified	9.07021e-06
PWY-6700: queuosine biosynthesis I (de novo)	1.73645e-05
PWY-6700: queuosine biosynthesis I (de novo)|g__Candidatus_Cloacimonas.s__Candidatus_Cloacimonas_acidaminovorans	8.03236e-06
PWY-6700: queuosine biosynthesis I (de novo)|unclassified	6.29131e-06
PWY0-1061: superpathway of L-alanine biosynthesis	1.71699e-05
PWY0-1061: superpathway of L-alanine biosynthesis|unclassified	2.9372e-06
PWY-7345: superpathway of anaerobic sucrose degradation	1.68714e-05
PWY-7345: superpathway of anaerobic sucrose degradation|unclassified	1.21812e-05
PWY-7115: C4 photosynthetic carbon assimilation cycle, NAD-ME type	1.66683e-05
PWY-7115: C4 photosynthetic carbon assimilation cycle, NAD-ME type|unclassified	6.01462e-06
VALSYN-PWY: L-valine biosynthesis	1.64976e-05
VALSYN-PWY: L-valine biosynthesis|unclassified	1.00635e-05
VALSYN-PWY: L-valine biosynthesis|g__Methanothrix.s__Methanothrix_soehngenii	6.08886e-06
ILEUSYN-PWY: L-isoleucine biosynthesis I (from threonine)	1.62652e-05
ILEUSYN-PWY: L-isoleucine biosynthesis I (from threonine)|unclassified	8.89379e-06
ILEUSYN-PWY: L-isoleucine biosynthesis I (from threonine)|g__Methanothrix.s__Methanothrix_soehngenii	5.50162e-06
PWY-5103: L-isoleucine biosynthesis III	1.50747e-05
PWY-5103: L-isoleucine biosynthesis III|unclassified	7.70575e-06
PWY-5103: L-isoleucine biosynthesis III|g__Methanothrix.s__Methanothrix_soehngenii	5.07928e-06
PWY-7392: taxadiene biosynthesis (engineered)	1.36678e-05
PWY-7392: taxadiene biosynthesis (engineered)|unclassified	4.27393e-06
P41-PWY: pyruvate fermentation to acetate and (S)-lactate I	1.3607e-05
P41-PWY: pyruvate fermentation to acetate and (S)-lactate I|unclassified	8.02713e-06
PWY-6863: pyruvate fermentation to hexanol (engineered)	1.30163e-05
PWY-6863: pyruvate fermentation to hexanol (engineered)|unclassified	1.29825e-05
PWY-7111: pyruvate fermentation to isobutanol (engineered)	1.2221e-05
PWY-7111: pyruvate fermentation to isobutanol (engineered)|unclassified	6.3642e-06
PWY-6151: S-adenosyl-L-methionine salvage I	1.1647e-05
PWY-6151: S-adenosyl-L-methionine salvage I|g__Oenococcus.s__Oenococcus_oeni	1.12471e-05
POLYISOPRENSYN-PWY: polyisoprenoid biosynthesis (E. coli)	1.15878e-05
POLYISOPRENSYN-PWY: polyisoprenoid biosynthesis (E. coli)|unclassified	4.58219e-06
RHAMCAT-PWY: L-rhamnose degradation I	1.14189e-05
RHAMCAT-PWY: L-rhamnose degradation I|unclassified	7.93743e-06
PWY-7663: gondoate biosynthesis (anaerobic)	1.08891e-05
PWY-7663: gondoate biosynthesis (anaerobic)|unclassified	9.76206e-06
PWY0-1586: peptidoglycan maturation (meso-diaminopimelate containing)	1.08448e-05
PWY0-1586: peptidoglycan maturation (meso-diaminopimelate containing)|unclassified	6.88462e-06
PWY-7953: UDP-N-acetylmuramoyl-pentapeptide biosynthesis III (meso-diaminopimelate containing)	1.07581e-05
PWY-5723: Rubisco shunt	9.76263e-06
PWY-5723: Rubisco shunt|unclassified	7.57572e-06
ARGSYNBSUB-PWY: L-arginine biosynthesis II (acetyl cycle)	9.67958e-06
ARGSYNBSUB-PWY: L-arginine biosynthesis II (acetyl cycle)|unclassified	3.96328e-06
ARGSYN-PWY: L-arginine biosynthesis I (via L-ornithine)	9.61588e-06
ARGSYN-PWY: L-arginine biosynthesis I (via L-ornithine)|unclassified	3.63741e-06
PWY-7400: L-arginine biosynthesis IV (archaebacteria)	9.22145e-06
PWY-7234: inosine-5'-phosphate biosynthesis III	8.46516e-06
PWY-7234: inosine-5'-phosphate biosynthesis III|unclassified	2.8632e-06
PWY-7117: C4 photosynthetic carbon assimilation cycle, PEPCK type	8.45392e-06
GLUTORN-PWY: L-ornithine biosynthesis I	8.18194e-06
GLUTORN-PWY: L-ornithine biosynthesis I|unclassified	3.31659e-06
PWY-7090: UDP-2,3-diacetamido-2,3-dideoxy-&alpha;-D-mannuronate biosynthesis	7.44313e-06
PWY-7090: UDP-2,3-diacetamido-2,3-dideoxy-&alpha;-D-mannuronate biosynthesis|unclassified	7.44313e-06
PWY-6859: all-trans-farnesol biosynthesis	7.06075e-06
PWY-6859: all-trans-farnesol biosynthesis|unclassified	3.53426e-06
PWY-6859: all-trans-farnesol biosynthesis|g__Methanothrix.s__Methanothrix_soehngenii	1.89149e-06
PWY-6892: thiazole component of thiamine diphosphate biosynthesis I	7.0587e-06
PWY-6892: thiazole component of thiamine diphosphate biosynthesis I|unclassified	3.031e-06
PWY-5154: L-arginine biosynthesis III (via N-acetyl-L-citrulline)	6.99823e-06
PWY-7688: dTDP-&alpha;-D-ravidosamine and dTDP-4-acetyl-&alpha;-D-ravidosamine biosynthesis	6.78784e-06
PWY-7688: dTDP-&alpha;-D-ravidosamine and dTDP-4-acetyl-&alpha;-D-ravidosamine biosynthesis|unclassified	5.58127e-06
COLANSYN-PWY: colanic acid building blocks biosynthesis	6.77546e-06
ASPASN-PWY: superpathway of L-aspartate and L-asparagine biosynthesis	6.50738e-06
ASPASN-PWY: superpathway of L-aspartate and L-asparagine biosynthesis|unclassified	5.3789e-06
PWY0-1479: tRNA processing	6.21199e-06
PWY0-1479: tRNA processing|unclassified	5.78202e-06
PWY-5028: L-histidine degradation II	5.99881e-06
PWY-6749: CMP-legionaminate biosynthesis I	5.98372e-06
PWY-6749: CMP-legionaminate biosynthesis I|unclassified	3.78098e-06
PWY-6906: chitin derivatives degradation	5.83815e-06
PWY-6906: chitin derivatives degradation|unclassified	5.04856e-06
PWY-5104: L-isoleucine biosynthesis IV	5.74079e-06
PWY-5104: L-isoleucine biosynthesis IV|unclassified	4.73759e-06
PWY-6163: chorismate biosynthesis from 3-dehydroquinate	5.64398e-06
PWY-6163: chorismate biosynthesis from 3-dehydroquinate|unclassified	2.75433e-06
PWY-5101: L-isoleucine biosynthesis II	5.34612e-06
PWY-5101: L-isoleucine biosynthesis II|unclassified	4.53739e-06
HISTSYN-PWY: L-histidine biosynthesis	5.27086e-06
PWY-5188: tetrapyrrole biosynthesis I (from glutamate)	5.20272e-06
PWY-6823: molybdopterin biosynthesis	5.18636e-06
PWY-6902: chitin degradation II (Vibrio)	5.03647e-06
PWY-6902: chitin degradation II (Vibrio)|unclassified	4.58745e-06
PWY-6349: CDP-archaeol biosynthesis	4.94472e-06
PWY-6349: CDP-archaeol biosynthesis|g__Methanothrix.s__Methanothrix_soehngenii	3.76038e-06
PWY-7820: teichuronic acid biosynthesis (B. subtilis 168)	4.53711e-06
PWY-241: C4 photosynthetic carbon assimilation cycle, NADP-ME type	4.48723e-06
COMPLETE-ARO-PWY: superpathway of aromatic amino acid biosynthesis	4.44622e-06
PWY-621: sucrose degradation III (sucrose invertase)	4.20745e-06
ARO-PWY: chorismate biosynthesis I	4.14743e-06
ARO-PWY: chorismate biosynthesis I|unclassified	2.6995e-06
PWY-6583: pyruvate fermentation to butanol I	3.89575e-06
PWY-6583: pyruvate fermentation to butanol I|unclassified	3.89247e-06
PWY-6969: TCA cycle V (2-oxoglutarate synthase)	3.73693e-06
DENITRIFICATION-PWY: nitrate reduction I (denitrification)	3.70124e-06
DENITRIFICATION-PWY: nitrate reduction I (denitrification)|unclassified	3.70124e-06
PWY-5675: nitrate reduction V (assimilatory)	3.12103e-06
PWY-5675: nitrate reduction V (assimilatory)|unclassified	3.07694e-06
PWY-6165: chorismate biosynthesis II (archaea)	3.12068e-06
PWY-6165: chorismate biosynthesis II (archaea)|unclassified	2.07065e-06
PWY0-1477: ethanolamine utilization	2.96517e-06
PWY0-1477: ethanolamine utilization|unclassified	2.71606e-06
PWY-7731: superpathway of photosynthetic hydrogen production	2.77803e-06
PWY-6507: 4-deoxy-L-threo-hex-4-enopyranuronate degradation	2.67444e-06
PWY-6507: 4-deoxy-L-threo-hex-4-enopyranuronate degradation|unclassified	2.56389e-06
PWY-7242: D-fructuronate degradation	2.32852e-06
PWY-6630: superpathway of L-tyrosine biosynthesis	2.23249e-06
PWY-6160: 3-dehydroquinate biosynthesis II (archaea)	2.04312e-06
PWY-6160: 3-dehydroquinate biosynthesis II (archaea)|unclassified	1.49441e-06
PWY-101: photosynthesis light reactions	1.9008e-06
LACTOSECAT-PWY: lactose and galactose degradation I	1.66818e-06
PWY-7315: dTDP-N-acetylthomosamine biosynthesis	1.54456e-06
PWY-7315: dTDP-N-acetylthomosamine biosynthesis|unclassified	1.47215e-06
PWY-3781: aerobic respiration I (cytochrome c)	9.51079e-07
