#mpa_vOct22_CHOCOPhlAnSGB_202212
#/home/rodrigo/miniconda3/bin/metaphlan /mnt/HDDStorage/jsequeira/rodrigo/Datasets/P21158_81_S12.fastq_output/P21158_81_S12_001_humann_temp/tmp78dbzyjb/tmpwk8fqafq -t rel_ab -o /mnt/HDDStorage/jsequeira/rodrigo/Datasets/P21158_81_S12.fastq_output/P21158_81_S12_001_humann_temp/P21158_81_S12_001_metaphlan_bugs_list.tsv --input_type fastq --bowtie2out /mnt/HDDStorage/jsequeira/rodrigo/Datasets/P21158_81_S12.fastq_output/P21158_81_S12_001_humann_temp/P21158_81_S12_001_metaphlan_bowtie2.txt --nproc 12
#88745750 reads processed
#SampleID	Metaphlan_Analysis
#clade_name	NCBI_tax_id	relative_abundance	additional_species
k__Bacteria	2	91.58935	
k__Archaea	2157	8.41065	
k__Bacteria|p__Candidatus_Cloacimonetes	2|456828	37.21277	
k__Bacteria|p__Firmicutes	2|1239	34.14303	
k__Archaea|p__Euryarchaeota	2157|28890	8.41065	
k__Bacteria|p__Bacteroidetes	2|976	7.16533	
k__Bacteria|p__Thermotogae	2|200918	5.85082	
k__Bacteria|p__Spirochaetes	2|203691	4.18467	
k__Bacteria|p__Tenericutes	2|544448	1.73351	
k__Bacteria|p__Ignavibacteriae	2|1134404	0.59111	
k__Bacteria|p__Proteobacteria	2|1224	0.38231	
k__Bacteria|p__Actinobacteria	2|201174	0.21356	
k__Bacteria|p__Atribacterota	2|67818	0.05696	
k__Bacteria|p__Synergistetes	2|508458	0.0329	
k__Bacteria|p__Acidobacteria	2|57723	0.02238	
k__Bacteria|p__Candidatus_Cloacimonetes|c__Candidatus_Cloacimonetes_unclassified	2|456828|	33.84324	
k__Bacteria|p__Firmicutes|c__Bacilli	2|1239|91061	32.25435	
k__Archaea|p__Euryarchaeota|c__Methanomicrobia	2157|28890|224756	6.96784	
k__Bacteria|p__Thermotogae|c__Thermotogae	2|200918|188708	5.85082	
k__Bacteria|p__Spirochaetes|c__CFGB42821	2|203691|	4.18467	
k__Bacteria|p__Candidatus_Cloacimonetes|c__CFGB7869	2|456828|	3.36953	
k__Bacteria|p__Bacteroidetes|c__CFGB24658	2|976|	2.89325	
k__Bacteria|p__Tenericutes|c__CFGB9180	2|544448|	1.64949	
k__Bacteria|p__Bacteroidetes|c__CFGB36012	2|976|	1.57642	
k__Archaea|p__Euryarchaeota|c__CFGB76181	2157|28890|	1.42907	
k__Bacteria|p__Bacteroidetes|c__CFGB7739	2|976|	1.37329	
k__Bacteria|p__Firmicutes|c__CFGB39903	2|1239|	0.66991	
k__Bacteria|p__Ignavibacteriae|c__CFGB41734	2|1134404|	0.59111	
k__Bacteria|p__Firmicutes|c__CFGB26775	2|1239|	0.58203	
k__Bacteria|p__Bacteroidetes|c__CFGB7461	2|976|	0.53029	
k__Bacteria|p__Bacteroidetes|c__CFGB7465	2|976|	0.34997	
k__Bacteria|p__Bacteroidetes|c__Bacteroidia	2|976|200643	0.28856	
k__Bacteria|p__Firmicutes|c__CFGB27080	2|1239|	0.28741	
k__Bacteria|p__Proteobacteria|c__CFGB8946	2|1224|	0.22041	
k__Bacteria|p__Actinobacteria|c__Actinomycetia	2|201174|1760	0.21356	
k__Bacteria|p__Firmicutes|c__CFGB8975	2|1239|	0.17093	
k__Bacteria|p__Bacteroidetes|c__CFGB42009	2|976|	0.14708	
k__Bacteria|p__Firmicutes|c__CFGB8935	2|1239|	0.10822	
k__Bacteria|p__Proteobacteria|c__CFGB43452	2|1224|	0.0902	
k__Bacteria|p__Tenericutes|c__CFGB26653	2|544448|	0.08402	
k__Bacteria|p__Atribacterota|c__Atribacteria	2|67818|2847774	0.05696	
k__Bacteria|p__Proteobacteria|c__CFGB20881	2|1224|	0.04453	
k__Bacteria|p__Synergistetes|c__CFGB7945	2|508458|	0.03087	
k__Bacteria|p__Proteobacteria|c__CFGB41806	2|1224|	0.02717	
k__Bacteria|p__Firmicutes|c__Clostridia	2|1239|186801	0.0262	
k__Bacteria|p__Acidobacteria|c__CFGB32401	2|57723|	0.02238	
k__Bacteria|p__Firmicutes|c__CFGB76577	2|1239|	0.01778	
k__Bacteria|p__Firmicutes|c__CFGB76402	2|1239|	0.01472	
k__Archaea|p__Euryarchaeota|c__CFGB38	2157|28890|	0.01374	
k__Bacteria|p__Firmicutes|c__CFGB25401	2|1239|	0.01147	
k__Bacteria|p__Bacteroidetes|c__CFGB7503	2|976|	0.00647	
k__Bacteria|p__Synergistetes|c__Synergistia	2|508458|649775	0.00203	
k__Bacteria|p__Candidatus_Cloacimonetes|c__Candidatus_Cloacimonetes_unclassified|o__Candidatus_Cloacimonetes_unclassified	2|456828||	33.84324	
k__Bacteria|p__Firmicutes|c__Bacilli|o__Lactobacillales	2|1239|91061|186826	32.25435	
k__Archaea|p__Euryarchaeota|c__Methanomicrobia|o__Methanotrichales	2157|28890|224756|2905377	5.86015	
k__Bacteria|p__Thermotogae|c__Thermotogae|o__Thermotogales	2|200918|188708|2419	5.85082	
k__Bacteria|p__Spirochaetes|c__CFGB42821|o__OFGB42821	2|203691||	4.18467	
k__Bacteria|p__Candidatus_Cloacimonetes|c__CFGB7869|o__OFGB7869	2|456828||	3.36953	
k__Bacteria|p__Bacteroidetes|c__CFGB24658|o__OFGB24658	2|976||	2.89325	
k__Bacteria|p__Tenericutes|c__CFGB9180|o__OFGB9180	2|544448||	1.64949	
k__Bacteria|p__Bacteroidetes|c__CFGB36012|o__OFGB36012	2|976||	1.57642	
k__Archaea|p__Euryarchaeota|c__CFGB76181|o__OFGB76181	2157|28890||	1.42907	
k__Bacteria|p__Bacteroidetes|c__CFGB7739|o__OFGB7739	2|976||	1.37329	
k__Archaea|p__Euryarchaeota|c__Methanomicrobia|o__Methanomicrobiales	2157|28890|224756|2191	1.10769	
k__Bacteria|p__Firmicutes|c__CFGB39903|o__OFGB39903	2|1239||	0.66991	
k__Bacteria|p__Ignavibacteriae|c__CFGB41734|o__OFGB41734	2|1134404||	0.59111	
k__Bacteria|p__Firmicutes|c__CFGB26775|o__OFGB26775	2|1239||	0.58203	
k__Bacteria|p__Bacteroidetes|c__CFGB7461|o__OFGB7461	2|976||	0.53029	
k__Bacteria|p__Bacteroidetes|c__CFGB7465|o__OFGB7465	2|976||	0.34997	
k__Bacteria|p__Bacteroidetes|c__Bacteroidia|o__Bacteroidales	2|976|200643|171549	0.28856	
k__Bacteria|p__Firmicutes|c__CFGB27080|o__OFGB27080	2|1239||	0.28741	
k__Bacteria|p__Proteobacteria|c__CFGB8946|o__OFGB8946	2|1224||	0.22041	
k__Bacteria|p__Actinobacteria|c__Actinomycetia|o__Propionibacteriales	2|201174|1760|85009	0.21356	
k__Bacteria|p__Firmicutes|c__CFGB8975|o__OFGB8975	2|1239||	0.17093	
k__Bacteria|p__Bacteroidetes|c__CFGB42009|o__OFGB42009	2|976||	0.14708	
k__Bacteria|p__Firmicutes|c__CFGB8935|o__OFGB8935	2|1239||	0.10822	
k__Bacteria|p__Proteobacteria|c__CFGB43452|o__OFGB43452	2|1224||	0.0902	
k__Bacteria|p__Tenericutes|c__CFGB26653|o__OFGB26653	2|544448||	0.08402	
k__Bacteria|p__Atribacterota|c__Atribacteria|o__Atribacterales	2|67818|2847774|2847775	0.05696	
k__Bacteria|p__Proteobacteria|c__CFGB20881|o__OFGB20881	2|1224||	0.04453	
k__Bacteria|p__Synergistetes|c__CFGB7945|o__OFGB7945	2|508458||	0.03087	
k__Bacteria|p__Proteobacteria|c__CFGB41806|o__OFGB41806	2|1224||	0.02717	
k__Bacteria|p__Firmicutes|c__Clostridia|o__Eubacteriales	2|1239|186801|186802	0.0262	
k__Bacteria|p__Acidobacteria|c__CFGB32401|o__OFGB32401	2|57723||	0.02238	
k__Bacteria|p__Firmicutes|c__CFGB76577|o__OFGB76577	2|1239||	0.01778	
k__Bacteria|p__Firmicutes|c__CFGB76402|o__OFGB76402	2|1239||	0.01472	
k__Archaea|p__Euryarchaeota|c__CFGB38|o__OFGB38	2157|28890||	0.01374	
k__Bacteria|p__Firmicutes|c__CFGB25401|o__OFGB25401	2|1239||	0.01147	
k__Bacteria|p__Bacteroidetes|c__CFGB7503|o__OFGB7503	2|976||	0.00647	
k__Bacteria|p__Synergistetes|c__Synergistia|o__Synergistales	2|508458|649775|649776	0.00203	
k__Bacteria|p__Candidatus_Cloacimonetes|c__Candidatus_Cloacimonetes_unclassified|o__Candidatus_Cloacimonetes_unclassified|f__Candidatus_Cloacimonetes_unclassified	2|456828|||	33.84324	
k__Bacteria|p__Firmicutes|c__Bacilli|o__Lactobacillales|f__Lactobacillaceae	2|1239|91061|186826|33958	32.25435	
k__Archaea|p__Euryarchaeota|c__Methanomicrobia|o__Methanotrichales|f__Methanotrichaceae	2157|28890|224756|2905377|143067	5.86015	
k__Bacteria|p__Thermotogae|c__Thermotogae|o__Thermotogales|f__Fervidobacteriaceae	2|200918|188708|2419|1643950	5.85082	
k__Bacteria|p__Spirochaetes|c__CFGB42821|o__OFGB42821|f__FGB42821	2|203691|||	4.18467	
k__Bacteria|p__Candidatus_Cloacimonetes|c__CFGB7869|o__OFGB7869|f__FGB7869	2|456828|||	3.36953	
k__Bacteria|p__Bacteroidetes|c__CFGB24658|o__OFGB24658|f__FGB24658	2|976|||	2.89325	
k__Bacteria|p__Tenericutes|c__CFGB9180|o__OFGB9180|f__FGB9180	2|544448|||	1.64949	
k__Bacteria|p__Bacteroidetes|c__CFGB36012|o__OFGB36012|f__FGB36012	2|976|||	1.57642	
k__Archaea|p__Euryarchaeota|c__CFGB76181|o__OFGB76181|f__FGB76181	2157|28890|||	1.42907	
k__Bacteria|p__Bacteroidetes|c__CFGB7739|o__OFGB7739|f__FGB7739	2|976|||	1.37329	
k__Archaea|p__Euryarchaeota|c__Methanomicrobia|o__Methanomicrobiales|f__Methanoregulaceae	2157|28890|224756|2191|1198451	0.99475	
k__Bacteria|p__Firmicutes|c__CFGB39903|o__OFGB39903|f__FGB39903	2|1239|||	0.66991	
k__Bacteria|p__Ignavibacteriae|c__CFGB41734|o__OFGB41734|f__FGB41734	2|1134404|||	0.59111	
k__Bacteria|p__Firmicutes|c__CFGB26775|o__OFGB26775|f__FGB26775	2|1239|||	0.58203	
k__Bacteria|p__Bacteroidetes|c__CFGB7461|o__OFGB7461|f__FGB7461	2|976|||	0.53029	
k__Bacteria|p__Bacteroidetes|c__CFGB7465|o__OFGB7465|f__FGB7465	2|976|||	0.34997	
k__Bacteria|p__Bacteroidetes|c__Bacteroidia|o__Bacteroidales|f__Dysgonomonadaceae	2|976|200643|171549|2005520	0.28856	
k__Bacteria|p__Firmicutes|c__CFGB27080|o__OFGB27080|f__FGB27080	2|1239|||	0.28741	
k__Bacteria|p__Proteobacteria|c__CFGB8946|o__OFGB8946|f__FGB8946	2|1224|||	0.22041	
k__Bacteria|p__Actinobacteria|c__Actinomycetia|o__Propionibacteriales|f__Propionibacteriaceae	2|201174|1760|85009|31957	0.21356	
k__Bacteria|p__Firmicutes|c__CFGB8975|o__OFGB8975|f__FGB8975	2|1239|||	0.17093	
k__Bacteria|p__Bacteroidetes|c__CFGB42009|o__OFGB42009|f__FGB42009	2|976|||	0.14708	
k__Archaea|p__Euryarchaeota|c__Methanomicrobia|o__Methanomicrobiales|f__Methanospirillaceae	2157|28890|224756|2191|196137	0.11294	
k__Bacteria|p__Firmicutes|c__CFGB8935|o__OFGB8935|f__FGB8935	2|1239|||	0.10822	
k__Bacteria|p__Proteobacteria|c__CFGB43452|o__OFGB43452|f__FGB43452	2|1224|||	0.0902	
k__Bacteria|p__Tenericutes|c__CFGB26653|o__OFGB26653|f__FGB26653	2|544448|||	0.08402	
k__Bacteria|p__Atribacterota|c__Atribacteria|o__Atribacterales|f__Atribacteraceae	2|67818|2847774|2847775|2847776	0.05696	
k__Bacteria|p__Proteobacteria|c__CFGB20881|o__OFGB20881|f__FGB20881	2|1224|||	0.04453	
k__Bacteria|p__Synergistetes|c__CFGB7945|o__OFGB7945|f__FGB7945	2|508458|||	0.03087	
k__Bacteria|p__Proteobacteria|c__CFGB41806|o__OFGB41806|f__FGB41806	2|1224|||	0.02717	
k__Bacteria|p__Firmicutes|c__Clostridia|o__Eubacteriales|f__Oscillospiraceae	2|1239|186801|186802|216572	0.0262	
k__Bacteria|p__Acidobacteria|c__CFGB32401|o__OFGB32401|f__FGB32401	2|57723|||	0.02238	
k__Bacteria|p__Firmicutes|c__CFGB76577|o__OFGB76577|f__FGB76577	2|1239|||	0.01778	
k__Bacteria|p__Firmicutes|c__CFGB76402|o__OFGB76402|f__FGB76402	2|1239|||	0.01472	
k__Archaea|p__Euryarchaeota|c__CFGB38|o__OFGB38|f__FGB38	2157|28890|||	0.01374	
k__Bacteria|p__Firmicutes|c__CFGB25401|o__OFGB25401|f__FGB25401	2|1239|||	0.01147	
k__Bacteria|p__Bacteroidetes|c__CFGB7503|o__OFGB7503|f__FGB7503	2|976|||	0.00647	
k__Bacteria|p__Synergistetes|c__Synergistia|o__Synergistales|f__Synergistaceae	2|508458|649775|649776|649777	0.00203	
k__Bacteria|p__Firmicutes|c__Bacilli|o__Lactobacillales|f__Lactobacillaceae|g__Oenococcus	2|1239|91061|186826|33958|46254	32.25435	
k__Bacteria|p__Candidatus_Cloacimonetes|c__Candidatus_Cloacimonetes_unclassified|o__Candidatus_Cloacimonetes_unclassified|f__Candidatus_Cloacimonetes_unclassified|g__Candidatus_Cloacimonas	2|456828||||456826	32.07375	
k__Bacteria|p__Thermotogae|c__Thermotogae|o__Thermotogales|f__Fervidobacteriaceae|g__GGB24760	2|200918|188708|2419|1643950|	5.85082	
k__Bacteria|p__Spirochaetes|c__CFGB42821|o__OFGB42821|f__FGB42821|g__GGB42821	2|203691||||	4.18467	
k__Bacteria|p__Candidatus_Cloacimonetes|c__CFGB7869|o__OFGB7869|f__FGB7869|g__GGB24641	2|456828||||	3.36953	
k__Archaea|p__Euryarchaeota|c__Methanomicrobia|o__Methanotrichales|f__Methanotrichaceae|g__GGB54100	2157|28890|224756|2905377|143067|	3.36318	
k__Bacteria|p__Bacteroidetes|c__CFGB24658|o__OFGB24658|f__FGB24658|g__GGB46168	2|976||||	2.89325	
k__Archaea|p__Euryarchaeota|c__Methanomicrobia|o__Methanotrichales|f__Methanotrichaceae|g__Methanothrix	2157|28890|224756|2905377|143067|2222	2.49698	
k__Bacteria|p__Tenericutes|c__CFGB9180|o__OFGB9180|f__FGB9180|g__GGB73886	2|544448||||	1.64949	
k__Bacteria|p__Bacteroidetes|c__CFGB36012|o__OFGB36012|f__FGB36012|g__GGB35206	2|976||||	1.57642	
k__Archaea|p__Euryarchaeota|c__CFGB76181|o__OFGB76181|f__FGB76181|g__GGB27196	2157|28890||||	1.42907	
k__Bacteria|p__Bacteroidetes|c__CFGB7739|o__OFGB7739|f__FGB7739|g__GGB24445	2|976||||	1.37329	
k__Bacteria|p__Candidatus_Cloacimonetes|c__Candidatus_Cloacimonetes_unclassified|o__Candidatus_Cloacimonetes_unclassified|f__Candidatus_Cloacimonetes_unclassified|g__Candidatus_Syntrophosphaera	2|456828||||2593013	1.32314	
k__Archaea|p__Euryarchaeota|c__Methanomicrobia|o__Methanomicrobiales|f__Methanoregulaceae|g__GGB54155	2157|28890|224756|2191|1198451|	0.99475	
k__Bacteria|p__Firmicutes|c__CFGB39903|o__OFGB39903|f__FGB39903|g__GGB41897	2|1239||||	0.66991	
k__Bacteria|p__Ignavibacteriae|c__CFGB41734|o__OFGB41734|f__FGB41734|g__GGB45669	2|1134404||||	0.59111	
k__Bacteria|p__Firmicutes|c__CFGB26775|o__OFGB26775|f__FGB26775|g__GGB26775	2|1239||||	0.58203	
k__Bacteria|p__Bacteroidetes|c__CFGB7461|o__OFGB7461|f__FGB7461|g__GGB23780	2|976||||	0.53029	
k__Bacteria|p__Candidatus_Cloacimonetes|c__Candidatus_Cloacimonetes_unclassified|o__Candidatus_Cloacimonetes_unclassified|f__Candidatus_Cloacimonetes_unclassified|g__GGB24645	2|456828||||	0.44635	
k__Bacteria|p__Bacteroidetes|c__CFGB7465|o__OFGB7465|f__FGB7465|g__GGB23787	2|976||||	0.34997	
k__Bacteria|p__Firmicutes|c__CFGB27080|o__OFGB27080|f__FGB27080|g__GGB27082	2|1239||||	0.28741	
k__Bacteria|p__Proteobacteria|c__CFGB8946|o__OFGB8946|f__FGB8946|g__GGB26731	2|1224||||	0.22041	
k__Bacteria|p__Actinobacteria|c__Actinomycetia|o__Propionibacteriales|f__Propionibacteriaceae|g__Cutibacterium	2|201174|1760|85009|31957|1912216	0.21356	
k__Bacteria|p__Bacteroidetes|c__Bacteroidia|o__Bacteroidales|f__Dysgonomonadaceae|g__Petrimonas	2|976|200643|171549|2005520|307628	0.19041	
k__Bacteria|p__Firmicutes|c__CFGB8975|o__OFGB8975|f__FGB8975|g__GGB26776	2|1239||||	0.17093	
k__Bacteria|p__Bacteroidetes|c__CFGB42009|o__OFGB42009|f__FGB42009|g__GGB46164	2|976||||	0.14708	
k__Archaea|p__Euryarchaeota|c__Methanomicrobia|o__Methanomicrobiales|f__Methanospirillaceae|g__Methanospirillum	2157|28890|224756|2191|196137|2202	0.11294	
k__Bacteria|p__Firmicutes|c__CFGB8935|o__OFGB8935|f__FGB8935|g__GGB26712	2|1239||||	0.10822	
k__Bacteria|p__Bacteroidetes|c__Bacteroidia|o__Bacteroidales|f__Dysgonomonadaceae|g__Dysgonomonadaceae_unclassified	2|976|200643|171549|2005520|	0.09815	
k__Bacteria|p__Proteobacteria|c__CFGB43452|o__OFGB43452|f__FGB43452|g__GGB25803	2|1224||||	0.0902	
k__Bacteria|p__Tenericutes|c__CFGB26653|o__OFGB26653|f__FGB26653|g__GGB26653	2|544448||||	0.08402	
k__Bacteria|p__Atribacterota|c__Atribacteria|o__Atribacterales|f__Atribacteraceae|g__Atribacter	2|67818|2847774|2847775|2847776|2847777	0.05696	
k__Bacteria|p__Proteobacteria|c__CFGB20881|o__OFGB20881|f__FGB20881|g__GGB58408	2|1224||||	0.04453	
k__Bacteria|p__Synergistetes|c__CFGB7945|o__OFGB7945|f__FGB7945|g__GGB24768	2|508458||||	0.03087	
k__Bacteria|p__Proteobacteria|c__CFGB41806|o__OFGB41806|f__FGB41806|g__GGB41806	2|1224||||	0.02717	
k__Bacteria|p__Firmicutes|c__Clostridia|o__Eubacteriales|f__Oscillospiraceae|g__Acetivibrio	2|1239|186801|186802|216572|35829	0.0262	
k__Bacteria|p__Acidobacteria|c__CFGB32401|o__OFGB32401|f__FGB32401|g__GGB45011	2|57723||||	0.02238	
k__Bacteria|p__Firmicutes|c__CFGB76577|o__OFGB76577|f__FGB76577|g__GGB41889	2|1239||||	0.01778	
k__Bacteria|p__Firmicutes|c__CFGB76402|o__OFGB76402|f__FGB76402|g__GGB26126	2|1239||||	0.01472	
k__Archaea|p__Euryarchaeota|c__CFGB38|o__OFGB38|f__FGB38|g__GGB50	2157|28890||||	0.01374	
k__Bacteria|p__Firmicutes|c__CFGB25401|o__OFGB25401|f__FGB25401|g__GGB45485	2|1239||||	0.01147	
k__Bacteria|p__Bacteroidetes|c__CFGB7503|o__OFGB7503|f__FGB7503|g__GGB23904	2|976||||	0.00647	
k__Bacteria|p__Synergistetes|c__Synergistia|o__Synergistales|f__Synergistaceae|g__Thermanaerovibrio	2|508458|649775|649776|649777|81461	0.00203	
k__Bacteria|p__Firmicutes|c__Bacilli|o__Lactobacillales|f__Lactobacillaceae|g__Oenococcus|s__Oenococcus_oeni	2|1239|91061|186826|33958|46254|1247	32.25353	
k__Bacteria|p__Candidatus_Cloacimonetes|c__Candidatus_Cloacimonetes_unclassified|o__Candidatus_Cloacimonetes_unclassified|f__Candidatus_Cloacimonetes_unclassified|g__Candidatus_Cloacimonas|s__Candidatus_Cloacimonas_acidaminovorans	2|456828||||456826|456827	32.07375	
k__Bacteria|p__Thermotogae|c__Thermotogae|o__Thermotogales|f__Fervidobacteriaceae|g__GGB24760|s__GGB24760_SGB46578	2|200918|188708|2419|1643950||	5.85082	
k__Bacteria|p__Candidatus_Cloacimonetes|c__CFGB7869|o__OFGB7869|f__FGB7869|g__GGB24641|s__GGB24641_SGB36504	2|456828|||||	3.36953	
k__Archaea|p__Euryarchaeota|c__Methanomicrobia|o__Methanotrichales|f__Methanotrichaceae|g__GGB54100|s__GGB54100_SGB75290	2157|28890|224756|2905377|143067||	3.36318	
k__Bacteria|p__Bacteroidetes|c__CFGB24658|o__OFGB24658|f__FGB24658|g__GGB46168|s__GGB46168_SGB63936	2|976|||||	2.89325	
k__Archaea|p__Euryarchaeota|c__Methanomicrobia|o__Methanotrichales|f__Methanotrichaceae|g__Methanothrix|s__Methanothrix_soehngenii	2157|28890|224756|2905377|143067|2222|2223	2.49698	
k__Bacteria|p__Spirochaetes|c__CFGB42821|o__OFGB42821|f__FGB42821|g__GGB42821|s__GGB42821_SGB60031	2|203691|||||	2.1288	
k__Bacteria|p__Spirochaetes|c__CFGB42821|o__OFGB42821|f__FGB42821|g__GGB42821|s__GGB42821_SGB52415	2|203691|||||	2.05586	
k__Bacteria|p__Tenericutes|c__CFGB9180|o__OFGB9180|f__FGB9180|g__GGB73886|s__GGB73886_SGB39359	2|544448|||||	1.64949	
k__Bacteria|p__Bacteroidetes|c__CFGB36012|o__OFGB36012|f__FGB36012|g__GGB35206|s__GGB35206_SGB49924	2|976|||||	1.55968	
k__Archaea|p__Euryarchaeota|c__CFGB76181|o__OFGB76181|f__FGB76181|g__GGB27196|s__GGB27196_SGB39419	2157|28890|||||	1.42907	
k__Bacteria|p__Bacteroidetes|c__CFGB7739|o__OFGB7739|f__FGB7739|g__GGB24445|s__GGB24445_SGB36288	2|976|||||	1.37329	
k__Bacteria|p__Candidatus_Cloacimonetes|c__Candidatus_Cloacimonetes_unclassified|o__Candidatus_Cloacimonetes_unclassified|f__Candidatus_Cloacimonetes_unclassified|g__Candidatus_Syntrophosphaera|s__Candidatus_Syntrophosphaera_thermopropionivorans	2|456828||||2593013|2593015	1.32314	
k__Archaea|p__Euryarchaeota|c__Methanomicrobia|o__Methanomicrobiales|f__Methanoregulaceae|g__GGB54155|s__GGB54155_SGB75354	2157|28890|224756|2191|1198451||	0.99475	
k__Bacteria|p__Firmicutes|c__CFGB39903|o__OFGB39903|f__FGB39903|g__GGB41897|s__GGB41897_SGB58996	2|1239|||||	0.66991	
k__Bacteria|p__Ignavibacteriae|c__CFGB41734|o__OFGB41734|f__FGB41734|g__GGB45669|s__GGB45669_SGB63385	2|1134404|||||	0.59111	
k__Bacteria|p__Firmicutes|c__CFGB26775|o__OFGB26775|f__FGB26775|g__GGB26775|s__GGB26775_SGB38960	2|1239|||||	0.58203	
k__Bacteria|p__Bacteroidetes|c__CFGB7461|o__OFGB7461|f__FGB7461|g__GGB23780|s__GGB23780_SGB65296	2|976|||||	0.53029	
k__Bacteria|p__Candidatus_Cloacimonetes|c__Candidatus_Cloacimonetes_unclassified|o__Candidatus_Cloacimonetes_unclassified|f__Candidatus_Cloacimonetes_unclassified|g__GGB24645|s__GGB24645_SGB36508	2|456828|||||	0.44635	
k__Bacteria|p__Bacteroidetes|c__CFGB7465|o__OFGB7465|f__FGB7465|g__GGB23787|s__GGB23787_SGB63754	2|976|||||	0.34997	
k__Bacteria|p__Firmicutes|c__CFGB27080|o__OFGB27080|f__FGB27080|g__GGB27082|s__GGB27082_SGB39291	2|1239|||||	0.28741	
k__Bacteria|p__Proteobacteria|c__CFGB8946|o__OFGB8946|f__FGB8946|g__GGB26731|s__GGB26731_SGB83492	2|1224|||||	0.22041	
k__Bacteria|p__Actinobacteria|c__Actinomycetia|o__Propionibacteriales|f__Propionibacteriaceae|g__Cutibacterium|s__Cutibacterium_acnes	2|201174|1760|85009|31957|1912216|1747	0.21356	
k__Bacteria|p__Bacteroidetes|c__Bacteroidia|o__Bacteroidales|f__Dysgonomonadaceae|g__Petrimonas|s__Petrimonas_mucosa	2|976|200643|171549|2005520|307628|1642646	0.19041	
k__Bacteria|p__Firmicutes|c__CFGB8975|o__OFGB8975|f__FGB8975|g__GGB26776|s__GGB26776_SGB38961	2|1239|||||	0.17093	
k__Bacteria|p__Bacteroidetes|c__CFGB42009|o__OFGB42009|f__FGB42009|g__GGB46164|s__GGB46164_SGB63932	2|976|||||	0.14708	
k__Archaea|p__Euryarchaeota|c__Methanomicrobia|o__Methanomicrobiales|f__Methanospirillaceae|g__Methanospirillum|s__Methanospirillum_hungatei	2157|28890|224756|2191|196137|2202|2203	0.11294	
k__Bacteria|p__Firmicutes|c__CFGB8935|o__OFGB8935|f__FGB8935|g__GGB26712|s__GGB26712_SGB38893	2|1239|||||	0.10822	
k__Bacteria|p__Bacteroidetes|c__Bacteroidia|o__Bacteroidales|f__Dysgonomonadaceae|g__Dysgonomonadaceae_unclassified|s__Dysgonamonadaceae_bacterium	2|976|200643|171549|2005520||2065189	0.09815	
k__Bacteria|p__Proteobacteria|c__CFGB43452|o__OFGB43452|f__FGB43452|g__GGB25803|s__GGB25803_SGB37788	2|1224|||||	0.0902	
k__Bacteria|p__Tenericutes|c__CFGB26653|o__OFGB26653|f__FGB26653|g__GGB26653|s__GGB26653_SGB38834	2|544448|||||	0.08402	
k__Bacteria|p__Atribacterota|c__Atribacteria|o__Atribacterales|f__Atribacteraceae|g__Atribacter|s__Atribacter_laminatus	2|67818|2847774|2847775|2847776|2847777|2847778	0.05696	
k__Bacteria|p__Proteobacteria|c__CFGB20881|o__OFGB20881|f__FGB20881|g__GGB58408|s__GGB58408_SGB80063	2|1224|||||	0.04453	
k__Bacteria|p__Synergistetes|c__CFGB7945|o__OFGB7945|f__FGB7945|g__GGB24768|s__GGB24768_SGB36661	2|508458|||||	0.03087	
k__Bacteria|p__Proteobacteria|c__CFGB41806|o__OFGB41806|f__FGB41806|g__GGB41806|s__GGB41806_SGB58900	2|1224|||||	0.02717	
k__Bacteria|p__Firmicutes|c__Clostridia|o__Eubacteriales|f__Oscillospiraceae|g__Acetivibrio|s__Acetivibrio_mesophilus	2|1239|186801|186802|216572|35829|2487273	0.0262	
k__Bacteria|p__Acidobacteria|c__CFGB32401|o__OFGB32401|f__FGB32401|g__GGB45011|s__GGB45011_SGB62515	2|57723|||||	0.02238	
k__Bacteria|p__Firmicutes|c__CFGB76577|o__OFGB76577|f__FGB76577|g__GGB41889|s__GGB41889_SGB82982	2|1239|||||	0.01778	
k__Bacteria|p__Bacteroidetes|c__CFGB36012|o__OFGB36012|f__FGB36012|g__GGB35206|s__GGB35206_SGB49925	2|976|||||	0.01674	
k__Bacteria|p__Firmicutes|c__CFGB76402|o__OFGB76402|f__FGB76402|g__GGB26126|s__GGB26126_SGB38138	2|1239|||||	0.01472	
k__Archaea|p__Euryarchaeota|c__CFGB38|o__OFGB38|f__FGB38|g__GGB50|s__GGB50_SGB67	2157|28890|||||	0.01374	
k__Bacteria|p__Firmicutes|c__CFGB25401|o__OFGB25401|f__FGB25401|g__GGB45485|s__GGB45485_SGB79908	2|1239|||||	0.01147	
k__Bacteria|p__Bacteroidetes|c__CFGB7503|o__OFGB7503|f__FGB7503|g__GGB23904|s__GGB23904_SGB35645	2|976|||||	0.00647	
k__Bacteria|p__Synergistetes|c__Synergistia|o__Synergistales|f__Synergistaceae|g__Thermanaerovibrio|s__Thermanaerovibrio_acidaminovorans	2|508458|649775|649776|649777|81461|81462	0.00203	
k__Bacteria|p__Firmicutes|c__Bacilli|o__Lactobacillales|f__Lactobacillaceae|g__Oenococcus|s__Oenococcus_sp_UCMA_16435	2|1239|91061|186826|33958|46254|2259623	0.00081	
k__Bacteria|p__Firmicutes|c__Bacilli|o__Lactobacillales|f__Lactobacillaceae|g__Oenococcus|s__Oenococcus_oeni|t__SGB5611	2|1239|91061|186826|33958|46254|1247|	32.25353	
k__Bacteria|p__Candidatus_Cloacimonetes|c__Candidatus_Cloacimonetes_unclassified|o__Candidatus_Cloacimonetes_unclassified|f__Candidatus_Cloacimonetes_unclassified|g__Candidatus_Cloacimonas|s__Candidatus_Cloacimonas_acidaminovorans|t__SGB3762	2|456828||||456826|456827|	32.07375	k__Bacteria|p__Candidatus_Cloacimonetes|c__Candidatus_Cloacimonetes_unclassified|o__Candidatus_Cloacimonetes_unclassified|f__Candidatus_Cloacimonetes_unclassified|g__Candidatus_Cloacimonetes_unclassified|s__Cloacimonetes_bacterium_JGI_0000039_G13
k__Bacteria|p__Thermotogae|c__Thermotogae|o__Thermotogales|f__Fervidobacteriaceae|g__GGB24760|s__GGB24760_SGB46578|t__SGB46578	2|200918|188708|2419|1643950|||	5.85082	
k__Bacteria|p__Candidatus_Cloacimonetes|c__CFGB7869|o__OFGB7869|f__FGB7869|g__GGB24641|s__GGB24641_SGB36504|t__SGB36504	2|456828||||||	3.36953	
k__Archaea|p__Euryarchaeota|c__Methanomicrobia|o__Methanotrichales|f__Methanotrichaceae|g__GGB54100|s__GGB54100_SGB75290|t__SGB75290	2157|28890|224756|2905377|143067|||	3.36318	
k__Bacteria|p__Bacteroidetes|c__CFGB24658|o__OFGB24658|f__FGB24658|g__GGB46168|s__GGB46168_SGB63936|t__SGB63936	2|976||||||	2.89325	
k__Archaea|p__Euryarchaeota|c__Methanomicrobia|o__Methanotrichales|f__Methanotrichaceae|g__Methanothrix|s__Methanothrix_soehngenii|t__SGB187	2157|28890|224756|2905377|143067|2222|2223|	2.49698	
k__Bacteria|p__Spirochaetes|c__CFGB42821|o__OFGB42821|f__FGB42821|g__GGB42821|s__GGB42821_SGB60031|t__SGB60031	2|203691||||||	2.1288	
k__Bacteria|p__Spirochaetes|c__CFGB42821|o__OFGB42821|f__FGB42821|g__GGB42821|s__GGB42821_SGB52415|t__SGB52415	2|203691||||||	2.05586	
k__Bacteria|p__Tenericutes|c__CFGB9180|o__OFGB9180|f__FGB9180|g__GGB73886|s__GGB73886_SGB39359|t__SGB39359	2|544448||||||	1.64949	
k__Bacteria|p__Bacteroidetes|c__CFGB36012|o__OFGB36012|f__FGB36012|g__GGB35206|s__GGB35206_SGB49924|t__SGB49924	2|976||||||	1.55968	
k__Archaea|p__Euryarchaeota|c__CFGB76181|o__OFGB76181|f__FGB76181|g__GGB27196|s__GGB27196_SGB39419|t__SGB39419	2157|28890||||||	1.42907	
k__Bacteria|p__Bacteroidetes|c__CFGB7739|o__OFGB7739|f__FGB7739|g__GGB24445|s__GGB24445_SGB36288|t__SGB36288	2|976||||||	1.37329	
k__Bacteria|p__Candidatus_Cloacimonetes|c__Candidatus_Cloacimonetes_unclassified|o__Candidatus_Cloacimonetes_unclassified|f__Candidatus_Cloacimonetes_unclassified|g__Candidatus_Syntrophosphaera|s__Candidatus_Syntrophosphaera_thermopropionivorans|t__SGB28408	2|456828||||2593013|2593015|	1.32314	
k__Archaea|p__Euryarchaeota|c__Methanomicrobia|o__Methanomicrobiales|f__Methanoregulaceae|g__GGB54155|s__GGB54155_SGB75354|t__SGB75354	2157|28890|224756|2191|1198451|||	0.99475	
k__Bacteria|p__Firmicutes|c__CFGB39903|o__OFGB39903|f__FGB39903|g__GGB41897|s__GGB41897_SGB58996|t__SGB58996	2|1239||||||	0.66991	
k__Bacteria|p__Ignavibacteriae|c__CFGB41734|o__OFGB41734|f__FGB41734|g__GGB45669|s__GGB45669_SGB63385|t__SGB63385	2|1134404||||||	0.59111	
k__Bacteria|p__Firmicutes|c__CFGB26775|o__OFGB26775|f__FGB26775|g__GGB26775|s__GGB26775_SGB38960|t__SGB38960	2|1239||||||	0.58203	
k__Bacteria|p__Bacteroidetes|c__CFGB7461|o__OFGB7461|f__FGB7461|g__GGB23780|s__GGB23780_SGB65296|t__SGB65296	2|976||||||	0.53029	
k__Bacteria|p__Candidatus_Cloacimonetes|c__Candidatus_Cloacimonetes_unclassified|o__Candidatus_Cloacimonetes_unclassified|f__Candidatus_Cloacimonetes_unclassified|g__GGB24645|s__GGB24645_SGB36508|t__SGB36508	2|456828||||||	0.44635	
k__Bacteria|p__Bacteroidetes|c__CFGB7465|o__OFGB7465|f__FGB7465|g__GGB23787|s__GGB23787_SGB63754|t__SGB63754	2|976||||||	0.34997	
k__Bacteria|p__Firmicutes|c__CFGB27080|o__OFGB27080|f__FGB27080|g__GGB27082|s__GGB27082_SGB39291|t__SGB39291	2|1239||||||	0.28741	
k__Bacteria|p__Proteobacteria|c__CFGB8946|o__OFGB8946|f__FGB8946|g__GGB26731|s__GGB26731_SGB83492|t__SGB83492	2|1224||||||	0.22041	
k__Bacteria|p__Actinobacteria|c__Actinomycetia|o__Propionibacteriales|f__Propionibacteriaceae|g__Cutibacterium|s__Cutibacterium_acnes|t__SGB16955	2|201174|1760|85009|31957|1912216|1747|	0.21356	
k__Bacteria|p__Bacteroidetes|c__Bacteroidia|o__Bacteroidales|f__Dysgonomonadaceae|g__Petrimonas|s__Petrimonas_mucosa|t__SGB2008	2|976|200643|171549|2005520|307628|1642646|	0.19041	k__Bacteria|p__Bacteroidetes|c__Bacteroidia|o__Bacteroidales|f__Porphyromonadaceae|g__Porphyromonadaceae_unclassified|s__Porphyromonadaceae_bacterium_KHP3R9
k__Bacteria|p__Firmicutes|c__CFGB8975|o__OFGB8975|f__FGB8975|g__GGB26776|s__GGB26776_SGB38961|t__SGB38961	2|1239||||||	0.17093	
k__Bacteria|p__Bacteroidetes|c__CFGB42009|o__OFGB42009|f__FGB42009|g__GGB46164|s__GGB46164_SGB63932|t__SGB63932	2|976||||||	0.14708	
k__Archaea|p__Euryarchaeota|c__Methanomicrobia|o__Methanomicrobiales|f__Methanospirillaceae|g__Methanospirillum|s__Methanospirillum_hungatei|t__SGB145	2157|28890|224756|2191|196137|2202|2203|	0.11294	
k__Bacteria|p__Firmicutes|c__CFGB8935|o__OFGB8935|f__FGB8935|g__GGB26712|s__GGB26712_SGB38893|t__SGB38893	2|1239||||||	0.10822	
k__Bacteria|p__Bacteroidetes|c__Bacteroidia|o__Bacteroidales|f__Dysgonomonadaceae|g__Dysgonomonadaceae_unclassified|s__Dysgonamonadaceae_bacterium|t__SGB1995	2|976|200643|171549|2005520||2065189|	0.09815	k__Bacteria|p__Bacteroidetes|c__Bacteroidia|o__Bacteroidales|f__Porphyromonadaceae|g__Porphyromonadaceae_unclassified|s__Porphyromonadaceae_bacterium_SYSU_GA16107
k__Bacteria|p__Proteobacteria|c__CFGB43452|o__OFGB43452|f__FGB43452|g__GGB25803|s__GGB25803_SGB37788|t__SGB37788	2|1224||||||	0.0902	
k__Bacteria|p__Tenericutes|c__CFGB26653|o__OFGB26653|f__FGB26653|g__GGB26653|s__GGB26653_SGB38834|t__SGB38834	2|544448||||||	0.08402	
k__Bacteria|p__Atribacterota|c__Atribacteria|o__Atribacterales|f__Atribacteraceae|g__Atribacter|s__Atribacter_laminatus|t__SGB94678	2|67818|2847774|2847775|2847776|2847777|2847778|	0.05696	
k__Bacteria|p__Proteobacteria|c__CFGB20881|o__OFGB20881|f__FGB20881|g__GGB58408|s__GGB58408_SGB80063|t__SGB80063	2|1224||||||	0.04453	
k__Bacteria|p__Synergistetes|c__CFGB7945|o__OFGB7945|f__FGB7945|g__GGB24768|s__GGB24768_SGB36661|t__SGB36661	2|508458||||||	0.03087	
k__Bacteria|p__Proteobacteria|c__CFGB41806|o__OFGB41806|f__FGB41806|g__GGB41806|s__GGB41806_SGB58900|t__SGB58900	2|1224||||||	0.02717	
k__Bacteria|p__Firmicutes|c__Clostridia|o__Eubacteriales|f__Oscillospiraceae|g__Acetivibrio|s__Acetivibrio_mesophilus|t__SGB8478	2|1239|186801|186802|216572|35829|2487273|	0.0262	k__Bacteria|p__Firmicutes|c__Clostridia|o__Eubacteriales|f__Clostridiaceae|g__Clostridium|s__Clostridium_sp_Bc_iso_3
k__Bacteria|p__Acidobacteria|c__CFGB32401|o__OFGB32401|f__FGB32401|g__GGB45011|s__GGB45011_SGB62515|t__SGB62515	2|57723||||||	0.02238	
k__Bacteria|p__Firmicutes|c__CFGB76577|o__OFGB76577|f__FGB76577|g__GGB41889|s__GGB41889_SGB82982|t__SGB82982	2|1239||||||	0.01778	
k__Bacteria|p__Bacteroidetes|c__CFGB36012|o__OFGB36012|f__FGB36012|g__GGB35206|s__GGB35206_SGB49925|t__SGB49925	2|976||||||	0.01674	
k__Bacteria|p__Firmicutes|c__CFGB76402|o__OFGB76402|f__FGB76402|g__GGB26126|s__GGB26126_SGB38138|t__SGB38138	2|1239||||||	0.01472	
k__Archaea|p__Euryarchaeota|c__CFGB38|o__OFGB38|f__FGB38|g__GGB50|s__GGB50_SGB67|t__SGB67	2157|28890||||||	0.01374	
k__Bacteria|p__Firmicutes|c__CFGB25401|o__OFGB25401|f__FGB25401|g__GGB45485|s__GGB45485_SGB79908|t__SGB79908	2|1239||||||	0.01147	
k__Bacteria|p__Bacteroidetes|c__CFGB7503|o__OFGB7503|f__FGB7503|g__GGB23904|s__GGB23904_SGB35645|t__SGB35645	2|976||||||	0.00647	
k__Bacteria|p__Synergistetes|c__Synergistia|o__Synergistales|f__Synergistaceae|g__Thermanaerovibrio|s__Thermanaerovibrio_acidaminovorans|t__SGB3785	2|508458|649775|649776|649777|81461|81462|	0.00203	
k__Bacteria|p__Firmicutes|c__Bacilli|o__Lactobacillales|f__Lactobacillaceae|g__Oenococcus|s__Oenococcus_sp_UCMA_16435|t__SGB27672	2|1239|91061|186826|33958|46254|2259623|	0.00081	
