Pathway	Genes	Coverage Percentage
ANAGLYCOLYSIS-PWY: glycolysis III (from glucose)		1.0000000000
ANAGLYCOLYSIS-PWY: glycolysis III (from glucose)	unclassified	1.0000000000
ARGININE-SYN4-PWY: L-ornithine biosynthesis II		1.0000000000
ARGININE-SYN4-PWY: L-ornithine biosynthesis II	unclassified	1.0000000000
ARGSYNBSUB-PWY: L-arginine biosynthesis II (acetyl cycle)		1.0000000000
ARGSYNBSUB-PWY: L-arginine biosynthesis II (acetyl cycle)	g__Acidovorax.s__Acidovorax_defluvii	0.8964746714
ARGSYNBSUB-PWY: L-arginine biosynthesis II (acetyl cycle)	unclassified	1.0000000000
ARGSYN-PWY: L-arginine biosynthesis I (via L-ornithine)		1.0000000000
ARGSYN-PWY: L-arginine biosynthesis I (via L-ornithine)	unclassified	1.0000000000
ARO-PWY: chorismate biosynthesis I		0.8706624101
ARO-PWY: chorismate biosynthesis I	g__Acetomicrobium.s__Acetomicrobium_flavidum	0.5414759247
ARO-PWY: chorismate biosynthesis I	unclassified	1.0000000000
BRANCHED-CHAIN-AA-SYN-PWY: superpathway of branched chain amino acid biosynthesis		1.0000000000
BRANCHED-CHAIN-AA-SYN-PWY: superpathway of branched chain amino acid biosynthesis	g__Methanothrix.s__Methanothrix_soehngenii	0.9609001115
BRANCHED-CHAIN-AA-SYN-PWY: superpathway of branched chain amino acid biosynthesis	unclassified	1.0000000000
CALVIN-PWY: Calvin-Benson-Bassham cycle		1.0000000000
CALVIN-PWY: Calvin-Benson-Bassham cycle	unclassified	1.0000000000
CENTFERM-PWY: pyruvate fermentation to butanoate		0.9975036354
CITRULBIO-PWY: L-citrulline biosynthesis		1.0000000000
CITRULBIO-PWY: L-citrulline biosynthesis	unclassified	1.0000000000
COA-PWY: coenzyme A biosynthesis I (prokaryotic)		1.0000000000
COA-PWY: coenzyme A biosynthesis I (prokaryotic)	g__Acidovorax.s__Acidovorax_temperans	0.6105504000
COA-PWY: coenzyme A biosynthesis I (prokaryotic)	g__Dysgonamonadaceae_unclassified.s__Dysgonamonadaceae_bacterium	0.5006685437
COA-PWY: coenzyme A biosynthesis I (prokaryotic)	g__Enhydrobacter.s__Enhydrobacter_aerosaccus	0.6612696188
COA-PWY: coenzyme A biosynthesis I (prokaryotic)	g__Moraxella.s__Moraxella_osloensis	0.8434682826
COA-PWY: coenzyme A biosynthesis I (prokaryotic)	g__Tetrasphaera.s__Tetrasphaera_elongata	0.5661773868
COA-PWY: coenzyme A biosynthesis I (prokaryotic)	unclassified	1.0000000000
COA-PWY-1: superpathway of coenzyme A biosynthesis III (mammals)		1.0000000000
COA-PWY-1: superpathway of coenzyme A biosynthesis III (mammals)	unclassified	1.0000000000
COLANSYN-PWY: colanic acid building blocks biosynthesis		0.9947114723
COMPLETE-ARO-PWY: superpathway of aromatic amino acid biosynthesis	unclassified	0.9999332126
DAPLYSINESYN-PWY: L-lysine biosynthesis I		1.0000000000
"DTDPRHAMSYN-PWY: dTDP-&beta;-L-rhamnose biosynthesis"		1.0000000000
"DTDPRHAMSYN-PWY: dTDP-&beta;-L-rhamnose biosynthesis"	g__Acetomicrobium.s__Acetomicrobium_mobile	0.8270400137
"DTDPRHAMSYN-PWY: dTDP-&beta;-L-rhamnose biosynthesis"	g__Acidovorax.s__Acidovorax_temperans	0.5126242290
"DTDPRHAMSYN-PWY: dTDP-&beta;-L-rhamnose biosynthesis"	g__Candidatus_Microthrix.s__Candidatus_Microthrix_parvicella	0.5244863368
"DTDPRHAMSYN-PWY: dTDP-&beta;-L-rhamnose biosynthesis"	g__Tetrasphaera.s__Tetrasphaera_elongata	0.5733462981
"DTDPRHAMSYN-PWY: dTDP-&beta;-L-rhamnose biosynthesis"	g__Thermanaerovibrio.s__Thermanaerovibrio_acidaminovorans	0.6320041668
"DTDPRHAMSYN-PWY: dTDP-&beta;-L-rhamnose biosynthesis"	unclassified	1.0000000000
"FAO-PWY: fatty acid &beta;-oxidation I (generic)"	g__Acinetobacter.s__Acinetobacter_johnsonii	0.5890939157
"FAO-PWY: fatty acid &beta;-oxidation I (generic)"	g__Enhydrobacter.s__Enhydrobacter_aerosaccus	0.6102532939
"FAO-PWY: fatty acid &beta;-oxidation I (generic)"	g__Moraxella.s__Moraxella_osloensis	0.8687422612
"FAO-PWY: fatty acid &beta;-oxidation I (generic)"	g__Tetrasphaera.s__Tetrasphaera_elongata	0.8525848775
GLUCOSE1PMETAB-PWY: glucose and glucose-1-phosphate degradation		1.0000000000
GLUCOSE1PMETAB-PWY: glucose and glucose-1-phosphate degradation	unclassified	1.0000000000
GLUTORN-PWY: L-ornithine biosynthesis I		1.0000000000
GLUTORN-PWY: L-ornithine biosynthesis I	g__Methanospirillum.s__Methanospirillum_hungatei	0.5159694043
GLUTORN-PWY: L-ornithine biosynthesis I	unclassified	1.0000000000
GLYCOCAT-PWY: glycogen degradation I	unclassified	0.9319288389
GLYCOGENSYNTH-PWY: glycogen biosynthesis I (from ADP-D-Glucose)		1.0000000000
GLYCOGENSYNTH-PWY: glycogen biosynthesis I (from ADP-D-Glucose)	g__Acetomicrobium.s__Acetomicrobium_mobile	0.6578940859
GLYCOGENSYNTH-PWY: glycogen biosynthesis I (from ADP-D-Glucose)	g__Dysgonamonadaceae_unclassified.s__Dysgonamonadaceae_bacterium	0.9761909785
GLYCOGENSYNTH-PWY: glycogen biosynthesis I (from ADP-D-Glucose)	g__Tetrasphaera.s__Tetrasphaera_elongata	0.6742639102
GLYCOGENSYNTH-PWY: glycogen biosynthesis I (from ADP-D-Glucose)	unclassified	1.0000000000
GLYCOLYSIS: glycolysis I (from glucose 6-phosphate)	unclassified	0.8199679872
GLYOXYLATE-BYPASS: glyoxylate cycle	g__Azonexus.s__Azonexus_hydrophilus	0.7400655515
HISDEG-PWY: L-histidine degradation I		1.0000000000
HISDEG-PWY: L-histidine degradation I	unclassified	1.0000000000
HISTSYN-PWY: L-histidine biosynthesis		1.0000000000
HISTSYN-PWY: L-histidine biosynthesis	unclassified	1.0000000000
HSERMETANA-PWY: L-methionine biosynthesis III	g__Methanospirillum.s__Methanospirillum_hungatei	0.8054198921
ILEUSYN-PWY: L-isoleucine biosynthesis I (from threonine)		1.0000000000
ILEUSYN-PWY: L-isoleucine biosynthesis I (from threonine)	g__Acidovorax.s__Acidovorax_defluvii	0.9063939756
ILEUSYN-PWY: L-isoleucine biosynthesis I (from threonine)	g__Candidatus_Microthrix.s__Candidatus_Microthrix_parvicella	0.5596793180
ILEUSYN-PWY: L-isoleucine biosynthesis I (from threonine)	g__Methanothrix.s__Methanothrix_soehngenii	0.9569239298
ILEUSYN-PWY: L-isoleucine biosynthesis I (from threonine)	g__Mycolicibacterium.s__Mycolicibacterium_insubricum	0.8674015857
ILEUSYN-PWY: L-isoleucine biosynthesis I (from threonine)	unclassified	1.0000000000
NAGLIPASYN-PWY: lipid IVA biosynthesis (E. coli)	g__Dysgonamonadaceae_unclassified.s__Dysgonamonadaceae_bacterium	0.6370730804
NONMEVIPP-PWY: methylerythritol phosphate pathway I		1.0000000000
NONMEVIPP-PWY: methylerythritol phosphate pathway I	unclassified	0.9999999565
NONOXIPENT-PWY: pentose phosphate pathway (non-oxidative branch) I		1.0000000000
NONOXIPENT-PWY: pentose phosphate pathway (non-oxidative branch) I	unclassified	1.0000000000
OANTIGEN-PWY: O-antigen building blocks biosynthesis (E. coli)		1.0000000000
P42-PWY: incomplete reductive TCA cycle		1.0000000000
P42-PWY: incomplete reductive TCA cycle	g__Methanospirillum.s__Methanospirillum_hungatei	0.9999999454
P42-PWY: incomplete reductive TCA cycle	unclassified	0.9378257184
PANTO-PWY: phosphopantothenate biosynthesis I		1.0000000000
PANTO-PWY: phosphopantothenate biosynthesis I	g__Candidatus_Microthrix.s__Candidatus_Microthrix_parvicella	0.9423379710
PANTO-PWY: phosphopantothenate biosynthesis I	g__Parabacteroides.s__Parabacteroides_chartae	0.5792726923
PANTO-PWY: phosphopantothenate biosynthesis I	g__Tetrasphaera.s__Tetrasphaera_elongata	0.7055868769
PANTO-PWY: phosphopantothenate biosynthesis I	unclassified	1.0000000000
PANTOSYN-PWY: superpathway of coenzyme A biosynthesis I (bacteria)		1.0000000000
PANTOSYN-PWY: superpathway of coenzyme A biosynthesis I (bacteria)	unclassified	1.0000000000
PENTOSE-P-PWY: pentose phosphate pathway		0.9856772832
PENTOSE-P-PWY: pentose phosphate pathway	unclassified	0.9999998773
PEPTIDOGLYCANSYN-PWY: peptidoglycan biosynthesis I (meso-diaminopimelate containing)		1.0000000000
PEPTIDOGLYCANSYN-PWY: peptidoglycan biosynthesis I (meso-diaminopimelate containing)	unclassified	1.0000000000
PWY0-1061: superpathway of L-alanine biosynthesis	unclassified	1.0000000000
PWY0-1296: purine ribonucleosides degradation		0.9351637189
PWY0-1296: purine ribonucleosides degradation	g__Acetomicrobium.s__Acetomicrobium_flavidum	0.7717397899
PWY0-1296: purine ribonucleosides degradation	g__Acetomicrobium.s__Acetomicrobium_mobile	0.6945826232
PWY0-1296: purine ribonucleosides degradation	g__Candidatus_Microthrix.s__Candidatus_Microthrix_parvicella	0.6953388600
PWY0-1296: purine ribonucleosides degradation	g__Tepidanaerobacter.s__Tepidanaerobacter_syntrophicus	0.8521071343
PWY0-1296: purine ribonucleosides degradation	g__Tetrasphaera.s__Tetrasphaera_elongata	0.7290504063
PWY0-1319: CDP-diacylglycerol biosynthesis II		1.0000000000
PWY0-1319: CDP-diacylglycerol biosynthesis II	g__Arcobacter.s__Arcobacter_cryaerophilus	0.6398995372
PWY0-1319: CDP-diacylglycerol biosynthesis II	unclassified	1.0000000000
PWY0-1586: peptidoglycan maturation (meso-diaminopimelate containing)		1.0000000000
PWY0-1586: peptidoglycan maturation (meso-diaminopimelate containing)	g__Acidovorax.s__Acidovorax_defluvii	0.6257466119
PWY0-1586: peptidoglycan maturation (meso-diaminopimelate containing)	g__Acidovorax.s__Acidovorax_temperans	0.9965732131
PWY0-1586: peptidoglycan maturation (meso-diaminopimelate containing)	g__Enhydrobacter.s__Enhydrobacter_aerosaccus	0.9700001082
PWY0-1586: peptidoglycan maturation (meso-diaminopimelate containing)	g__Moraxella.s__Moraxella_osloensis	0.9719707333
PWY0-1586: peptidoglycan maturation (meso-diaminopimelate containing)	g__Ottowia.s__Ottowia_oryzae	0.9852790688
PWY0-1586: peptidoglycan maturation (meso-diaminopimelate containing)	unclassified	1.0000000000
PWY-1042: glycolysis IV		1.0000000000
PWY-1042: glycolysis IV	unclassified	1.0000000000
PWY-1269: CMP-3-deoxy-D-manno-octulosonate biosynthesis		1.0000000000
PWY1G-0: mycothiol biosynthesis	g__Tetrasphaera.s__Tetrasphaera_elongata	0.6710597435
PWY1ZNC-1: assimilatory sulfate reduction IV	g__Micropruina.s__Micropruina_glycogenica	0.8119978568
PWY1ZNC-1: assimilatory sulfate reduction IV	g__Mycolicibacterium.s__Mycolicibacterium_insubricum	0.6210706654
PWY-2942: L-lysine biosynthesis III	g__Dysgonamonadaceae_unclassified.s__Dysgonamonadaceae_bacterium	0.5927434280
PWY-2942: L-lysine biosynthesis III	g__Tepidanaerobacter.s__Tepidanaerobacter_syntrophicus	0.6062204276
PWY-3841: folate transformations II (plants)		1.0000000000
PWY-3841: folate transformations II (plants)	g__Acidovorax.s__Acidovorax_defluvii	0.8824071527
PWY-3841: folate transformations II (plants)	g__Mycolicibacterium.s__Mycolicibacterium_insubricum	0.8455157135
PWY-3841: folate transformations II (plants)	unclassified	0.7608441549
PWY4FS-7: phosphatidylglycerol biosynthesis I (plastidic)		0.7518873133
PWY4FS-8: phosphatidylglycerol biosynthesis II (non-plastidic)		0.7518873133
PWY-5097: L-lysine biosynthesis VI		1.0000000000
PWY-5097: L-lysine biosynthesis VI	g__Dysgonamonadaceae_unclassified.s__Dysgonamonadaceae_bacterium	0.5371246588
PWY-5097: L-lysine biosynthesis VI	unclassified	1.0000000000
PWY-5100: pyruvate fermentation to acetate and lactate II		1.0000000000
PWY-5100: pyruvate fermentation to acetate and lactate II	unclassified	0.9999698443
PWY-5103: L-isoleucine biosynthesis III		1.0000000000
PWY-5103: L-isoleucine biosynthesis III	g__Acidovorax.s__Acidovorax_defluvii	0.8921415649
PWY-5103: L-isoleucine biosynthesis III	g__Candidatus_Microthrix.s__Candidatus_Microthrix_parvicella	0.5095423770
PWY-5103: L-isoleucine biosynthesis III	g__Methanothrix.s__Methanothrix_soehngenii	0.9460858448
PWY-5103: L-isoleucine biosynthesis III	g__Mycolicibacterium.s__Mycolicibacterium_insubricum	0.8166328277
PWY-5103: L-isoleucine biosynthesis III	g__Tepidanaerobacter.s__Tepidanaerobacter_syntrophicus	0.8569302686
PWY-5103: L-isoleucine biosynthesis III	unclassified	1.0000000000
PWY-5130: 2-oxobutanoate degradation I		1.0000000000
PWY-5130: 2-oxobutanoate degradation I	g__Tetrasphaera.s__Tetrasphaera_elongata	0.9050842436
"PWY-5136: fatty acid &beta;-oxidation II (plant peroxisome)"		1.0000000000
"PWY-5136: fatty acid &beta;-oxidation II (plant peroxisome)"	g__Acidovorax.s__Acidovorax_defluvii	0.9639566026
"PWY-5136: fatty acid &beta;-oxidation II (plant peroxisome)"	g__Acidovorax.s__Acidovorax_temperans	0.9999998612
"PWY-5136: fatty acid &beta;-oxidation II (plant peroxisome)"	g__Enhydrobacter.s__Enhydrobacter_aerosaccus	0.5987358996
"PWY-5136: fatty acid &beta;-oxidation II (plant peroxisome)"	g__Moraxella.s__Moraxella_osloensis	0.8766802510
"PWY-5136: fatty acid &beta;-oxidation II (plant peroxisome)"	g__Tetrasphaera.s__Tetrasphaera_elongata	1.0000000000
"PWY-5136: fatty acid &beta;-oxidation II (plant peroxisome)"	unclassified	1.0000000000
"PWY-5138: fatty acid &beta;-oxidation IV (unsaturated, even number)"	g__Acinetobacter.s__Acinetobacter_johnsonii	0.5890939157
"PWY-5138: fatty acid &beta;-oxidation IV (unsaturated, even number)"	g__Enhydrobacter.s__Enhydrobacter_aerosaccus	0.5666523750
"PWY-5138: fatty acid &beta;-oxidation IV (unsaturated, even number)"	g__Moraxella.s__Moraxella_osloensis	0.9013891370
"PWY-5138: fatty acid &beta;-oxidation IV (unsaturated, even number)"	g__Tetrasphaera.s__Tetrasphaera_elongata	0.6584530141
PWY-5188: tetrapyrrole biosynthesis I (from glutamate)	g__Candidatus_Microthrix.s__Candidatus_Microthrix_parvicella	0.5034987437
PWY-5209: methyl-coenzyme M oxidation to CO2	g__Methanothrix.s__Methanothrix_soehngenii	0.6682439668
PWY-5484: glycolysis II (from fructose 6-phosphate)	unclassified	0.8199679872
PWY-5659: GDP-mannose biosynthesis		1.0000000000
PWY-5667: CDP-diacylglycerol biosynthesis I		1.0000000000
PWY-5667: CDP-diacylglycerol biosynthesis I	g__Arcobacter.s__Arcobacter_cryaerophilus	0.6398995372
PWY-5667: CDP-diacylglycerol biosynthesis I	unclassified	1.0000000000
PWY-5686: UMP biosynthesis I		1.0000000000
PWY-5686: UMP biosynthesis I	g__Enhydrobacter.s__Enhydrobacter_aerosaccus	0.5773206646
PWY-5686: UMP biosynthesis I	unclassified	1.0000000000
PWY-5695: inosine 5'-phosphate degradation		1.0000000000
PWY-5695: inosine 5'-phosphate degradation	g__Acetomicrobium.s__Acetomicrobium_flavidum	0.5887209861
PWY-5695: inosine 5'-phosphate degradation	g__Candidatus_Cloacimonas.s__Candidatus_Cloacimonas_acidaminovorans	1.0000000000
PWY-5695: inosine 5'-phosphate degradation	g__Tetrasphaera.s__Tetrasphaera_elongata	0.6813456600
PWY-5695: inosine 5'-phosphate degradation	unclassified	1.0000000000
PWY-5941: glycogen degradation II		1.0000000000
PWY-5941: glycogen degradation II	unclassified	1.0000000000
PWY-5973: cis-vaccenate biosynthesis		1.0000000000
PWY-5973: cis-vaccenate biosynthesis	g__Dysgonamonadaceae_unclassified.s__Dysgonamonadaceae_bacterium	0.5269033427
PWY-5973: cis-vaccenate biosynthesis	unclassified	1.0000000000
PWY-6121: 5-aminoimidazole ribonucleotide biosynthesis I		1.0000000000
PWY-6121: 5-aminoimidazole ribonucleotide biosynthesis I	g__Acetomicrobium.s__Acetomicrobium_mobile	0.7989771577
PWY-6121: 5-aminoimidazole ribonucleotide biosynthesis I	g__Methanothrix.s__Methanothrix_soehngenii	0.9822472877
PWY-6121: 5-aminoimidazole ribonucleotide biosynthesis I	g__Moraxella.s__Moraxella_osloensis	0.5280545514
PWY-6121: 5-aminoimidazole ribonucleotide biosynthesis I	g__Tepidanaerobacter.s__Tepidanaerobacter_syntrophicus	0.7341553448
PWY-6121: 5-aminoimidazole ribonucleotide biosynthesis I	unclassified	1.0000000000
PWY-6122: 5-aminoimidazole ribonucleotide biosynthesis II		1.0000000000
PWY-6122: 5-aminoimidazole ribonucleotide biosynthesis II	g__Acetomicrobium.s__Acetomicrobium_mobile	0.7869213633
PWY-6122: 5-aminoimidazole ribonucleotide biosynthesis II	g__Acidovorax.s__Acidovorax_temperans	0.5507755193
PWY-6122: 5-aminoimidazole ribonucleotide biosynthesis II	g__Methanothrix.s__Methanothrix_soehngenii	0.9998826986
PWY-6122: 5-aminoimidazole ribonucleotide biosynthesis II	g__Moraxella.s__Moraxella_osloensis	0.6809755126
PWY-6122: 5-aminoimidazole ribonucleotide biosynthesis II	g__Mycolicibacterium.s__Mycolicibacterium_insubricum	0.8608455158
PWY-6122: 5-aminoimidazole ribonucleotide biosynthesis II	g__Tepidanaerobacter.s__Tepidanaerobacter_syntrophicus	0.7625155399
PWY-6122: 5-aminoimidazole ribonucleotide biosynthesis II	g__Tetrasphaera.s__Tetrasphaera_elongata	0.6519302985
PWY-6122: 5-aminoimidazole ribonucleotide biosynthesis II	unclassified	1.0000000000
PWY-6123: inosine-5'-phosphate biosynthesis I		1.0000000000
PWY-6123: inosine-5'-phosphate biosynthesis I	g__Acidovorax.s__Acidovorax_defluvii	0.5635463536
PWY-6123: inosine-5'-phosphate biosynthesis I	g__Bacteroides.s__Bacteroides_graminisolvens	0.5594222134
PWY-6123: inosine-5'-phosphate biosynthesis I	unclassified	1.0000000000
PWY-6124: inosine-5'-phosphate biosynthesis II		1.0000000000
PWY-6124: inosine-5'-phosphate biosynthesis II	g__Acidovorax.s__Acidovorax_defluvii	0.5584539649
PWY-6124: inosine-5'-phosphate biosynthesis II	g__Bacteroides.s__Bacteroides_graminisolvens	0.5151370840
PWY-6124: inosine-5'-phosphate biosynthesis II	unclassified	1.0000000000
PWY-6125: superpathway of guanosine nucleotides de novo biosynthesis II		1.0000000000
PWY-6125: superpathway of guanosine nucleotides de novo biosynthesis II	unclassified	1.0000000000
PWY-6126: superpathway of adenosine nucleotides de novo biosynthesis II		1.0000000000
PWY-6126: superpathway of adenosine nucleotides de novo biosynthesis II	unclassified	1.0000000000
PWY-6147: 6-hydroxymethyl-dihydropterin diphosphate biosynthesis I		1.0000000000
PWY-6147: 6-hydroxymethyl-dihydropterin diphosphate biosynthesis I	g__Candidatus_Microthrix.s__Candidatus_Microthrix_parvicella	0.5398833652
PWY-6147: 6-hydroxymethyl-dihydropterin diphosphate biosynthesis I	unclassified	0.9999998689
PWY-6160: 3-dehydroquinate biosynthesis II (archaea)	g__Methanospirillum.s__Methanospirillum_hungatei	0.7818983283
PWY-6160: 3-dehydroquinate biosynthesis II (archaea)	g__Methanothrix.s__Methanothrix_soehngenii	0.8638951484
PWY-6163: chorismate biosynthesis from 3-dehydroquinate		1.0000000000
PWY-6163: chorismate biosynthesis from 3-dehydroquinate	g__Tepidanaerobacter.s__Tepidanaerobacter_syntrophicus	0.8898416538
PWY-6163: chorismate biosynthesis from 3-dehydroquinate	unclassified	1.0000000000
PWY-6270: isoprene biosynthesis I		0.8623172537
PWY-6277: superpathway of 5-aminoimidazole ribonucleotide biosynthesis		1.0000000000
PWY-6277: superpathway of 5-aminoimidazole ribonucleotide biosynthesis	g__Acetomicrobium.s__Acetomicrobium_mobile	0.7869213633
PWY-6277: superpathway of 5-aminoimidazole ribonucleotide biosynthesis	g__Acidovorax.s__Acidovorax_temperans	0.5507755193
PWY-6277: superpathway of 5-aminoimidazole ribonucleotide biosynthesis	g__Methanothrix.s__Methanothrix_soehngenii	0.9998826986
PWY-6277: superpathway of 5-aminoimidazole ribonucleotide biosynthesis	g__Moraxella.s__Moraxella_osloensis	0.6809755126
PWY-6277: superpathway of 5-aminoimidazole ribonucleotide biosynthesis	g__Mycolicibacterium.s__Mycolicibacterium_insubricum	0.8608455158
PWY-6277: superpathway of 5-aminoimidazole ribonucleotide biosynthesis	g__Tepidanaerobacter.s__Tepidanaerobacter_syntrophicus	0.7625155399
PWY-6277: superpathway of 5-aminoimidazole ribonucleotide biosynthesis	g__Tetrasphaera.s__Tetrasphaera_elongata	0.6519302985
PWY-6277: superpathway of 5-aminoimidazole ribonucleotide biosynthesis	unclassified	1.0000000000
PWY-6353: purine nucleotides degradation II (aerobic)		1.0000000000
PWY-6353: purine nucleotides degradation II (aerobic)	g__Candidatus_Cloacimonas.s__Candidatus_Cloacimonas_acidaminovorans	0.6690538711
PWY-6385: peptidoglycan biosynthesis III (mycobacteria)		1.0000000000
PWY-6385: peptidoglycan biosynthesis III (mycobacteria)	unclassified	1.0000000000
PWY-6386: UDP-N-acetylmuramoyl-pentapeptide biosynthesis II (lysine-containing)		1.0000000000
PWY-6386: UDP-N-acetylmuramoyl-pentapeptide biosynthesis II (lysine-containing)	unclassified	1.0000000000
PWY-6387: UDP-N-acetylmuramoyl-pentapeptide biosynthesis I (meso-diaminopimelate containing)		1.0000000000
PWY-6387: UDP-N-acetylmuramoyl-pentapeptide biosynthesis I (meso-diaminopimelate containing)	unclassified	1.0000000000
PWY-6588: pyruvate fermentation to acetone		1.0000000000
PWY-6590: superpathway of Clostridium acetobutylicum acidogenic fermentation		0.9981265574
PWY-6606: guanosine nucleotides degradation II		1.0000000000
PWY-6606: guanosine nucleotides degradation II	g__Candidatus_Cloacimonas.s__Candidatus_Cloacimonas_acidaminovorans	0.9984356944
PWY-6608: guanosine nucleotides degradation III		1.0000000000
PWY-6608: guanosine nucleotides degradation III	g__Candidatus_Cloacimonas.s__Candidatus_Cloacimonas_acidaminovorans	1.0000000000
PWY-6608: guanosine nucleotides degradation III	unclassified	1.0000000000
PWY-6609: adenine and adenosine salvage III		1.0000000000
PWY-6609: adenine and adenosine salvage III	g__Acetomicrobium.s__Acetomicrobium_flavidum	0.7931588495
PWY-6609: adenine and adenosine salvage III	g__Acetomicrobium.s__Acetomicrobium_mobile	0.6462509215
PWY-6609: adenine and adenosine salvage III	g__Candidatus_Cloacimonas.s__Candidatus_Cloacimonas_acidaminovorans	0.9999962590
PWY-6609: adenine and adenosine salvage III	g__Candidatus_Microthrix.s__Candidatus_Microthrix_parvicella	0.6036827670
PWY-6609: adenine and adenosine salvage III	g__Tepidanaerobacter.s__Tepidanaerobacter_syntrophicus	0.8401630426
PWY-6609: adenine and adenosine salvage III	g__Tetrasphaera.s__Tetrasphaera_elongata	0.7051673069
PWY-6609: adenine and adenosine salvage III	unclassified	1.0000000000
PWY66-409: superpathway of purine nucleotide salvage		0.9761145428
PWY66-429: fatty acid biosynthesis initiation (mitochondria)		1.0000000000
PWY66-429: fatty acid biosynthesis initiation (mitochondria)	unclassified	1.0000000000
PWY-6700: queuosine biosynthesis I (de novo)	g__Acetomicrobium.s__Acetomicrobium_mobile	0.7641586208
PWY-6700: queuosine biosynthesis I (de novo)	unclassified	1.0000000000
PWY-6703: preQ0 biosynthesis		1.0000000000
PWY-6823: molybdopterin biosynthesis		1.0000000000
PWY-6823: molybdopterin biosynthesis	g__Candidatus_Microthrix.s__Candidatus_Microthrix_parvicella	0.9524568915
PWY-6823: molybdopterin biosynthesis	g__Enhydrobacter.s__Enhydrobacter_aerosaccus	0.6957162904
PWY-6823: molybdopterin biosynthesis	g__Tetrasphaera.s__Tetrasphaera_elongata	0.8592468785
PWY-6823: molybdopterin biosynthesis	unclassified	1.0000000000
PWY-6897: thiamine diphosphate salvage II	g__Methanospirillum.s__Methanospirillum_hungatei	0.6528825116
PWY-6969: TCA cycle V (2-oxoglutarate synthase)		1.0000000000
PWY-6969: TCA cycle V (2-oxoglutarate synthase)	unclassified	1.0000000000
PWY-7111: pyruvate fermentation to isobutanol (engineered)		1.0000000000
PWY-7111: pyruvate fermentation to isobutanol (engineered)	g__Tetrasphaera.s__Tetrasphaera_elongata	0.5923337132
PWY-7111: pyruvate fermentation to isobutanol (engineered)	unclassified	0.9999999214
PWY-7197: pyrimidine deoxyribonucleotide phosphorylation		1.0000000000
PWY-7197: pyrimidine deoxyribonucleotide phosphorylation	g__Candidatus_Cloacimonas.s__Candidatus_Cloacimonas_acidaminovorans	0.9946087904
PWY-7197: pyrimidine deoxyribonucleotide phosphorylation	g__Candidatus_Microthrix.s__Candidatus_Microthrix_parvicella	0.9938400568
PWY-7197: pyrimidine deoxyribonucleotide phosphorylation	g__Candidatus_Saccharimonas.s__Candidatus_Saccharimonas_aalborgensis	0.5297386351
PWY-7197: pyrimidine deoxyribonucleotide phosphorylation	g__Tepidanaerobacter.s__Tepidanaerobacter_syntrophicus	0.9773977871
PWY-7197: pyrimidine deoxyribonucleotide phosphorylation	unclassified	1.0000000000
PWY-7199: pyrimidine deoxyribonucleosides salvage		0.9052833718
PWY-7199: pyrimidine deoxyribonucleosides salvage	g__Tetrasphaera.s__Tetrasphaera_elongata	0.9885710072
PWY-7199: pyrimidine deoxyribonucleosides salvage	unclassified	1.0000000000
PWY-7200: superpathway of pyrimidine deoxyribonucleoside salvage	unclassified	0.7877580021
PWY-7208: superpathway of pyrimidine nucleobases salvage		1.0000000000
PWY-7208: superpathway of pyrimidine nucleobases salvage	g__Candidatus_Microthrix.s__Candidatus_Microthrix_parvicella	0.9977208214
PWY-7208: superpathway of pyrimidine nucleobases salvage	g__Tepidanaerobacter.s__Tepidanaerobacter_syntrophicus	0.6774513830
PWY-7208: superpathway of pyrimidine nucleobases salvage	unclassified	1.0000000000
PWY-7220: adenosine deoxyribonucleotides de novo biosynthesis II		1.0000000000
PWY-7220: adenosine deoxyribonucleotides de novo biosynthesis II	g__Acidovorax.s__Acidovorax_temperans	0.9685961475
PWY-7220: adenosine deoxyribonucleotides de novo biosynthesis II	g__Azonexus.s__Azonexus_hydrophilus	0.9598579897
PWY-7220: adenosine deoxyribonucleotides de novo biosynthesis II	g__Candidatus_Microthrix.s__Candidatus_Microthrix_parvicella	0.9970065345
PWY-7220: adenosine deoxyribonucleotides de novo biosynthesis II	g__Candidatus_Saccharimonas.s__Candidatus_Saccharimonas_aalborgensis	0.8895749185
PWY-7220: adenosine deoxyribonucleotides de novo biosynthesis II	g__Nakamurella.s__Nakamurella_multipartita	0.7679242026
PWY-7220: adenosine deoxyribonucleotides de novo biosynthesis II	g__Ottowia.s__Ottowia_oryzae	1.0000000000
PWY-7220: adenosine deoxyribonucleotides de novo biosynthesis II	g__Rivicola.s__Rivicola_pingtungensis	0.8222349485
PWY-7220: adenosine deoxyribonucleotides de novo biosynthesis II	g__Tepidanaerobacter.s__Tepidanaerobacter_syntrophicus	0.7409599345
PWY-7220: adenosine deoxyribonucleotides de novo biosynthesis II	g__Thauera.s__Thauera_terpenica	0.9718094035
PWY-7220: adenosine deoxyribonucleotides de novo biosynthesis II	unclassified	1.0000000000
PWY-7221: guanosine ribonucleotides de novo biosynthesis		1.0000000000
PWY-7221: guanosine ribonucleotides de novo biosynthesis	g__Acidovorax.s__Acidovorax_temperans	0.6035019358
PWY-7221: guanosine ribonucleotides de novo biosynthesis	g__Methanospirillum.s__Methanospirillum_hungatei	0.9901555492
PWY-7221: guanosine ribonucleotides de novo biosynthesis	g__Moraxella.s__Moraxella_osloensis	0.5206668806
PWY-7221: guanosine ribonucleotides de novo biosynthesis	g__Petrimonas.s__Petrimonas_mucosa	0.6953311409
PWY-7221: guanosine ribonucleotides de novo biosynthesis	g__Rivicola.s__Rivicola_pingtungensis	0.5934015831
PWY-7221: guanosine ribonucleotides de novo biosynthesis	g__Tetrasphaera.s__Tetrasphaera_elongata	0.6136131167
PWY-7221: guanosine ribonucleotides de novo biosynthesis	unclassified	1.0000000000
PWY-7222: guanosine deoxyribonucleotides de novo biosynthesis II		1.0000000000
PWY-7222: guanosine deoxyribonucleotides de novo biosynthesis II	g__Acidovorax.s__Acidovorax_temperans	0.9685961475
PWY-7222: guanosine deoxyribonucleotides de novo biosynthesis II	g__Azonexus.s__Azonexus_hydrophilus	0.9598579897
PWY-7222: guanosine deoxyribonucleotides de novo biosynthesis II	g__Candidatus_Microthrix.s__Candidatus_Microthrix_parvicella	0.9970065345
PWY-7222: guanosine deoxyribonucleotides de novo biosynthesis II	g__Candidatus_Saccharimonas.s__Candidatus_Saccharimonas_aalborgensis	0.8895749185
PWY-7222: guanosine deoxyribonucleotides de novo biosynthesis II	g__Nakamurella.s__Nakamurella_multipartita	0.7679242026
PWY-7222: guanosine deoxyribonucleotides de novo biosynthesis II	g__Ottowia.s__Ottowia_oryzae	1.0000000000
PWY-7222: guanosine deoxyribonucleotides de novo biosynthesis II	g__Rivicola.s__Rivicola_pingtungensis	0.8222349485
PWY-7222: guanosine deoxyribonucleotides de novo biosynthesis II	g__Tepidanaerobacter.s__Tepidanaerobacter_syntrophicus	0.7409599345
PWY-7222: guanosine deoxyribonucleotides de novo biosynthesis II	g__Thauera.s__Thauera_terpenica	0.9718094035
PWY-7222: guanosine deoxyribonucleotides de novo biosynthesis II	unclassified	1.0000000000
PWY-7228: superpathway of guanosine nucleotides de novo biosynthesis I		1.0000000000
PWY-7228: superpathway of guanosine nucleotides de novo biosynthesis I	g__Acidovorax.s__Acidovorax_temperans	0.6915139063
PWY-7228: superpathway of guanosine nucleotides de novo biosynthesis I	g__Rivicola.s__Rivicola_pingtungensis	0.6545721304
PWY-7228: superpathway of guanosine nucleotides de novo biosynthesis I	unclassified	1.0000000000
PWY-7229: superpathway of adenosine nucleotides de novo biosynthesis I		1.0000000000
PWY-7229: superpathway of adenosine nucleotides de novo biosynthesis I	unclassified	1.0000000000
PWY-7237: myo-, chiro- and scyllo-inositol degradation		1.0000000000
PWY-7237: myo-, chiro- and scyllo-inositol degradation	g__Dysgonamonadaceae_unclassified.s__Dysgonamonadaceae_bacterium	1.0000000000
PWY-7237: myo-, chiro- and scyllo-inositol degradation	g__Nakamurella.s__Nakamurella_multipartita	0.5907871196
PWY-7237: myo-, chiro- and scyllo-inositol degradation	g__Tetrasphaera.s__Tetrasphaera_elongata	0.7241717357
PWY-7237: myo-, chiro- and scyllo-inositol degradation	unclassified	1.0000000000
PWY-7238: sucrose biosynthesis II		1.0000000000
PWY-7238: sucrose biosynthesis II	g__Tetrasphaera.s__Tetrasphaera_elongata	0.7709441873
PWY-7238: sucrose biosynthesis II	unclassified	1.0000000000
PWY-7357: thiamine phosphate formation from pyrithiamine and oxythiamine (yeast)	g__Methanospirillum.s__Methanospirillum_hungatei	0.9271099233
PWY-7383: anaerobic energy metabolism (invertebrates, cytosol)	unclassified	1.0000000000
PWY-7560: methylerythritol phosphate pathway II		0.8456835349
PWY-7663: gondoate biosynthesis (anaerobic)		1.0000000000
PWY-7663: gondoate biosynthesis (anaerobic)	g__Mycolicibacterium.s__Mycolicibacterium_insubricum	0.9413736219
PWY-7663: gondoate biosynthesis (anaerobic)	unclassified	1.0000000000
PWY-7790: UMP biosynthesis II		1.0000000000
PWY-7790: UMP biosynthesis II	unclassified	1.0000000000
PWY-7791: UMP biosynthesis III		1.0000000000
PWY-7791: UMP biosynthesis III	g__Dysgonamonadaceae_unclassified.s__Dysgonamonadaceae_bacterium	0.7826645398
PWY-7791: UMP biosynthesis III	unclassified	1.0000000000
PWY-7851: coenzyme A biosynthesis II (eukaryotic)		1.0000000000
PWY-7851: coenzyme A biosynthesis II (eukaryotic)	g__Moraxella.s__Moraxella_osloensis	0.7105902396
PWY-7851: coenzyme A biosynthesis II (eukaryotic)	unclassified	1.0000000000
PWY-7977: L-methionine biosynthesis IV		1.0000000000
PWY-7977: L-methionine biosynthesis IV	g__Acidovorax.s__Acidovorax_defluvii	0.9996890800
PWY-7977: L-methionine biosynthesis IV	g__Dysgonamonadaceae_unclassified.s__Dysgonamonadaceae_bacterium	0.6383721604
PWY-7977: L-methionine biosynthesis IV	g__Mycolicibacterium.s__Mycolicibacterium_insubricum	0.9447580360
PWY-7977: L-methionine biosynthesis IV	unclassified	1.0000000000
PWY-8073: lipid IVA biosynthesis (P. putida)	g__Dysgonamonadaceae_unclassified.s__Dysgonamonadaceae_bacterium	0.6370730804
PWY-8178: pentose phosphate pathway (non-oxidative branch) II		1.0000000000
PWY-8178: pentose phosphate pathway (non-oxidative branch) II	unclassified	1.0000000000
PWY-8187: L-arginine degradation XIII (reductive Stickland reaction)		1.0000000000
PWY-8187: L-arginine degradation XIII (reductive Stickland reaction)	g__Tepidanaerobacter.s__Tepidanaerobacter_syntrophicus	0.9000833515
PWY-8187: L-arginine degradation XIII (reductive Stickland reaction)	unclassified	1.0000000000
PWY-841: superpathway of purine nucleotides de novo biosynthesis I		1.0000000000
PWY-841: superpathway of purine nucleotides de novo biosynthesis I	unclassified	1.0000000000
PYRIDNUCSYN-PWY: NAD de novo biosynthesis I (from aspartate)		1.0000000000
PYRIDNUCSYN-PWY: NAD de novo biosynthesis I (from aspartate)	unclassified	1.0000000000
RIBOSYN2-PWY: flavin biosynthesis I (bacteria and plants)	g__Acetomicrobium.s__Acetomicrobium_mobile	0.5181159806
SALVADEHYPOX-PWY: adenosine nucleotides degradation II		1.0000000000
SALVADEHYPOX-PWY: adenosine nucleotides degradation II	g__Candidatus_Cloacimonas.s__Candidatus_Cloacimonas_acidaminovorans	1.0000000000
SALVADEHYPOX-PWY: adenosine nucleotides degradation II	g__Tetrasphaera.s__Tetrasphaera_elongata	0.6643555850
SALVADEHYPOX-PWY: adenosine nucleotides degradation II	unclassified	1.0000000000
SER-GLYSYN-PWY: superpathway of L-serine and glycine biosynthesis I		1.0000000000
SER-GLYSYN-PWY: superpathway of L-serine and glycine biosynthesis I	g__Methanothrix.s__Methanothrix_soehngenii	0.7140926539
SER-GLYSYN-PWY: superpathway of L-serine and glycine biosynthesis I	unclassified	1.0000000000
SO4ASSIM-PWY: assimilatory sulfate reduction I	g__Mycolicibacterium.s__Mycolicibacterium_insubricum	0.6210706654
THRESYN-PWY: superpathway of L-threonine biosynthesis	g__Acetomicrobium.s__Acetomicrobium_flavidum	0.7277907750
THRESYN-PWY: superpathway of L-threonine biosynthesis	g__Acetomicrobium.s__Acetomicrobium_mobile	0.5071678182
THRESYN-PWY: superpathway of L-threonine biosynthesis	unclassified	0.9988006163
TRNA-CHARGING-PWY: tRNA charging		1.0000000000
TRNA-CHARGING-PWY: tRNA charging	unclassified	1.0000000000
TRPSYN-PWY: L-tryptophan biosynthesis	g__Dysgonamonadaceae_unclassified.s__Dysgonamonadaceae_bacterium	0.9782442098
UDPNAGSYN-PWY: UDP-N-acetyl-D-glucosamine biosynthesis I		1.0000000000
UDPNAGSYN-PWY: UDP-N-acetyl-D-glucosamine biosynthesis I	g__Enhydrobacter.s__Enhydrobacter_aerosaccus	0.5547574477
UDPNAGSYN-PWY: UDP-N-acetyl-D-glucosamine biosynthesis I	g__Moraxella.s__Moraxella_osloensis	0.8080676606
UDPNAGSYN-PWY: UDP-N-acetyl-D-glucosamine biosynthesis I	g__Tetrasphaera.s__Tetrasphaera_elongata	0.5675766842
UNINTEGRATED		1.0000000000
UNINTEGRATED	g__Acetomicrobium.s__Acetomicrobium_flavidum	1.0000000000
UNINTEGRATED	g__Acetomicrobium.s__Acetomicrobium_mobile	1.0000000000
UNINTEGRATED	g__Acidovorax.s__Acidovorax_defluvii	1.0000000000
UNINTEGRATED	g__Acidovorax.s__Acidovorax_temperans	1.0000000000
UNINTEGRATED	g__Acinetobacter.s__Acinetobacter_johnsonii	1.0000000000
UNINTEGRATED	g__Arcobacter.s__Arcobacter_cryaerophilus	1.0000000000
UNINTEGRATED	g__Azonexus.s__Azonexus_hydrophilus	1.0000000000
UNINTEGRATED	g__Bacteroides.s__Bacteroides_graminisolvens	1.0000000000
UNINTEGRATED	g__Candidatus_Cloacimonas.s__Candidatus_Cloacimonas_acidaminovorans	1.0000000000
UNINTEGRATED	g__Candidatus_Microthrix.s__Candidatus_Microthrix_parvicella	1.0000000000
UNINTEGRATED	g__Candidatus_Saccharimonas.s__Candidatus_Saccharimonas_aalborgensis	1.0000000000
UNINTEGRATED	g__Cloacibacterium.s__Cloacibacterium_normanense	1.0000000000
UNINTEGRATED	g__Coprothermobacter.s__Coprothermobacter_proteolyticus	1.0000000000
UNINTEGRATED	g__Dysgonamonadaceae_unclassified.s__Dysgonamonadaceae_bacterium	1.0000000000
UNINTEGRATED	g__Enhydrobacter.s__Enhydrobacter_aerosaccus	1.0000000000
UNINTEGRATED	g__Laribacter.s__Laribacter_hongkongensis	1.0000000000
UNINTEGRATED	g__Methanospirillum.s__Methanospirillum_hungatei	1.0000000000
UNINTEGRATED	g__Methanothrix.s__Methanothrix_soehngenii	1.0000000000
UNINTEGRATED	g__Micropruina.s__Micropruina_glycogenica	1.0000000000
UNINTEGRATED	g__Moraxella.s__Moraxella_osloensis	1.0000000000
UNINTEGRATED	g__Mycolicibacterium.s__Mycolicibacterium_insubricum	1.0000000000
UNINTEGRATED	g__Nakamurella.s__Nakamurella_multipartita	1.0000000000
UNINTEGRATED	g__Ottowia.s__Ottowia_oryzae	1.0000000000
UNINTEGRATED	g__Parabacteroides.s__Parabacteroides_chartae	1.0000000000
UNINTEGRATED	g__Petrimonas.s__Petrimonas_mucosa	1.0000000000
UNINTEGRATED	g__Rivicola.s__Rivicola_pingtungensis	1.0000000000
UNINTEGRATED	g__Tepidanaerobacter.s__Tepidanaerobacter_syntrophicus	1.0000000000
UNINTEGRATED	g__Tetrasphaera.s__Tetrasphaera_elongata	1.0000000000
UNINTEGRATED	g__Thauera.s__Thauera_terpenica	1.0000000000
UNINTEGRATED	g__Thermanaerovibrio.s__Thermanaerovibrio_acidaminovorans	1.0000000000
UNINTEGRATED	unclassified	1.0000000000
UNMAPPED		1.0000000000
VALSYN-PWY: L-valine biosynthesis		1.0000000000
VALSYN-PWY: L-valine biosynthesis	g__Acetomicrobium.s__Acetomicrobium_flavidum	0.6392049029
VALSYN-PWY: L-valine biosynthesis	g__Acidovorax.s__Acidovorax_defluvii	0.9100724352
VALSYN-PWY: L-valine biosynthesis	g__Acidovorax.s__Acidovorax_temperans	0.9606823614
VALSYN-PWY: L-valine biosynthesis	g__Candidatus_Microthrix.s__Candidatus_Microthrix_parvicella	0.5746588827
VALSYN-PWY: L-valine biosynthesis	g__Methanothrix.s__Methanothrix_soehngenii	0.9637679961
VALSYN-PWY: L-valine biosynthesis	g__Mycolicibacterium.s__Mycolicibacterium_insubricum	0.9522853404
VALSYN-PWY: L-valine biosynthesis	g__Tepidanaerobacter.s__Tepidanaerobacter_syntrophicus	0.8386883915
VALSYN-PWY: L-valine biosynthesis	g__Tetrasphaera.s__Tetrasphaera_elongata	0.8189415931
VALSYN-PWY: L-valine biosynthesis	unclassified	1.0000000000
