# Pathway	P21158_94_S14_Abundance
UNMAPPED	6631911.4058774505
UNINTEGRATED	5296304.0647942713
UNINTEGRATED|unclassified	6945465.0086772665
UNINTEGRATED|g__Oenococcus.s__Oenococcus_oeni	438852.0426425834
UNINTEGRATED|g__Candidatus_Cloacimonas.s__Candidatus_Cloacimonas_acidaminovorans	111301.2491064621
UNINTEGRATED|g__Methanospirillum.s__Methanospirillum_hungatei	8916.9725211762
DTDPRHAMSYN-PWY: dTDP-&beta;-L-rhamnose biosynthesis	8026.0310200416
DTDPRHAMSYN-PWY: dTDP-&beta;-L-rhamnose biosynthesis|g__Oenococcus.s__Oenococcus_oeni	7683.2003948162
PWY66-429: fatty acid biosynthesis initiation (mitochondria)	2284.9130051425
PWY66-429: fatty acid biosynthesis initiation (mitochondria)|g__Oenococcus.s__Oenococcus_oeni	2103.4389888810
SER-GLYSYN-PWY: superpathway of L-serine and glycine biosynthesis I	1643.4156131646
SER-GLYSYN-PWY: superpathway of L-serine and glycine biosynthesis I|g__Candidatus_Cloacimonas.s__Candidatus_Cloacimonas_acidaminovorans	298.9483630880
SER-GLYSYN-PWY: superpathway of L-serine and glycine biosynthesis I|unclassified	281.7077703187
PWY-3841: folate transformations II (plants)	922.7199817992
PWY-3841: folate transformations II (plants)|g__Oenococcus.s__Oenococcus_oeni	239.4508194500
PWY-7229: superpathway of adenosine nucleotides de novo biosynthesis I	889.3598784936
PWY-7229: superpathway of adenosine nucleotides de novo biosynthesis I|unclassified	58.8144883364
PWY-6609: adenine and adenosine salvage III	879.9723704050
PWY-6609: adenine and adenosine salvage III|g__Candidatus_Cloacimonas.s__Candidatus_Cloacimonas_acidaminovorans	323.5892112921
PWY-6609: adenine and adenosine salvage III|unclassified	281.5280319464
PWY-5695: inosine 5'-phosphate degradation	841.5506488581
PWY-5695: inosine 5'-phosphate degradation|unclassified	382.3746097020
PWY-5695: inosine 5'-phosphate degradation|g__Candidatus_Cloacimonas.s__Candidatus_Cloacimonas_acidaminovorans	232.3099886138
PWY-6126: superpathway of adenosine nucleotides de novo biosynthesis II	839.0058996015
PWY-6126: superpathway of adenosine nucleotides de novo biosynthesis II|unclassified	63.5260804233
PWY-7220: adenosine deoxyribonucleotides de novo biosynthesis II	827.3262988427
PWY-7220: adenosine deoxyribonucleotides de novo biosynthesis II|unclassified	154.7326427521
PWY-7220: adenosine deoxyribonucleotides de novo biosynthesis II|g__Candidatus_Cloacimonas.s__Candidatus_Cloacimonas_acidaminovorans	42.0039737366
PWY-7222: guanosine deoxyribonucleotides de novo biosynthesis II	827.3262988427
PWY-7222: guanosine deoxyribonucleotides de novo biosynthesis II|unclassified	154.7326427521
PWY-7222: guanosine deoxyribonucleotides de novo biosynthesis II|g__Candidatus_Cloacimonas.s__Candidatus_Cloacimonas_acidaminovorans	42.0039737366
PWY-7228: superpathway of guanosine nucleotides de novo biosynthesis I	812.6567919132
PWY-7228: superpathway of guanosine nucleotides de novo biosynthesis I|unclassified	110.1522737216
PWY-7228: superpathway of guanosine nucleotides de novo biosynthesis I|g__Candidatus_Cloacimonas.s__Candidatus_Cloacimonas_acidaminovorans	56.8185365845
METH-ACETATE-PWY: methanogenesis from acetate	798.9444060414
METH-ACETATE-PWY: methanogenesis from acetate|unclassified	413.7076698029
PWY-6125: superpathway of guanosine nucleotides de novo biosynthesis II	763.9928737925
PWY-6125: superpathway of guanosine nucleotides de novo biosynthesis II|g__Candidatus_Cloacimonas.s__Candidatus_Cloacimonas_acidaminovorans	53.4403987575
PWY-7221: guanosine ribonucleotides de novo biosynthesis	747.1281864813
PWY-7221: guanosine ribonucleotides de novo biosynthesis|g__Oenococcus.s__Oenococcus_oeni	256.6961599396
PWY-7221: guanosine ribonucleotides de novo biosynthesis|unclassified	92.4704679117
PWY-7221: guanosine ribonucleotides de novo biosynthesis|g__Candidatus_Cloacimonas.s__Candidatus_Cloacimonas_acidaminovorans	75.9208966576
SALVADEHYPOX-PWY: adenosine nucleotides degradation II	714.7311202035
SALVADEHYPOX-PWY: adenosine nucleotides degradation II|unclassified	358.0358497116
SALVADEHYPOX-PWY: adenosine nucleotides degradation II|g__Candidatus_Cloacimonas.s__Candidatus_Cloacimonas_acidaminovorans	217.2900717843
PWY-7197: pyrimidine deoxyribonucleotide phosphorylation	703.7344129517
PWY-7197: pyrimidine deoxyribonucleotide phosphorylation|unclassified	202.2797247713
PWY-6608: guanosine nucleotides degradation III	664.9933377438
PWY-6608: guanosine nucleotides degradation III|unclassified	319.0440904990
PWY-6608: guanosine nucleotides degradation III|g__Candidatus_Cloacimonas.s__Candidatus_Cloacimonas_acidaminovorans	232.3099886138
PEPTIDOGLYCANSYN-PWY: peptidoglycan biosynthesis I (meso-diaminopimelate containing)	651.7418673715
PEPTIDOGLYCANSYN-PWY: peptidoglycan biosynthesis I (meso-diaminopimelate containing)|g__Oenococcus.s__Oenococcus_oeni	500.5053498445
PEPTIDOGLYCANSYN-PWY: peptidoglycan biosynthesis I (meso-diaminopimelate containing)|unclassified	48.6637662678
TRNA-CHARGING-PWY: tRNA charging	640.8628097400
PWY0-1477: ethanolamine utilization	622.5465081471
PWY0-1477: ethanolamine utilization|unclassified	297.5752408361
PWY-6387: UDP-N-acetylmuramoyl-pentapeptide biosynthesis I (meso-diaminopimelate containing)	589.3993634766
PWY-6387: UDP-N-acetylmuramoyl-pentapeptide biosynthesis I (meso-diaminopimelate containing)|g__Oenococcus.s__Oenococcus_oeni	447.5901108837
PWY-6387: UDP-N-acetylmuramoyl-pentapeptide biosynthesis I (meso-diaminopimelate containing)|unclassified	43.8500095089
CITRULBIO-PWY: L-citrulline biosynthesis	587.5858518071
PWY-7208: superpathway of pyrimidine nucleobases salvage	579.1202935185
PWY-7208: superpathway of pyrimidine nucleobases salvage|unclassified	147.3357782205
PWY-7208: superpathway of pyrimidine nucleobases salvage|g__Candidatus_Cloacimonas.s__Candidatus_Cloacimonas_acidaminovorans	48.8828896373
PWY-6386: UDP-N-acetylmuramoyl-pentapeptide biosynthesis II (lysine-containing)	572.1741296712
PWY-6386: UDP-N-acetylmuramoyl-pentapeptide biosynthesis II (lysine-containing)|g__Oenococcus.s__Oenococcus_oeni	439.6709284616
PWY-6386: UDP-N-acetylmuramoyl-pentapeptide biosynthesis II (lysine-containing)|unclassified	53.5065933071
PWY-6353: purine nucleotides degradation II (aerobic)	552.4173328158
PWY-6353: purine nucleotides degradation II (aerobic)|unclassified	317.3142717887
PWY-6317: D-galactose degradation I (Leloir pathway)	494.4555860411
ANAGLYCOLYSIS-PWY: glycolysis III (from glucose)	484.0996818435
ANAGLYCOLYSIS-PWY: glycolysis III (from glucose)|unclassified	188.8766341416
PWY-6385: peptidoglycan biosynthesis III (mycobacteria)	445.9169817613
PWY-8187: L-arginine degradation XIII (reductive Stickland reaction)	439.7232956881
PWY-5384: sucrose degradation IV (sucrose phosphorylase)	437.9489875454
PWY-5384: sucrose degradation IV (sucrose phosphorylase)|unclassified	60.4704136193
GLYCOLYSIS: glycolysis I (from glucose 6-phosphate)	435.1331730533
GLYCOLYSIS: glycolysis I (from glucose 6-phosphate)|unclassified	161.1864368394
PWY-5100: pyruvate fermentation to acetate and lactate II	428.9438531724
PWY-5100: pyruvate fermentation to acetate and lactate II|unclassified	56.3661379088
OANTIGEN-PWY: O-antigen building blocks biosynthesis (E. coli)	419.1940760944
PWY-8178: pentose phosphate pathway (non-oxidative branch) II	414.8056663633
PWY-8178: pentose phosphate pathway (non-oxidative branch) II|unclassified	184.5371861763
PWY-8178: pentose phosphate pathway (non-oxidative branch) II|g__Candidatus_Cloacimonas.s__Candidatus_Cloacimonas_acidaminovorans	109.8612290139
PWY-6527: stachyose degradation	411.5404456052
PWY-6527: stachyose degradation|g__Oenococcus.s__Oenococcus_oeni	222.3261371122
PWY-2941: L-lysine biosynthesis II	406.4927474367
PWY-6606: guanosine nucleotides degradation II	395.0697959199
PWY-6606: guanosine nucleotides degradation II|unclassified	319.0440904990
PWY66-409: superpathway of purine nucleotide salvage	382.2601984472
PWY-5130: 2-oxobutanoate degradation I	376.5768806504
PWY-6588: pyruvate fermentation to acetone	354.7121989916
P164-PWY: purine nucleobases degradation I (anaerobic)	354.5500899981
P164-PWY: purine nucleobases degradation I (anaerobic)|unclassified	102.9043660413
PWY-1042: glycolysis IV	348.6585355460
PWY-1042: glycolysis IV|g__Candidatus_Cloacimonas.s__Candidatus_Cloacimonas_acidaminovorans	226.5192542409
PWY-1042: glycolysis IV|unclassified	109.6947146580
ARGININE-SYN4-PWY: L-ornithine biosynthesis II	346.1482406281
PWY-5209: methyl-coenzyme M oxidation to CO2	337.1653904897
PWY-5209: methyl-coenzyme M oxidation to CO2|unclassified	147.2043511438
PWY-5209: methyl-coenzyme M oxidation to CO2|g__Methanospirillum.s__Methanospirillum_hungatei	96.2807703498
PWY-7199: pyrimidine deoxyribonucleosides salvage	324.8247758459
NONOXIPENT-PWY: pentose phosphate pathway (non-oxidative branch) I	322.2434049646
NONOXIPENT-PWY: pentose phosphate pathway (non-oxidative branch) I|unclassified	148.8377134586
PWY-7200: superpathway of pyrimidine deoxyribonucleoside salvage	316.7438424742
PWY-7237: myo-, chiro- and scyllo-inositol degradation	311.1475330891
PWY-7237: myo-, chiro- and scyllo-inositol degradation|unclassified	27.0135913332
PWY-6590: superpathway of Clostridium acetobutylicum acidogenic fermentation	310.1834620018
COA-PWY: coenzyme A biosynthesis I (prokaryotic)	296.3369049708
COA-PWY: coenzyme A biosynthesis I (prokaryotic)|g__Oenococcus.s__Oenococcus_oeni	115.4344332816
COA-PWY: coenzyme A biosynthesis I (prokaryotic)|g__Candidatus_Cloacimonas.s__Candidatus_Cloacimonas_acidaminovorans	98.9512692585
COA-PWY: coenzyme A biosynthesis I (prokaryotic)|unclassified	29.8166006172
PWY-7851: coenzyme A biosynthesis II (eukaryotic)	296.3369049708
PWY-7851: coenzyme A biosynthesis II (eukaryotic)|g__Oenococcus.s__Oenococcus_oeni	115.4344332816
UDPNAGSYN-PWY: UDP-N-acetyl-D-glucosamine biosynthesis I	292.1250918770
UDPNAGSYN-PWY: UDP-N-acetyl-D-glucosamine biosynthesis I|g__Candidatus_Cloacimonas.s__Candidatus_Cloacimonas_acidaminovorans	84.7505862341
PENTOSE-P-PWY: pentose phosphate pathway	281.9996560078
PWY-7238: sucrose biosynthesis II	274.0644587597
PWY-7238: sucrose biosynthesis II|unclassified	201.4935733138
PWY-7238: sucrose biosynthesis II|g__Candidatus_Cloacimonas.s__Candidatus_Cloacimonas_acidaminovorans	72.5638483899
PWY-6151: S-adenosyl-L-methionine salvage I	272.5907064876
PWY-6151: S-adenosyl-L-methionine salvage I|g__Oenococcus.s__Oenococcus_oeni	231.8730218351
CENTFERM-PWY: pyruvate fermentation to butanoate	272.5357261541
PWY-841: superpathway of purine nucleotides de novo biosynthesis I	252.4181977588
PWY-5941: glycogen degradation II	232.8866758801
PWY-5941: glycogen degradation II|unclassified	187.2824124186
PWY-1861: formaldehyde assimilation II (assimilatory RuMP Cycle)	231.8167410859
PWY-5136: fatty acid &beta;-oxidation II (plant peroxisome)	229.1376661564
PWY-5136: fatty acid &beta;-oxidation II (plant peroxisome)|unclassified	229.1376661564
PWY-7328: superpathway of UDP-glucose-derived O-antigen building blocks biosynthesis	225.5288731707
PWY-5659: GDP-mannose biosynthesis	219.1622104784
PWY-5659: GDP-mannose biosynthesis|unclassified	69.0507296000
PWY-5659: GDP-mannose biosynthesis|g__Candidatus_Cloacimonas.s__Candidatus_Cloacimonas_acidaminovorans	60.1103320509
PWY0-1296: purine ribonucleosides degradation	200.9109876102
PWY0-1296: purine ribonucleosides degradation|unclassified	150.8031479698
PWY66-399: gluconeogenesis III	197.6662508291
PWY66-399: gluconeogenesis III|unclassified	118.0238712435
PWY-6309: L-tryptophan degradation XI (mammalian, via kynurenine)	187.4842090110
PWY-6309: L-tryptophan degradation XI (mammalian, via kynurenine)|g__Candidatus_Cloacimonas.s__Candidatus_Cloacimonas_acidaminovorans	187.4842090110
PWY-6123: inosine-5'-phosphate biosynthesis I	183.8006654298
PWY-6123: inosine-5'-phosphate biosynthesis I|g__Candidatus_Cloacimonas.s__Candidatus_Cloacimonas_acidaminovorans	49.5402026182
GLYCOGENSYNTH-PWY: glycogen biosynthesis I (from ADP-D-Glucose)	183.2063211820
GLYCOGENSYNTH-PWY: glycogen biosynthesis I (from ADP-D-Glucose)|unclassified	183.2063211820
PWY-6936: seleno-amino acid biosynthesis (plants)	168.0637524724
GLYCOCAT-PWY: glycogen degradation I	166.6970382704
GLYCOCAT-PWY: glycogen degradation I|unclassified	101.5960326645
PWY0-1298: superpathway of pyrimidine deoxyribonucleosides degradation	166.6968901518
PWY-6121: 5-aminoimidazole ribonucleotide biosynthesis I	165.3756724800
PWY-6121: 5-aminoimidazole ribonucleotide biosynthesis I|g__Candidatus_Cloacimonas.s__Candidatus_Cloacimonas_acidaminovorans	79.8804081179
PWY-6124: inosine-5'-phosphate biosynthesis II	165.0971442237
PWY-6124: inosine-5'-phosphate biosynthesis II|g__Candidatus_Cloacimonas.s__Candidatus_Cloacimonas_acidaminovorans	42.9039866404
PWY-5097: L-lysine biosynthesis VI	158.4536203979
PWY-6122: 5-aminoimidazole ribonucleotide biosynthesis II	153.3495231464
PWY-6122: 5-aminoimidazole ribonucleotide biosynthesis II|g__Candidatus_Cloacimonas.s__Candidatus_Cloacimonas_acidaminovorans	93.0440674520
PWY-6277: superpathway of 5-aminoimidazole ribonucleotide biosynthesis	153.3495231464
PWY-6277: superpathway of 5-aminoimidazole ribonucleotide biosynthesis|g__Candidatus_Cloacimonas.s__Candidatus_Cloacimonas_acidaminovorans	93.0440674520
PWY-6823: molybdopterin biosynthesis	148.7527571374
PWY-6823: molybdopterin biosynthesis|unclassified	148.7527571374
COLANSYN-PWY: colanic acid building blocks biosynthesis	141.5111117041
PWY-5484: glycolysis II (from fructose 6-phosphate)	140.4199481918
PWY-5484: glycolysis II (from fructose 6-phosphate)|unclassified	96.6836787155
PWY-6160: 3-dehydroquinate biosynthesis II (archaea)	136.2654737359
PWY-1269: CMP-3-deoxy-D-manno-octulosonate biosynthesis	129.9979166852
PWY-1269: CMP-3-deoxy-D-manno-octulosonate biosynthesis|g__Candidatus_Cloacimonas.s__Candidatus_Cloacimonas_acidaminovorans	120.4220120216
PWY-724: superpathway of L-lysine, L-threonine and L-methionine biosynthesis II	128.0265467926
DAPLYSINESYN-PWY: L-lysine biosynthesis I	127.3366748109
CALVIN-PWY: Calvin-Benson-Bassham cycle	119.2174161198
CALVIN-PWY: Calvin-Benson-Bassham cycle|unclassified	106.7161511534
P42-PWY: incomplete reductive TCA cycle	117.9675859656
HISDEG-PWY: L-histidine degradation I	111.0034425279
HISDEG-PWY: L-histidine degradation I|g__Candidatus_Cloacimonas.s__Candidatus_Cloacimonas_acidaminovorans	83.3483048257
PWY-7111: pyruvate fermentation to isobutanol (engineered)	105.9614431568
PWY-7111: pyruvate fermentation to isobutanol (engineered)|unclassified	89.1392061481
P163-PWY: L-lysine fermentation to acetate and butanoate	103.5112550854
P163-PWY: L-lysine fermentation to acetate and butanoate|g__Candidatus_Cloacimonas.s__Candidatus_Cloacimonas_acidaminovorans	70.7926646586
PWY-5686: UMP biosynthesis I	101.4474129374
PWY-7790: UMP biosynthesis II	101.4474129374
PWY-7791: UMP biosynthesis III	101.4474129374
PANTOSYN-PWY: superpathway of coenzyme A biosynthesis I (bacteria)	99.9462854747
PWY-5667: CDP-diacylglycerol biosynthesis I	98.9084590256
PWY0-1319: CDP-diacylglycerol biosynthesis II	98.9084590256
PWY-5981: CDP-diacylglycerol biosynthesis III	98.4763958010
VALSYN-PWY: L-valine biosynthesis	95.0655920985
VALSYN-PWY: L-valine biosynthesis|unclassified	80.6102193520
VALSYN-PWY: L-valine biosynthesis|g__Methanospirillum.s__Methanospirillum_hungatei	40.2238654495
COA-PWY-1: superpathway of coenzyme A biosynthesis III (mammals)	91.6251844345
THRESYN-PWY: superpathway of L-threonine biosynthesis	89.3628486760
PWY4FS-7: phosphatidylglycerol biosynthesis I (plastidic)	87.2797993273
PWY4FS-8: phosphatidylglycerol biosynthesis II (non-plastidic)	87.2797993273
PWY-7234: inosine-5'-phosphate biosynthesis III	86.1416596571
PWY-5497: purine nucleobases degradation II (anaerobic)	84.3835764722
PWY-6700: queuosine biosynthesis I (de novo)	78.4875094047
PYRIDNUCSYN-PWY: NAD de novo biosynthesis I (from aspartate)	73.6216425318
NAGLIPASYN-PWY: lipid IVA biosynthesis (E. coli)	73.0309735755
PWY-8073: lipid IVA biosynthesis (P. putida)	73.0309735755
PWY-5030: L-histidine degradation III	69.0123948951
PWY-5030: L-histidine degradation III|g__Candidatus_Cloacimonas.s__Candidatus_Cloacimonas_acidaminovorans	46.8523712714
PWY-621: sucrose degradation III (sucrose invertase)	64.4775667689
PWY-621: sucrose degradation III (sucrose invertase)|unclassified	51.3442716383
ILEUSYN-PWY: L-isoleucine biosynthesis I (from threonine)	62.9437096199
PWY-6147: 6-hydroxymethyl-dihydropterin diphosphate biosynthesis I	55.8958575859
PANTO-PWY: phosphopantothenate biosynthesis I	54.5134429996
PWY-5103: L-isoleucine biosynthesis III	49.5803808428
PWY-6703: preQ0 biosynthesis	30.9438650521
PWY-6703: preQ0 biosynthesis|g__Candidatus_Cloacimonas.s__Candidatus_Cloacimonas_acidaminovorans	26.8541628334