# Pathway	P21158_94_S14_Abundance
UNMAPPED	0.55383
UNINTEGRATED	0.442293
UNINTEGRATED|unclassified	0.580014
UNINTEGRATED|g__Oenococcus.s__Oenococcus_oeni	0.0366484
UNINTEGRATED|g__Candidatus_Cloacimonas.s__Candidatus_Cloacimonas_acidaminovorans	0.00929475
UNINTEGRATED|g__Methanospirillum.s__Methanospirillum_hungatei	0.000744655
DTDPRHAMSYN-PWY: dTDP-&beta;-L-rhamnose biosynthesis	0.000670252
DTDPRHAMSYN-PWY: dTDP-&beta;-L-rhamnose biosynthesis|g__Oenococcus.s__Oenococcus_oeni	0.000641623
PWY66-429: fatty acid biosynthesis initiation (mitochondria)	0.000190813
PWY66-429: fatty acid biosynthesis initiation (mitochondria)|g__Oenococcus.s__Oenococcus_oeni	0.000175658
SER-GLYSYN-PWY: superpathway of L-serine and glycine biosynthesis I	0.000137241
SER-GLYSYN-PWY: superpathway of L-serine and glycine biosynthesis I|g__Candidatus_Cloacimonas.s__Candidatus_Cloacimonas_acidaminovorans	2.49651e-05
SER-GLYSYN-PWY: superpathway of L-serine and glycine biosynthesis I|unclassified	2.35254e-05
PWY-3841: folate transformations II (plants)	7.70562e-05
PWY-3841: folate transformations II (plants)|g__Oenococcus.s__Oenococcus_oeni	1.99965e-05
PWY-7229: superpathway of adenosine nucleotides de novo biosynthesis I	7.42703e-05
PWY-7229: superpathway of adenosine nucleotides de novo biosynthesis I|unclassified	4.91159e-06
PWY-6609: adenine and adenosine salvage III	7.34863e-05
PWY-6609: adenine and adenosine salvage III|g__Candidatus_Cloacimonas.s__Candidatus_Cloacimonas_acidaminovorans	2.70229e-05
PWY-6609: adenine and adenosine salvage III|unclassified	2.35104e-05
PWY-5695: inosine 5'-phosphate degradation	7.02777e-05
PWY-5695: inosine 5'-phosphate degradation|unclassified	3.1932e-05
PWY-5695: inosine 5'-phosphate degradation|g__Candidatus_Cloacimonas.s__Candidatus_Cloacimonas_acidaminovorans	1.94002e-05
PWY-6126: superpathway of adenosine nucleotides de novo biosynthesis II	7.00652e-05
PWY-6126: superpathway of adenosine nucleotides de novo biosynthesis II|unclassified	5.30505e-06
PWY-7220: adenosine deoxyribonucleotides de novo biosynthesis II	6.90899e-05
PWY-7220: adenosine deoxyribonucleotides de novo biosynthesis II|unclassified	1.29217e-05
PWY-7220: adenosine deoxyribonucleotides de novo biosynthesis II|g__Candidatus_Cloacimonas.s__Candidatus_Cloacimonas_acidaminovorans	3.50774e-06
PWY-7222: guanosine deoxyribonucleotides de novo biosynthesis II	6.90899e-05
PWY-7222: guanosine deoxyribonucleotides de novo biosynthesis II|unclassified	1.29217e-05
PWY-7222: guanosine deoxyribonucleotides de novo biosynthesis II|g__Candidatus_Cloacimonas.s__Candidatus_Cloacimonas_acidaminovorans	3.50774e-06
PWY-7228: superpathway of guanosine nucleotides de novo biosynthesis I	6.78648e-05
PWY-7228: superpathway of guanosine nucleotides de novo biosynthesis I|unclassified	9.19879e-06
PWY-7228: superpathway of guanosine nucleotides de novo biosynthesis I|g__Candidatus_Cloacimonas.s__Candidatus_Cloacimonas_acidaminovorans	4.7449e-06
METH-ACETATE-PWY: methanogenesis from acetate	6.67197e-05
METH-ACETATE-PWY: methanogenesis from acetate|unclassified	3.45486e-05
PWY-6125: superpathway of guanosine nucleotides de novo biosynthesis II	6.38009e-05
PWY-6125: superpathway of guanosine nucleotides de novo biosynthesis II|g__Candidatus_Cloacimonas.s__Candidatus_Cloacimonas_acidaminovorans	4.4628e-06
PWY-7221: guanosine ribonucleotides de novo biosynthesis	6.23925e-05
PWY-7221: guanosine ribonucleotides de novo biosynthesis|g__Oenococcus.s__Oenococcus_oeni	2.14366e-05
PWY-7221: guanosine ribonucleotides de novo biosynthesis|unclassified	7.72219e-06
PWY-7221: guanosine ribonucleotides de novo biosynthesis|g__Candidatus_Cloacimonas.s__Candidatus_Cloacimonas_acidaminovorans	6.34014e-06
SALVADEHYPOX-PWY: adenosine nucleotides degradation II	5.96871e-05
SALVADEHYPOX-PWY: adenosine nucleotides degradation II|unclassified	2.98995e-05
SALVADEHYPOX-PWY: adenosine nucleotides degradation II|g__Candidatus_Cloacimonas.s__Candidatus_Cloacimonas_acidaminovorans	1.81459e-05
PWY-7197: pyrimidine deoxyribonucleotide phosphorylation	5.87687e-05
PWY-7197: pyrimidine deoxyribonucleotide phosphorylation|unclassified	1.68923e-05
PWY-6608: guanosine nucleotides degradation III	5.55335e-05
PWY-6608: guanosine nucleotides degradation III|unclassified	2.66433e-05
PWY-6608: guanosine nucleotides degradation III|g__Candidatus_Cloacimonas.s__Candidatus_Cloacimonas_acidaminovorans	1.94002e-05
PEPTIDOGLYCANSYN-PWY: peptidoglycan biosynthesis I (meso-diaminopimelate containing)	5.44268e-05
PEPTIDOGLYCANSYN-PWY: peptidoglycan biosynthesis I (meso-diaminopimelate containing)|g__Oenococcus.s__Oenococcus_oeni	4.17971e-05
PEPTIDOGLYCANSYN-PWY: peptidoglycan biosynthesis I (meso-diaminopimelate containing)|unclassified	4.0639e-06
TRNA-CHARGING-PWY: tRNA charging	5.35183e-05
PWY0-1477: ethanolamine utilization	5.19887e-05
PWY0-1477: ethanolamine utilization|unclassified	2.48504e-05
PWY-6387: UDP-N-acetylmuramoyl-pentapeptide biosynthesis I (meso-diaminopimelate containing)	4.92206e-05
PWY-6387: UDP-N-acetylmuramoyl-pentapeptide biosynthesis I (meso-diaminopimelate containing)|g__Oenococcus.s__Oenococcus_oeni	3.73782e-05
PWY-6387: UDP-N-acetylmuramoyl-pentapeptide biosynthesis I (meso-diaminopimelate containing)|unclassified	3.66191e-06
CITRULBIO-PWY: L-citrulline biosynthesis	4.90692e-05
PWY-7208: superpathway of pyrimidine nucleobases salvage	4.83622e-05
PWY-7208: superpathway of pyrimidine nucleobases salvage|unclassified	1.2304e-05
PWY-7208: superpathway of pyrimidine nucleobases salvage|g__Candidatus_Cloacimonas.s__Candidatus_Cloacimonas_acidaminovorans	4.0822e-06
PWY-6386: UDP-N-acetylmuramoyl-pentapeptide biosynthesis II (lysine-containing)	4.77821e-05
PWY-6386: UDP-N-acetylmuramoyl-pentapeptide biosynthesis II (lysine-containing)|g__Oenococcus.s__Oenococcus_oeni	3.67168e-05
PWY-6386: UDP-N-acetylmuramoyl-pentapeptide biosynthesis II (lysine-containing)|unclassified	4.46833e-06
PWY-6353: purine nucleotides degradation II (aerobic)	4.61323e-05
PWY-6353: purine nucleotides degradation II (aerobic)|unclassified	2.64989e-05
PWY-6317: D-galactose degradation I (Leloir pathway)	4.12919e-05
ANAGLYCOLYSIS-PWY: glycolysis III (from glucose)	4.04271e-05
ANAGLYCOLYSIS-PWY: glycolysis III (from glucose)|unclassified	1.57731e-05
PWY-6385: peptidoglycan biosynthesis III (mycobacteria)	3.72384e-05
PWY-8187: L-arginine degradation XIII (reductive Stickland reaction)	3.67212e-05
PWY-5384: sucrose degradation IV (sucrose phosphorylase)	3.6573e-05
PWY-5384: sucrose degradation IV (sucrose phosphorylase)|unclassified	5.04987e-06
GLYCOLYSIS: glycolysis I (from glucose 6-phosphate)	3.63379e-05
GLYCOLYSIS: glycolysis I (from glucose 6-phosphate)|unclassified	1.34606e-05
PWY-5100: pyruvate fermentation to acetate and lactate II	3.5821e-05
PWY-5100: pyruvate fermentation to acetate and lactate II|unclassified	4.70713e-06
OANTIGEN-PWY: O-antigen building blocks biosynthesis (E. coli)	3.50068e-05
PWY-8178: pentose phosphate pathway (non-oxidative branch) II	3.46403e-05
PWY-8178: pentose phosphate pathway (non-oxidative branch) II|unclassified	1.54107e-05
PWY-8178: pentose phosphate pathway (non-oxidative branch) II|g__Candidatus_Cloacimonas.s__Candidatus_Cloacimonas_acidaminovorans	9.17449e-06
PWY-6527: stachyose degradation	3.43677e-05
PWY-6527: stachyose degradation|g__Oenococcus.s__Oenococcus_oeni	1.85664e-05
PWY-2941: L-lysine biosynthesis II	3.39461e-05
PWY-6606: guanosine nucleotides degradation II	3.29922e-05
PWY-6606: guanosine nucleotides degradation II|unclassified	2.66433e-05
PWY66-409: superpathway of purine nucleotide salvage	3.19225e-05
PWY-5130: 2-oxobutanoate degradation I	3.14479e-05
PWY-6588: pyruvate fermentation to acetone	2.96219e-05
P164-PWY: purine nucleobases degradation I (anaerobic)	2.96084e-05
P164-PWY: purine nucleobases degradation I (anaerobic)|unclassified	8.59352e-06
PWY-1042: glycolysis IV	2.91164e-05
PWY-1042: glycolysis IV|g__Candidatus_Cloacimonas.s__Candidatus_Cloacimonas_acidaminovorans	1.89166e-05
PWY-1042: glycolysis IV|unclassified	9.16058e-06
ARGININE-SYN4-PWY: L-ornithine biosynthesis II	2.89068e-05
PWY-5209: methyl-coenzyme M oxidation to CO2	2.81566e-05
PWY-5209: methyl-coenzyme M oxidation to CO2|unclassified	1.2293e-05
PWY-5209: methyl-coenzyme M oxidation to CO2|g__Methanospirillum.s__Methanospirillum_hungatei	8.04039e-06
PWY-7199: pyrimidine deoxyribonucleosides salvage	2.71261e-05
NONOXIPENT-PWY: pentose phosphate pathway (non-oxidative branch) I	2.69105e-05
NONOXIPENT-PWY: pentose phosphate pathway (non-oxidative branch) I|unclassified	1.24294e-05
PWY-7200: superpathway of pyrimidine deoxyribonucleoside salvage	2.64512e-05
PWY-7237: myo-, chiro- and scyllo-inositol degradation	2.59839e-05
PWY-7237: myo-, chiro- and scyllo-inositol degradation|unclassified	2.2559e-06
PWY-6590: superpathway of Clostridium acetobutylicum acidogenic fermentation	2.59034e-05
COA-PWY: coenzyme A biosynthesis I (prokaryotic)	2.4747e-05
COA-PWY: coenzyme A biosynthesis I (prokaryotic)|g__Oenococcus.s__Oenococcus_oeni	9.63991e-06
COA-PWY: coenzyme A biosynthesis I (prokaryotic)|g__Candidatus_Cloacimonas.s__Candidatus_Cloacimonas_acidaminovorans	8.2634e-06
COA-PWY: coenzyme A biosynthesis I (prokaryotic)|unclassified	2.48998e-06
PWY-7851: coenzyme A biosynthesis II (eukaryotic)	2.4747e-05
PWY-7851: coenzyme A biosynthesis II (eukaryotic)|g__Oenococcus.s__Oenococcus_oeni	9.63991e-06
UDPNAGSYN-PWY: UDP-N-acetyl-D-glucosamine biosynthesis I	2.43953e-05
UDPNAGSYN-PWY: UDP-N-acetyl-D-glucosamine biosynthesis I|g__Candidatus_Cloacimonas.s__Candidatus_Cloacimonas_acidaminovorans	7.0775e-06
PENTOSE-P-PWY: pentose phosphate pathway	2.35497e-05
PWY-7238: sucrose biosynthesis II	2.28871e-05
PWY-7238: sucrose biosynthesis II|unclassified	1.68267e-05
PWY-7238: sucrose biosynthesis II|g__Candidatus_Cloacimonas.s__Candidatus_Cloacimonas_acidaminovorans	6.05979e-06
PWY-6151: S-adenosyl-L-methionine salvage I	2.2764e-05
PWY-6151: S-adenosyl-L-methionine salvage I|g__Oenococcus.s__Oenococcus_oeni	1.93637e-05
CENTFERM-PWY: pyruvate fermentation to butanoate	2.27594e-05
PWY-841: superpathway of purine nucleotides de novo biosynthesis I	2.10794e-05
PWY-5941: glycogen degradation II	1.94483e-05
PWY-5941: glycogen degradation II|unclassified	1.56399e-05
PWY-1861: formaldehyde assimilation II (assimilatory RuMP Cycle)	1.9359e-05
PWY-5136: fatty acid &beta;-oxidation II (plant peroxisome)	1.91352e-05
PWY-5136: fatty acid &beta;-oxidation II (plant peroxisome)|unclassified	1.91352e-05
PWY-7328: superpathway of UDP-glucose-derived O-antigen building blocks biosynthesis	1.88339e-05
PWY-5659: GDP-mannose biosynthesis	1.83022e-05
PWY-5659: GDP-mannose biosynthesis|unclassified	5.76641e-06
PWY-5659: GDP-mannose biosynthesis|g__Candidatus_Cloacimonas.s__Candidatus_Cloacimonas_acidaminovorans	5.0198e-06
PWY0-1296: purine ribonucleosides degradation	1.6778e-05
PWY0-1296: purine ribonucleosides degradation|unclassified	1.25935e-05
PWY66-399: gluconeogenesis III	1.65071e-05
PWY66-399: gluconeogenesis III|unclassified	9.85615e-06
PWY-6309: L-tryptophan degradation XI (mammalian, via kynurenine)	1.56568e-05
PWY-6309: L-tryptophan degradation XI (mammalian, via kynurenine)|g__Candidatus_Cloacimonas.s__Candidatus_Cloacimonas_acidaminovorans	1.56568e-05
PWY-6123: inosine-5'-phosphate biosynthesis I	1.53492e-05
PWY-6123: inosine-5'-phosphate biosynthesis I|g__Candidatus_Cloacimonas.s__Candidatus_Cloacimonas_acidaminovorans	4.13709e-06
GLYCOGENSYNTH-PWY: glycogen biosynthesis I (from ADP-D-Glucose)	1.52995e-05
GLYCOGENSYNTH-PWY: glycogen biosynthesis I (from ADP-D-Glucose)|unclassified	1.52995e-05
PWY-6936: seleno-amino acid biosynthesis (plants)	1.4035e-05
GLYCOCAT-PWY: glycogen degradation I	1.39208e-05
GLYCOCAT-PWY: glycogen degradation I|unclassified	8.48426e-06
PWY0-1298: superpathway of pyrimidine deoxyribonucleosides degradation	1.39208e-05
PWY-6121: 5-aminoimidazole ribonucleotide biosynthesis I	1.38105e-05
PWY-6121: 5-aminoimidazole ribonucleotide biosynthesis I|g__Candidatus_Cloacimonas.s__Candidatus_Cloacimonas_acidaminovorans	6.6708e-06
PWY-6124: inosine-5'-phosphate biosynthesis II	1.37872e-05
PWY-6124: inosine-5'-phosphate biosynthesis II|g__Candidatus_Cloacimonas.s__Candidatus_Cloacimonas_acidaminovorans	3.5829e-06
PWY-5097: L-lysine biosynthesis VI	1.32324e-05
PWY-6122: 5-aminoimidazole ribonucleotide biosynthesis II	1.28062e-05
PWY-6122: 5-aminoimidazole ribonucleotide biosynthesis II|g__Candidatus_Cloacimonas.s__Candidatus_Cloacimonas_acidaminovorans	7.77009e-06
PWY-6277: superpathway of 5-aminoimidazole ribonucleotide biosynthesis	1.28062e-05
PWY-6277: superpathway of 5-aminoimidazole ribonucleotide biosynthesis|g__Candidatus_Cloacimonas.s__Candidatus_Cloacimonas_acidaminovorans	7.77009e-06
PWY-6823: molybdopterin biosynthesis	1.24223e-05
PWY-6823: molybdopterin biosynthesis|unclassified	1.24223e-05
COLANSYN-PWY: colanic acid building blocks biosynthesis	1.18176e-05
PWY-5484: glycolysis II (from fructose 6-phosphate)	1.17264e-05
PWY-5484: glycolysis II (from fructose 6-phosphate)|unclassified	8.07404e-06
PWY-6160: 3-dehydroquinate biosynthesis II (archaea)	1.13795e-05
PWY-1269: CMP-3-deoxy-D-manno-octulosonate biosynthesis	1.08561e-05
PWY-1269: CMP-3-deoxy-D-manno-octulosonate biosynthesis|g__Candidatus_Cloacimonas.s__Candidatus_Cloacimonas_acidaminovorans	1.00564e-05
PWY-724: superpathway of L-lysine, L-threonine and L-methionine biosynthesis II	1.06915e-05
DAPLYSINESYN-PWY: L-lysine biosynthesis I	1.06339e-05
CALVIN-PWY: Calvin-Benson-Bassham cycle	9.95582e-06
CALVIN-PWY: Calvin-Benson-Bassham cycle|unclassified	8.91184e-06
P42-PWY: incomplete reductive TCA cycle	9.85145e-06
HISDEG-PWY: L-histidine degradation I	9.26988e-06
HISDEG-PWY: L-histidine degradation I|g__Candidatus_Cloacimonas.s__Candidatus_Cloacimonas_acidaminovorans	6.9604e-06
PWY-7111: pyruvate fermentation to isobutanol (engineered)	8.84882e-06
PWY-7111: pyruvate fermentation to isobutanol (engineered)|unclassified	7.444e-06
P163-PWY: L-lysine fermentation to acetate and butanoate	8.6442e-06
P163-PWY: L-lysine fermentation to acetate and butanoate|g__Candidatus_Cloacimonas.s__Candidatus_Cloacimonas_acidaminovorans	5.91188e-06
PWY-5686: UMP biosynthesis I	8.47185e-06
PWY-7790: UMP biosynthesis II	8.47185e-06
PWY-7791: UMP biosynthesis III	8.47185e-06
PANTOSYN-PWY: superpathway of coenzyme A biosynthesis I (bacteria)	8.34649e-06
PWY-5667: CDP-diacylglycerol biosynthesis I	8.25983e-06
PWY0-1319: CDP-diacylglycerol biosynthesis II	8.25983e-06
PWY-5981: CDP-diacylglycerol biosynthesis III	8.22374e-06
VALSYN-PWY: L-valine biosynthesis	7.93891e-06
VALSYN-PWY: L-valine biosynthesis|unclassified	6.73174e-06
VALSYN-PWY: L-valine biosynthesis|g__Methanospirillum.s__Methanospirillum_hungatei	3.35909e-06
COA-PWY-1: superpathway of coenzyme A biosynthesis III (mammals)	7.6516e-06
THRESYN-PWY: superpathway of L-threonine biosynthesis	7.46267e-06
PWY4FS-7: phosphatidylglycerol biosynthesis I (plastidic)	7.28872e-06
PWY4FS-8: phosphatidylglycerol biosynthesis II (non-plastidic)	7.28872e-06
PWY-7234: inosine-5'-phosphate biosynthesis III	7.19367e-06
PWY-5497: purine nucleobases degradation II (anaerobic)	7.04686e-06
PWY-6700: queuosine biosynthesis I (de novo)	6.55448e-06
PYRIDNUCSYN-PWY: NAD de novo biosynthesis I (from aspartate)	6.14813e-06
NAGLIPASYN-PWY: lipid IVA biosynthesis (E. coli)	6.0988e-06
PWY-8073: lipid IVA biosynthesis (P. putida)	6.0988e-06
PWY-5030: L-histidine degradation III	5.76321e-06
PWY-5030: L-histidine degradation III|g__Candidatus_Cloacimonas.s__Candidatus_Cloacimonas_acidaminovorans	3.91263e-06
PWY-621: sucrose degradation III (sucrose invertase)	5.38451e-06
PWY-621: sucrose degradation III (sucrose invertase)|unclassified	4.28775e-06
ILEUSYN-PWY: L-isoleucine biosynthesis I (from threonine)	5.25642e-06
PWY-6147: 6-hydroxymethyl-dihydropterin diphosphate biosynthesis I	4.66785e-06
PANTO-PWY: phosphopantothenate biosynthesis I	4.55241e-06
PWY-5103: L-isoleucine biosynthesis III	4.14045e-06
PWY-6703: preQ0 biosynthesis	2.58412e-06
PWY-6703: preQ0 biosynthesis|g__Candidatus_Cloacimonas.s__Candidatus_Cloacimonas_acidaminovorans	2.24259e-06
