# Pathway	P21158_94_S14_Coverage
UNMAPPED	1.0000000000
UNINTEGRATED	1.0000000000
UNINTEGRATED|g__Candidatus_Cloacimonas.s__Candidatus_Cloacimonas_acidaminovorans	1.0000000000
UNINTEGRATED|g__Methanospirillum.s__Methanospirillum_hungatei	1.0000000000
UNINTEGRATED|g__Oenococcus.s__Oenococcus_oeni	1.0000000000
UNINTEGRATED|unclassified	1.0000000000
DTDPRHAMSYN-PWY: dTDP-&beta;-L-rhamnose biosynthesis	1.0000000000
DTDPRHAMSYN-PWY: dTDP-&beta;-L-rhamnose biosynthesis|g__Oenococcus.s__Oenococcus_oeni	1.0000000000
PWY66-429: fatty acid biosynthesis initiation (mitochondria)	1.0000000000
PWY66-429: fatty acid biosynthesis initiation (mitochondria)|g__Oenococcus.s__Oenococcus_oeni	0.9999999705
SER-GLYSYN-PWY: superpathway of L-serine and glycine biosynthesis I	1.0000000000
SER-GLYSYN-PWY: superpathway of L-serine and glycine biosynthesis I|g__Candidatus_Cloacimonas.s__Candidatus_Cloacimonas_acidaminovorans	1.0000000000
SER-GLYSYN-PWY: superpathway of L-serine and glycine biosynthesis I|unclassified	0.9960138702
PWY-3841: folate transformations II (plants)	0.0015121787
PWY-3841: folate transformations II (plants)|g__Oenococcus.s__Oenococcus_oeni	0.0000000000
PWY-7229: superpathway of adenosine nucleotides de novo biosynthesis I	0.0000143108
PWY-7229: superpathway of adenosine nucleotides de novo biosynthesis I|unclassified	0.0000000000
PWY-6609: adenine and adenosine salvage III	0.9998192720
PWY-6609: adenine and adenosine salvage III|g__Candidatus_Cloacimonas.s__Candidatus_Cloacimonas_acidaminovorans	1.0000000000
PWY-6609: adenine and adenosine salvage III|unclassified	0.9999975142
PWY-5695: inosine 5'-phosphate degradation	0.9998795074
PWY-5695: inosine 5'-phosphate degradation|unclassified	0.9999989019
PWY-5695: inosine 5'-phosphate degradation|g__Candidatus_Cloacimonas.s__Candidatus_Cloacimonas_acidaminovorans	0.9999999957
PWY-6126: superpathway of adenosine nucleotides de novo biosynthesis II	0.0000166959
PWY-6126: superpathway of adenosine nucleotides de novo biosynthesis II|unclassified	0.0000000000
PWY-7220: adenosine deoxyribonucleotides de novo biosynthesis II	0.9065354874
PWY-7220: adenosine deoxyribonucleotides de novo biosynthesis II|unclassified	0.0107064341
PWY-7220: adenosine deoxyribonucleotides de novo biosynthesis II|g__Candidatus_Cloacimonas.s__Candidatus_Cloacimonas_acidaminovorans	0.0000609090
PWY-7222: guanosine deoxyribonucleotides de novo biosynthesis II	0.9065354874
PWY-7222: guanosine deoxyribonucleotides de novo biosynthesis II|unclassified	0.0107064341
PWY-7222: guanosine deoxyribonucleotides de novo biosynthesis II|g__Candidatus_Cloacimonas.s__Candidatus_Cloacimonas_acidaminovorans	0.0000609090
PWY-7228: superpathway of guanosine nucleotides de novo biosynthesis I	0.9282245000
PWY-7228: superpathway of guanosine nucleotides de novo biosynthesis I|unclassified	0.0000000000
PWY-7228: superpathway of guanosine nucleotides de novo biosynthesis I|g__Candidatus_Cloacimonas.s__Candidatus_Cloacimonas_acidaminovorans	0.0001216018
METH-ACETATE-PWY: methanogenesis from acetate	0.0000000000
METH-ACETATE-PWY: methanogenesis from acetate|unclassified	0.9999986828
PWY-6125: superpathway of guanosine nucleotides de novo biosynthesis II	0.7867191729
PWY-6125: superpathway of guanosine nucleotides de novo biosynthesis II|g__Candidatus_Cloacimonas.s__Candidatus_Cloacimonas_acidaminovorans	0.0000949379
PWY-7221: guanosine ribonucleotides de novo biosynthesis	0.9282245000
PWY-7221: guanosine ribonucleotides de novo biosynthesis|g__Oenococcus.s__Oenococcus_oeni	0.0000000000
PWY-7221: guanosine ribonucleotides de novo biosynthesis|unclassified	0.0000000000
PWY-7221: guanosine ribonucleotides de novo biosynthesis|g__Candidatus_Cloacimonas.s__Candidatus_Cloacimonas_acidaminovorans	0.0232759419
SALVADEHYPOX-PWY: adenosine nucleotides degradation II	0.2748904765
SALVADEHYPOX-PWY: adenosine nucleotides degradation II|unclassified	0.9999982350
SALVADEHYPOX-PWY: adenosine nucleotides degradation II|g__Candidatus_Cloacimonas.s__Candidatus_Cloacimonas_acidaminovorans	0.9999999948
PWY-7197: pyrimidine deoxyribonucleotide phosphorylation	0.8960666829
PWY-7197: pyrimidine deoxyribonucleotide phosphorylation|unclassified	0.2913128348
PWY-6608: guanosine nucleotides degradation III	0.2327061205
PWY-6608: guanosine nucleotides degradation III|unclassified	0.9999988631
PWY-6608: guanosine nucleotides degradation III|g__Candidatus_Cloacimonas.s__Candidatus_Cloacimonas_acidaminovorans	0.9999999957
PEPTIDOGLYCANSYN-PWY: peptidoglycan biosynthesis I (meso-diaminopimelate containing)	0.0000000000
PEPTIDOGLYCANSYN-PWY: peptidoglycan biosynthesis I (meso-diaminopimelate containing)|g__Oenococcus.s__Oenococcus_oeni	0.0000000000
PEPTIDOGLYCANSYN-PWY: peptidoglycan biosynthesis I (meso-diaminopimelate containing)|unclassified	0.0000000000
TRNA-CHARGING-PWY: tRNA charging	0.0000000000
PWY0-1477: ethanolamine utilization	0.0000000000
PWY0-1477: ethanolamine utilization|unclassified	0.4912650256
PWY-6387: UDP-N-acetylmuramoyl-pentapeptide biosynthesis I (meso-diaminopimelate containing)	0.0000000000
PWY-6387: UDP-N-acetylmuramoyl-pentapeptide biosynthesis I (meso-diaminopimelate containing)|g__Oenococcus.s__Oenococcus_oeni	0.0000000000
PWY-6387: UDP-N-acetylmuramoyl-pentapeptide biosynthesis I (meso-diaminopimelate containing)|unclassified	0.0000000000
CITRULBIO-PWY: L-citrulline biosynthesis	0.0000000000
PWY-7208: superpathway of pyrimidine nucleobases salvage	0.0000022397
PWY-7208: superpathway of pyrimidine nucleobases salvage|unclassified	0.0010488226
PWY-7208: superpathway of pyrimidine nucleobases salvage|g__Candidatus_Cloacimonas.s__Candidatus_Cloacimonas_acidaminovorans	0.0000818507
PWY-6386: UDP-N-acetylmuramoyl-pentapeptide biosynthesis II (lysine-containing)	0.0000000000
PWY-6386: UDP-N-acetylmuramoyl-pentapeptide biosynthesis II (lysine-containing)|g__Oenococcus.s__Oenococcus_oeni	0.0000000000
PWY-6386: UDP-N-acetylmuramoyl-pentapeptide biosynthesis II (lysine-containing)|unclassified	0.0000000000
PWY-6353: purine nucleotides degradation II (aerobic)	0.0000000000
PWY-6353: purine nucleotides degradation II (aerobic)|unclassified	0.9999981817
PWY-6317: D-galactose degradation I (Leloir pathway)	0.0000000000
ANAGLYCOLYSIS-PWY: glycolysis III (from glucose)	0.0000000000
ANAGLYCOLYSIS-PWY: glycolysis III (from glucose)|unclassified	0.0000000000
PWY-6385: peptidoglycan biosynthesis III (mycobacteria)	0.0000000000
PWY-8187: L-arginine degradation XIII (reductive Stickland reaction)	0.0000000000
PWY-5384: sucrose degradation IV (sucrose phosphorylase)	0.0000000000
PWY-5384: sucrose degradation IV (sucrose phosphorylase)|unclassified	0.0000000000
GLYCOLYSIS: glycolysis I (from glucose 6-phosphate)	0.0000000000
GLYCOLYSIS: glycolysis I (from glucose 6-phosphate)|unclassified	0.0000000000
PWY-5100: pyruvate fermentation to acetate and lactate II	0.0000000000
PWY-5100: pyruvate fermentation to acetate and lactate II|unclassified	0.0000000000
OANTIGEN-PWY: O-antigen building blocks biosynthesis (E. coli)	0.0000000000
PWY-8178: pentose phosphate pathway (non-oxidative branch) II	0.0000000000
PWY-8178: pentose phosphate pathway (non-oxidative branch) II|unclassified	0.0448427474
PWY-8178: pentose phosphate pathway (non-oxidative branch) II|g__Candidatus_Cloacimonas.s__Candidatus_Cloacimonas_acidaminovorans	0.3132718435
PWY-6527: stachyose degradation	0.0000000000
PWY-6527: stachyose degradation|g__Oenococcus.s__Oenococcus_oeni	0.0000000000
PWY-2941: L-lysine biosynthesis II	0.0000000000
PWY-6606: guanosine nucleotides degradation II	0.0000000000
PWY-6606: guanosine nucleotides degradation II|unclassified	0.9999988631
PWY66-409: superpathway of purine nucleotide salvage	0.0000000000
PWY-5130: 2-oxobutanoate degradation I	0.0000000000
PWY-6588: pyruvate fermentation to acetone	0.0000000000
P164-PWY: purine nucleobases degradation I (anaerobic)	0.0000000000
P164-PWY: purine nucleobases degradation I (anaerobic)|unclassified	0.0000000000
PWY-1042: glycolysis IV	0.0000000000
PWY-1042: glycolysis IV|g__Candidatus_Cloacimonas.s__Candidatus_Cloacimonas_acidaminovorans	0.9999980608
PWY-1042: glycolysis IV|unclassified	0.0000000000
ARGININE-SYN4-PWY: L-ornithine biosynthesis II	0.0000000000
PWY-5209: methyl-coenzyme M oxidation to CO2	0.0000000000
PWY-5209: methyl-coenzyme M oxidation to CO2|unclassified	0.0000004830
PWY-5209: methyl-coenzyme M oxidation to CO2|g__Methanospirillum.s__Methanospirillum_hungatei	0.1117854778
PWY-7199: pyrimidine deoxyribonucleosides salvage	0.0000000000
NONOXIPENT-PWY: pentose phosphate pathway (non-oxidative branch) I	0.0000000000
NONOXIPENT-PWY: pentose phosphate pathway (non-oxidative branch) I|unclassified	0.0182603696
PWY-7200: superpathway of pyrimidine deoxyribonucleoside salvage	0.0000000000
PWY-7237: myo-, chiro- and scyllo-inositol degradation	0.0000000000
PWY-7237: myo-, chiro- and scyllo-inositol degradation|unclassified	0.0000000000
PWY-6590: superpathway of Clostridium acetobutylicum acidogenic fermentation	0.0000000000
COA-PWY: coenzyme A biosynthesis I (prokaryotic)	0.0000000000
COA-PWY: coenzyme A biosynthesis I (prokaryotic)|g__Oenococcus.s__Oenococcus_oeni	0.0000000000
COA-PWY: coenzyme A biosynthesis I (prokaryotic)|g__Candidatus_Cloacimonas.s__Candidatus_Cloacimonas_acidaminovorans	0.9275848200
COA-PWY: coenzyme A biosynthesis I (prokaryotic)|unclassified	0.0000000000
PWY-7851: coenzyme A biosynthesis II (eukaryotic)	0.0000000000
PWY-7851: coenzyme A biosynthesis II (eukaryotic)|g__Oenococcus.s__Oenococcus_oeni	0.0000000000
UDPNAGSYN-PWY: UDP-N-acetyl-D-glucosamine biosynthesis I	0.0000000000
UDPNAGSYN-PWY: UDP-N-acetyl-D-glucosamine biosynthesis I|g__Candidatus_Cloacimonas.s__Candidatus_Cloacimonas_acidaminovorans	0.0718719073
PENTOSE-P-PWY: pentose phosphate pathway	0.0000000000
PWY-7238: sucrose biosynthesis II	0.0000000000
PWY-7238: sucrose biosynthesis II|unclassified	0.6797526232
PWY-7238: sucrose biosynthesis II|g__Candidatus_Cloacimonas.s__Candidatus_Cloacimonas_acidaminovorans	0.0638800710
PWY-6151: S-adenosyl-L-methionine salvage I	0.0000000000
PWY-6151: S-adenosyl-L-methionine salvage I|g__Oenococcus.s__Oenococcus_oeni	0.0000000000
CENTFERM-PWY: pyruvate fermentation to butanoate	0.0000000000
PWY-841: superpathway of purine nucleotides de novo biosynthesis I	0.0000000000
PWY-5941: glycogen degradation II	0.0000000000
PWY-5941: glycogen degradation II|unclassified	0.0230152283
PWY-1861: formaldehyde assimilation II (assimilatory RuMP Cycle)	0.0000000000
PWY-5136: fatty acid &beta;-oxidation II (plant peroxisome)	0.0000000000
PWY-5136: fatty acid &beta;-oxidation II (plant peroxisome)|unclassified	0.0165793667
PWY-7328: superpathway of UDP-glucose-derived O-antigen building blocks biosynthesis	0.0000000000
PWY-5659: GDP-mannose biosynthesis	0.0000000000
PWY-5659: GDP-mannose biosynthesis|unclassified	0.0000000000
PWY-5659: GDP-mannose biosynthesis|g__Candidatus_Cloacimonas.s__Candidatus_Cloacimonas_acidaminovorans	0.0234242157
PWY0-1296: purine ribonucleosides degradation	0.0000000000
PWY0-1296: purine ribonucleosides degradation|unclassified	0.0000000549
PWY66-399: gluconeogenesis III	0.0000000000
PWY66-399: gluconeogenesis III|unclassified	0.0000000000
PWY-6309: L-tryptophan degradation XI (mammalian, via kynurenine)	0.0000000000
PWY-6309: L-tryptophan degradation XI (mammalian, via kynurenine)|g__Candidatus_Cloacimonas.s__Candidatus_Cloacimonas_acidaminovorans	0.9999999999
PWY-6123: inosine-5'-phosphate biosynthesis I	0.0000000000
PWY-6123: inosine-5'-phosphate biosynthesis I|g__Candidatus_Cloacimonas.s__Candidatus_Cloacimonas_acidaminovorans	0.0000111099
GLYCOGENSYNTH-PWY: glycogen biosynthesis I (from ADP-D-Glucose)	0.0000000000
GLYCOGENSYNTH-PWY: glycogen biosynthesis I (from ADP-D-Glucose)|unclassified	0.0078489096
PWY-6936: seleno-amino acid biosynthesis (plants)	0.0000000000
GLYCOCAT-PWY: glycogen degradation I	0.0000000000
GLYCOCAT-PWY: glycogen degradation I|unclassified	0.0000000000
PWY0-1298: superpathway of pyrimidine deoxyribonucleosides degradation	0.0000000000
PWY-6121: 5-aminoimidazole ribonucleotide biosynthesis I	0.0000000000
PWY-6121: 5-aminoimidazole ribonucleotide biosynthesis I|g__Candidatus_Cloacimonas.s__Candidatus_Cloacimonas_acidaminovorans	0.0999799282
PWY-6124: inosine-5'-phosphate biosynthesis II	0.0000000000
PWY-6124: inosine-5'-phosphate biosynthesis II|g__Candidatus_Cloacimonas.s__Candidatus_Cloacimonas_acidaminovorans	0.0000092583
PWY-5097: L-lysine biosynthesis VI	0.0000000000
PWY-6122: 5-aminoimidazole ribonucleotide biosynthesis II	0.0000000000
PWY-6122: 5-aminoimidazole ribonucleotide biosynthesis II|g__Candidatus_Cloacimonas.s__Candidatus_Cloacimonas_acidaminovorans	0.3958249261
PWY-6277: superpathway of 5-aminoimidazole ribonucleotide biosynthesis	0.0000000000
PWY-6277: superpathway of 5-aminoimidazole ribonucleotide biosynthesis|g__Candidatus_Cloacimonas.s__Candidatus_Cloacimonas_acidaminovorans	0.3958249261
PWY-6823: molybdopterin biosynthesis	0.0000000000
PWY-6823: molybdopterin biosynthesis|unclassified	0.0791476757
COLANSYN-PWY: colanic acid building blocks biosynthesis	0.0000000000
PWY-5484: glycolysis II (from fructose 6-phosphate)	0.0000000000
PWY-5484: glycolysis II (from fructose 6-phosphate)|unclassified	0.0000000000
PWY-6160: 3-dehydroquinate biosynthesis II (archaea)	0.0000000000
PWY-1269: CMP-3-deoxy-D-manno-octulosonate biosynthesis	0.0000000000
PWY-1269: CMP-3-deoxy-D-manno-octulosonate biosynthesis|g__Candidatus_Cloacimonas.s__Candidatus_Cloacimonas_acidaminovorans	0.7809180377
PWY-724: superpathway of L-lysine, L-threonine and L-methionine biosynthesis II	0.0000000000
DAPLYSINESYN-PWY: L-lysine biosynthesis I	0.0000000000
CALVIN-PWY: Calvin-Benson-Bassham cycle	0.0000000000
CALVIN-PWY: Calvin-Benson-Bassham cycle|unclassified	0.0000000000
P42-PWY: incomplete reductive TCA cycle	0.0000000000
HISDEG-PWY: L-histidine degradation I	0.0000000000
HISDEG-PWY: L-histidine degradation I|g__Candidatus_Cloacimonas.s__Candidatus_Cloacimonas_acidaminovorans	0.3193764195
PWY-7111: pyruvate fermentation to isobutanol (engineered)	0.0000000000
PWY-7111: pyruvate fermentation to isobutanol (engineered)|unclassified	0.0000000000
P163-PWY: L-lysine fermentation to acetate and butanoate	0.0000000000
P163-PWY: L-lysine fermentation to acetate and butanoate|g__Candidatus_Cloacimonas.s__Candidatus_Cloacimonas_acidaminovorans	0.0000011291
PWY-5686: UMP biosynthesis I	0.0000000000
PWY-7790: UMP biosynthesis II	0.0000000000
PWY-7791: UMP biosynthesis III	0.0000000000
PANTOSYN-PWY: superpathway of coenzyme A biosynthesis I (bacteria)	0.0000000000
PWY-5667: CDP-diacylglycerol biosynthesis I	0.0000000000
PWY0-1319: CDP-diacylglycerol biosynthesis II	0.0000000000
PWY-5981: CDP-diacylglycerol biosynthesis III	0.0000000000
VALSYN-PWY: L-valine biosynthesis	0.0000000000
VALSYN-PWY: L-valine biosynthesis|unclassified	0.0000000000
VALSYN-PWY: L-valine biosynthesis|g__Methanospirillum.s__Methanospirillum_hungatei	0.0000000289
COA-PWY-1: superpathway of coenzyme A biosynthesis III (mammals)	0.0000000000
THRESYN-PWY: superpathway of L-threonine biosynthesis	0.0000000000
PWY4FS-7: phosphatidylglycerol biosynthesis I (plastidic)	0.0000000000
PWY4FS-8: phosphatidylglycerol biosynthesis II (non-plastidic)	0.0000000000
PWY-7234: inosine-5'-phosphate biosynthesis III	0.0000000000
PWY-5497: purine nucleobases degradation II (anaerobic)	0.0000000000
PWY-6700: queuosine biosynthesis I (de novo)	0.0000000000
PYRIDNUCSYN-PWY: NAD de novo biosynthesis I (from aspartate)	0.0000000000
NAGLIPASYN-PWY: lipid IVA biosynthesis (E. coli)	0.0000000000
PWY-8073: lipid IVA biosynthesis (P. putida)	0.0000000000
PWY-5030: L-histidine degradation III	0.0000000000
PWY-5030: L-histidine degradation III|g__Candidatus_Cloacimonas.s__Candidatus_Cloacimonas_acidaminovorans	0.0000006134
PWY-621: sucrose degradation III (sucrose invertase)	0.0000000000
PWY-621: sucrose degradation III (sucrose invertase)|unclassified	0.0000000000
ILEUSYN-PWY: L-isoleucine biosynthesis I (from threonine)	0.0000000000
PWY-6147: 6-hydroxymethyl-dihydropterin diphosphate biosynthesis I	0.0000000000
PANTO-PWY: phosphopantothenate biosynthesis I	0.0000000000
PWY-5103: L-isoleucine biosynthesis III	0.0000000000
PWY-6703: preQ0 biosynthesis	0.0000000000
PWY-6703: preQ0 biosynthesis|g__Candidatus_Cloacimonas.s__Candidatus_Cloacimonas_acidaminovorans	0.0000000000