#mpa_vOct22_CHOCOPhlAnSGB_202212
#/home/rodrigo/miniconda3/bin/metaphlan /mnt/HDDStorage/jsequeira/rodrigo/Datasets/P21158_94_S15.fastq_output/P21158_94_S15_humann_temp/tmp2qklu2nu/tmpwhpq5f0j -t rel_ab -o /mnt/HDDStorage/jsequeira/rodrigo/Datasets/P21158_94_S15.fastq_output/P21158_94_S15_humann_temp/P21158_94_S15_metaphlan_bugs_list.tsv --input_type fastq --bowtie2out /mnt/HDDStorage/jsequeira/rodrigo/Datasets/P21158_94_S15.fastq_output/P21158_94_S15_humann_temp/P21158_94_S15_metaphlan_bowtie2.txt --nproc 12
#60037381 reads processed
#SampleID	Metaphlan_Analysis
#clade_name	NCBI_tax_id	relative_abundance	additional_species
k__Bacteria	2	95.44528	
k__Archaea	2157	4.55472	
k__Bacteria|p__Firmicutes	2|1239	74.76519	
k__Bacteria|p__Candidatus_Cloacimonetes	2|456828	11.24701	
k__Archaea|p__Euryarchaeota	2157|28890	4.55472	
k__Bacteria|p__Spirochaetes	2|203691	2.4567	
k__Bacteria|p__Thermotogae	2|200918	2.41451	
k__Bacteria|p__Bacteroidetes	2|976	2.12138	
k__Bacteria|p__Proteobacteria	2|1224	1.29943	
k__Bacteria|p__Ignavibacteriae	2|1134404	0.41993	
k__Bacteria|p__Dictyoglomi	2|68297	0.28794	
k__Bacteria|p__Synergistetes	2|508458	0.13844	
k__Bacteria|p__Verrucomicrobia	2|74201	0.09445	
k__Bacteria|p__Candidatus_Saccharibacteria	2|95818	0.0812	
k__Bacteria|p__Atribacterota	2|67818	0.0557	
k__Bacteria|p__Planctomycetes	2|203682	0.04266	
k__Bacteria|p__Coprothermobacterota	2|2138240	0.01067	
k__Bacteria|p__Acidobacteria	2|57723	0.00527	
k__Bacteria|p__Actinobacteria	2|201174	0.00481	
k__Bacteria|p__Firmicutes|c__Bacilli	2|1239|91061	73.49254	
k__Bacteria|p__Candidatus_Cloacimonetes|c__Candidatus_Cloacimonetes_unclassified	2|456828|	11.24701	
k__Archaea|p__Euryarchaeota|c__Methanomicrobia	2157|28890|224756	4.49526	
k__Bacteria|p__Thermotogae|c__Thermotogae	2|200918|188708	2.41451	
k__Bacteria|p__Spirochaetes|c__CFGB42821	2|203691|	2.05495	
k__Bacteria|p__Bacteroidetes|c__Bacteroidia	2|976|200643	1.94511	
k__Bacteria|p__Proteobacteria|c__CFGB8946	2|1224|	0.76006	
k__Bacteria|p__Firmicutes|c__Clostridia	2|1239|186801	0.46516	
k__Bacteria|p__Proteobacteria|c__CFGB43452	2|1224|	0.4523	
k__Bacteria|p__Ignavibacteriae|c__CFGB41734	2|1134404|	0.41993	
k__Bacteria|p__Spirochaetes|c__CFGB8982	2|203691|	0.40175	
k__Bacteria|p__Firmicutes|c__CFGB38642	2|1239|	0.37776	
k__Bacteria|p__Dictyoglomi|c__CFGB42234	2|68297|	0.28794	
k__Bacteria|p__Firmicutes|c__CFGB27080	2|1239|	0.17574	
k__Bacteria|p__Firmicutes|c__CFGB76783	2|1239|	0.13405	
k__Bacteria|p__Synergistetes|c__Synergistia	2|508458|649775	0.12116	
k__Bacteria|p__Firmicutes|c__CFGB8063	2|1239|	0.11994	
k__Bacteria|p__Verrucomicrobia|c__Verrucomicrobiae	2|74201|203494	0.09445	
k__Bacteria|p__Bacteroidetes|c__CFGB24658	2|976|	0.09028	
k__Bacteria|p__Bacteroidetes|c__CFGB36012	2|976|	0.086	
k__Bacteria|p__Candidatus_Saccharibacteria|c__CFGB7348	2|95818|	0.0812	
k__Bacteria|p__Proteobacteria|c__CFGB2403	2|1224|	0.04812	
k__Bacteria|p__Atribacterota|c__CFGB8897	2|67818|	0.04746	
k__Bacteria|p__Planctomycetes|c__CFGB45191	2|203682|	0.04266	
k__Archaea|p__Euryarchaeota|c__Methanobacteria	2157|28890|183925	0.04028	
k__Bacteria|p__Proteobacteria|c__Deltaproteobacteria	2|1224|28221	0.03894	
k__Archaea|p__Euryarchaeota|c__CFGB76181	2157|28890|	0.01918	
k__Bacteria|p__Synergistetes|c__Synergistetes_unclassified	2|508458|	0.01727	
k__Bacteria|p__Coprothermobacterota|c__Coprothermobacteria	2|2138240|2138243	0.01067	
k__Bacteria|p__Atribacterota|c__Atribacteria	2|67818|2847774	0.00824	
k__Bacteria|p__Acidobacteria|c__CFGB32401	2|57723|	0.00527	
k__Bacteria|p__Actinobacteria|c__Actinomycetia	2|201174|1760	0.00481	
k__Bacteria|p__Firmicutes|c__Bacilli|o__Lactobacillales	2|1239|91061|186826	73.49254	
k__Bacteria|p__Candidatus_Cloacimonetes|c__Candidatus_Cloacimonetes_unclassified|o__Candidatus_Cloacimonetes_unclassified	2|456828||	11.24701	
k__Archaea|p__Euryarchaeota|c__Methanomicrobia|o__Methanomicrobiales	2157|28890|224756|2191	3.00451	
k__Bacteria|p__Thermotogae|c__Thermotogae|o__Thermotogales	2|200918|188708|2419	2.30314	
k__Bacteria|p__Spirochaetes|c__CFGB42821|o__OFGB42821	2|203691||	2.05495	
k__Bacteria|p__Bacteroidetes|c__Bacteroidia|o__Bacteroidales	2|976|200643|171549	1.94511	
k__Archaea|p__Euryarchaeota|c__Methanomicrobia|o__Methanotrichales	2157|28890|224756|2905377	1.49075	
k__Bacteria|p__Proteobacteria|c__CFGB8946|o__OFGB8946	2|1224||	0.76006	
k__Bacteria|p__Firmicutes|c__Clostridia|o__Eubacteriales	2|1239|186801|186802	0.46516	
k__Bacteria|p__Proteobacteria|c__CFGB43452|o__OFGB43452	2|1224||	0.4523	
k__Bacteria|p__Ignavibacteriae|c__CFGB41734|o__OFGB41734	2|1134404||	0.41993	
k__Bacteria|p__Spirochaetes|c__CFGB8982|o__OFGB8982	2|203691||	0.40175	
k__Bacteria|p__Firmicutes|c__CFGB38642|o__OFGB38642	2|1239||	0.37776	
k__Bacteria|p__Dictyoglomi|c__CFGB42234|o__OFGB42234	2|68297||	0.28794	
k__Bacteria|p__Firmicutes|c__CFGB27080|o__OFGB27080	2|1239||	0.17574	
k__Bacteria|p__Firmicutes|c__CFGB76783|o__OFGB76783	2|1239||	0.13405	
k__Bacteria|p__Synergistetes|c__Synergistia|o__Synergistales	2|508458|649775|649776	0.12116	
k__Bacteria|p__Firmicutes|c__CFGB8063|o__OFGB8063	2|1239||	0.11994	
k__Bacteria|p__Thermotogae|c__Thermotogae|o__Kosmotogales	2|200918|188708|1643946	0.11138	
k__Bacteria|p__Verrucomicrobia|c__Verrucomicrobiae|o__Verrucomicrobiales	2|74201|203494|48461	0.09445	
k__Bacteria|p__Bacteroidetes|c__CFGB24658|o__OFGB24658	2|976||	0.09028	
k__Bacteria|p__Bacteroidetes|c__CFGB36012|o__OFGB36012	2|976||	0.086	
k__Bacteria|p__Candidatus_Saccharibacteria|c__CFGB7348|o__OFGB7348	2|95818||	0.0812	
k__Bacteria|p__Proteobacteria|c__CFGB2403|o__OFGB2403	2|1224||	0.04812	
k__Bacteria|p__Atribacterota|c__CFGB8897|o__OFGB8897	2|67818||	0.04746	
k__Bacteria|p__Planctomycetes|c__CFGB45191|o__OFGB45191	2|203682||	0.04266	
k__Archaea|p__Euryarchaeota|c__Methanobacteria|o__Methanobacteriales	2157|28890|183925|2158	0.04028	
k__Bacteria|p__Proteobacteria|c__Deltaproteobacteria|o__Desulfovibrionales	2|1224|28221|213115	0.03894	
k__Archaea|p__Euryarchaeota|c__CFGB76181|o__OFGB76181	2157|28890||	0.01918	
k__Bacteria|p__Synergistetes|c__Synergistetes_unclassified|o__Synergistetes_unclassified	2|508458||	0.01727	
k__Bacteria|p__Coprothermobacterota|c__Coprothermobacteria|o__Coprothermobacterales	2|2138240|2138243|2138246	0.01067	
k__Bacteria|p__Atribacterota|c__Atribacteria|o__Atribacterales	2|67818|2847774|2847775	0.00824	
k__Bacteria|p__Acidobacteria|c__CFGB32401|o__OFGB32401	2|57723||	0.00527	
k__Bacteria|p__Actinobacteria|c__Actinomycetia|o__Propionibacteriales	2|201174|1760|85009	0.00481	
k__Bacteria|p__Firmicutes|c__Bacilli|o__Lactobacillales|f__Lactobacillaceae	2|1239|91061|186826|33958	73.49254	
k__Bacteria|p__Candidatus_Cloacimonetes|c__Candidatus_Cloacimonetes_unclassified|o__Candidatus_Cloacimonetes_unclassified|f__Candidatus_Cloacimonetes_unclassified	2|456828|||	11.24701	
k__Bacteria|p__Thermotogae|c__Thermotogae|o__Thermotogales|f__Fervidobacteriaceae	2|200918|188708|2419|1643950	2.30314	
k__Bacteria|p__Spirochaetes|c__CFGB42821|o__OFGB42821|f__FGB42821	2|203691|||	2.05495	
k__Archaea|p__Euryarchaeota|c__Methanomicrobia|o__Methanomicrobiales|f__Methanomicrobiaceae	2157|28890|224756|2191|2194	1.86546	
k__Archaea|p__Euryarchaeota|c__Methanomicrobia|o__Methanotrichales|f__Methanotrichaceae	2157|28890|224756|2905377|143067	1.49075	
k__Archaea|p__Euryarchaeota|c__Methanomicrobia|o__Methanomicrobiales|f__Methanospirillaceae	2157|28890|224756|2191|196137	1.13906	
k__Bacteria|p__Bacteroidetes|c__Bacteroidia|o__Bacteroidales|f__Rikenellaceae	2|976|200643|171549|171550	1.09091	
k__Bacteria|p__Proteobacteria|c__CFGB8946|o__OFGB8946|f__FGB8946	2|1224|||	0.76006	
k__Bacteria|p__Bacteroidetes|c__Bacteroidia|o__Bacteroidales|f__Bacteroidaceae	2|976|200643|171549|815	0.49985	
k__Bacteria|p__Firmicutes|c__Clostridia|o__Eubacteriales|f__Oscillospiraceae	2|1239|186801|186802|216572	0.46516	
k__Bacteria|p__Proteobacteria|c__CFGB43452|o__OFGB43452|f__FGB43452	2|1224|||	0.4523	
k__Bacteria|p__Ignavibacteriae|c__CFGB41734|o__OFGB41734|f__FGB41734	2|1134404|||	0.41993	
k__Bacteria|p__Spirochaetes|c__CFGB8982|o__OFGB8982|f__FGB8982	2|203691|||	0.40175	
k__Bacteria|p__Firmicutes|c__CFGB38642|o__OFGB38642|f__FGB38642	2|1239|||	0.37776	
k__Bacteria|p__Dictyoglomi|c__CFGB42234|o__OFGB42234|f__FGB42234	2|68297|||	0.28794	
k__Bacteria|p__Bacteroidetes|c__Bacteroidia|o__Bacteroidales|f__Tenuifilaceae	2|976|200643|171549|2760872	0.21593	
k__Bacteria|p__Firmicutes|c__CFGB27080|o__OFGB27080|f__FGB27080	2|1239|||	0.17574	
k__Bacteria|p__Bacteroidetes|c__Bacteroidia|o__Bacteroidales|f__Dysgonomonadaceae	2|976|200643|171549|2005520	0.13842	
k__Bacteria|p__Firmicutes|c__CFGB76783|o__OFGB76783|f__FGB76783	2|1239|||	0.13405	
k__Bacteria|p__Synergistetes|c__Synergistia|o__Synergistales|f__Synergistaceae	2|508458|649775|649776|649777	0.12116	
k__Bacteria|p__Firmicutes|c__CFGB8063|o__OFGB8063|f__FGB8063	2|1239|||	0.11994	
k__Bacteria|p__Thermotogae|c__Thermotogae|o__Kosmotogales|f__Kosmotogaceae	2|200918|188708|1643946|1643948	0.11138	
k__Bacteria|p__Verrucomicrobia|c__Verrucomicrobiae|o__Verrucomicrobiales|f__Akkermansiaceae	2|74201|203494|48461|1647988	0.09445	
k__Bacteria|p__Bacteroidetes|c__CFGB24658|o__OFGB24658|f__FGB24658	2|976|||	0.09028	
k__Bacteria|p__Bacteroidetes|c__CFGB36012|o__OFGB36012|f__FGB36012	2|976|||	0.086	
k__Bacteria|p__Candidatus_Saccharibacteria|c__CFGB7348|o__OFGB7348|f__FGB7348	2|95818|||	0.0812	
k__Bacteria|p__Proteobacteria|c__CFGB2403|o__OFGB2403|f__FGB2403	2|1224|||	0.04812	
k__Bacteria|p__Atribacterota|c__CFGB8897|o__OFGB8897|f__FGB8897	2|67818|||	0.04746	
k__Bacteria|p__Planctomycetes|c__CFGB45191|o__OFGB45191|f__FGB45191	2|203682|||	0.04266	
k__Archaea|p__Euryarchaeota|c__Methanobacteria|o__Methanobacteriales|f__Methanobacteriaceae	2157|28890|183925|2158|2159	0.04028	
k__Bacteria|p__Proteobacteria|c__Deltaproteobacteria|o__Desulfovibrionales|f__Desulfovibrionaceae	2|1224|28221|213115|194924	0.03894	
k__Archaea|p__Euryarchaeota|c__CFGB76181|o__OFGB76181|f__FGB76181	2157|28890|||	0.01918	
k__Bacteria|p__Synergistetes|c__Synergistetes_unclassified|o__Synergistetes_unclassified|f__Synergistetes_unclassified	2|508458|||	0.01727	
k__Bacteria|p__Coprothermobacterota|c__Coprothermobacteria|o__Coprothermobacterales|f__Coprothermobacteraceae	2|2138240|2138243|2138246|2138247	0.01067	
k__Bacteria|p__Atribacterota|c__Atribacteria|o__Atribacterales|f__Atribacteraceae	2|67818|2847774|2847775|2847776	0.00824	
k__Bacteria|p__Acidobacteria|c__CFGB32401|o__OFGB32401|f__FGB32401	2|57723|||	0.00527	
k__Bacteria|p__Actinobacteria|c__Actinomycetia|o__Propionibacteriales|f__Propionibacteriaceae	2|201174|1760|85009|31957	0.00481	
k__Bacteria|p__Firmicutes|c__Bacilli|o__Lactobacillales|f__Lactobacillaceae|g__Oenococcus	2|1239|91061|186826|33958|46254	73.49254	
k__Bacteria|p__Candidatus_Cloacimonetes|c__Candidatus_Cloacimonetes_unclassified|o__Candidatus_Cloacimonetes_unclassified|f__Candidatus_Cloacimonetes_unclassified|g__Candidatus_Cloacimonas	2|456828||||456826	11.24701	
k__Bacteria|p__Spirochaetes|c__CFGB42821|o__OFGB42821|f__FGB42821|g__GGB42821	2|203691||||	2.05495	
k__Archaea|p__Euryarchaeota|c__Methanomicrobia|o__Methanomicrobiales|f__Methanomicrobiaceae|g__GGB27285	2157|28890|224756|2191|2194|	1.86546	
k__Archaea|p__Euryarchaeota|c__Methanomicrobia|o__Methanotrichales|f__Methanotrichaceae|g__GGB54100	2157|28890|224756|2905377|143067|	1.49075	
k__Bacteria|p__Thermotogae|c__Thermotogae|o__Thermotogales|f__Fervidobacteriaceae|g__GGB24760	2|200918|188708|2419|1643950|	1.35959	
k__Archaea|p__Euryarchaeota|c__Methanomicrobia|o__Methanomicrobiales|f__Methanospirillaceae|g__Methanospirillum	2157|28890|224756|2191|196137|2202	1.13906	
k__Bacteria|p__Bacteroidetes|c__Bacteroidia|o__Bacteroidales|f__Rikenellaceae|g__Alistipes	2|976|200643|171549|171550|239759	1.09091	
k__Bacteria|p__Thermotogae|c__Thermotogae|o__Thermotogales|f__Fervidobacteriaceae|g__GGB34841	2|200918|188708|2419|1643950|	0.94354	
k__Bacteria|p__Proteobacteria|c__CFGB8946|o__OFGB8946|f__FGB8946|g__GGB26731	2|1224||||	0.76006	
k__Bacteria|p__Proteobacteria|c__CFGB43452|o__OFGB43452|f__FGB43452|g__GGB25803	2|1224||||	0.4523	
k__Bacteria|p__Ignavibacteriae|c__CFGB41734|o__OFGB41734|f__FGB41734|g__GGB45669	2|1134404||||	0.41993	
k__Bacteria|p__Spirochaetes|c__CFGB8982|o__OFGB8982|f__FGB8982|g__GGB58357	2|203691||||	0.40175	
k__Bacteria|p__Firmicutes|c__CFGB38642|o__OFGB38642|f__FGB38642|g__GGB9758	2|1239||||	0.37776	
k__Bacteria|p__Bacteroidetes|c__Bacteroidia|o__Bacteroidales|f__Bacteroidaceae|g__Bacteroides	2|976|200643|171549|815|816	0.30231	
k__Bacteria|p__Dictyoglomi|c__CFGB42234|o__OFGB42234|f__FGB42234|g__GGB42235	2|68297||||	0.28794	
k__Bacteria|p__Firmicutes|c__Clostridia|o__Eubacteriales|f__Oscillospiraceae|g__GGB3345	2|1239|186801|186802|216572|	0.28372	
k__Bacteria|p__Bacteroidetes|c__Bacteroidia|o__Bacteroidales|f__Tenuifilaceae|g__GGB35116	2|976|200643|171549|2760872|	0.21593	
k__Bacteria|p__Bacteroidetes|c__Bacteroidia|o__Bacteroidales|f__Bacteroidaceae|g__Phocaeicola	2|976|200643|171549|815|909656	0.19754	
k__Bacteria|p__Firmicutes|c__CFGB27080|o__OFGB27080|f__FGB27080|g__GGB27082	2|1239||||	0.17574	
k__Bacteria|p__Firmicutes|c__CFGB76783|o__OFGB76783|f__FGB76783|g__GGB80011	2|1239||||	0.13405	
k__Bacteria|p__Synergistetes|c__Synergistia|o__Synergistales|f__Synergistaceae|g__Acetomicrobium	2|508458|649775|649776|649777|49894	0.12116	
k__Bacteria|p__Firmicutes|c__CFGB8063|o__OFGB8063|f__FGB8063|g__GGB24947	2|1239||||	0.11994	
k__Bacteria|p__Thermotogae|c__Thermotogae|o__Kosmotogales|f__Kosmotogaceae|g__GGB24759	2|200918|188708|1643946|1643948|	0.11138	
k__Bacteria|p__Firmicutes|c__Clostridia|o__Eubacteriales|f__Oscillospiraceae|g__GGB9713	2|1239|186801|186802|216572|	0.09705	
k__Bacteria|p__Bacteroidetes|c__Bacteroidia|o__Bacteroidales|f__Dysgonomonadaceae|g__Dysgonomonadaceae_unclassified	2|976|200643|171549|2005520|	0.09524	
k__Bacteria|p__Verrucomicrobia|c__Verrucomicrobiae|o__Verrucomicrobiales|f__Akkermansiaceae|g__Akkermansia	2|74201|203494|48461|1647988|239934	0.09445	
k__Bacteria|p__Bacteroidetes|c__CFGB24658|o__OFGB24658|f__FGB24658|g__GGB46168	2|976||||	0.09028	
k__Bacteria|p__Bacteroidetes|c__CFGB36012|o__OFGB36012|f__FGB36012|g__GGB35206	2|976||||	0.086	
k__Bacteria|p__Firmicutes|c__Clostridia|o__Eubacteriales|f__Oscillospiraceae|g__GGB9708	2|1239|186801|186802|216572|	0.08241	
k__Bacteria|p__Candidatus_Saccharibacteria|c__CFGB7348|o__OFGB7348|f__FGB7348|g__GGB23589	2|95818||||	0.0812	
k__Bacteria|p__Proteobacteria|c__CFGB2403|o__OFGB2403|f__FGB2403|g__GGB6601	2|1224||||	0.04812	
k__Bacteria|p__Atribacterota|c__CFGB8897|o__OFGB8897|f__FGB8897|g__GGB26668	2|67818||||	0.04746	
k__Bacteria|p__Bacteroidetes|c__Bacteroidia|o__Bacteroidales|f__Dysgonomonadaceae|g__GGB46169	2|976|200643|171549|2005520|	0.04317	
k__Bacteria|p__Planctomycetes|c__CFGB45191|o__OFGB45191|f__FGB45191|g__GGB45191	2|203682||||	0.04266	
k__Archaea|p__Euryarchaeota|c__Methanobacteria|o__Methanobacteriales|f__Methanobacteriaceae|g__GGB27198	2157|28890|183925|2158|2159|	0.04028	
k__Bacteria|p__Proteobacteria|c__Deltaproteobacteria|o__Desulfovibrionales|f__Desulfovibrionaceae|g__Bilophila	2|1224|28221|213115|194924|35832	0.03894	
k__Archaea|p__Euryarchaeota|c__CFGB76181|o__OFGB76181|f__FGB76181|g__GGB27196	2157|28890||||	0.01918	
k__Bacteria|p__Synergistetes|c__Synergistetes_unclassified|o__Synergistetes_unclassified|f__Synergistetes_unclassified|g__Synergistetes_unclassified	2|508458||||	0.01727	
k__Bacteria|p__Coprothermobacterota|c__Coprothermobacteria|o__Coprothermobacterales|f__Coprothermobacteraceae|g__Coprothermobacter	2|2138240|2138243|2138246|2138247|68335	0.01067	
k__Bacteria|p__Atribacterota|c__Atribacteria|o__Atribacterales|f__Atribacteraceae|g__Atribacter	2|67818|2847774|2847775|2847776|2847777	0.00824	
k__Bacteria|p__Acidobacteria|c__CFGB32401|o__OFGB32401|f__FGB32401|g__GGB45011	2|57723||||	0.00527	
k__Bacteria|p__Actinobacteria|c__Actinomycetia|o__Propionibacteriales|f__Propionibacteriaceae|g__Cutibacterium	2|201174|1760|85009|31957|1912216	0.00481	
k__Bacteria|p__Firmicutes|c__Clostridia|o__Eubacteriales|f__Oscillospiraceae|g__GGB42431	2|1239|186801|186802|216572|	0.00198	
k__Bacteria|p__Firmicutes|c__Bacilli|o__Lactobacillales|f__Lactobacillaceae|g__Oenococcus|s__Oenococcus_oeni	2|1239|91061|186826|33958|46254|1247	73.48801	
k__Bacteria|p__Candidatus_Cloacimonetes|c__Candidatus_Cloacimonetes_unclassified|o__Candidatus_Cloacimonetes_unclassified|f__Candidatus_Cloacimonetes_unclassified|g__Candidatus_Cloacimonas|s__Candidatus_Cloacimonas_acidaminovorans	2|456828||||456826|456827	11.24701	
k__Archaea|p__Euryarchaeota|c__Methanomicrobia|o__Methanomicrobiales|f__Methanomicrobiaceae|g__GGB27285|s__GGB27285_SGB39523	2157|28890|224756|2191|2194||	1.86546	
k__Archaea|p__Euryarchaeota|c__Methanomicrobia|o__Methanotrichales|f__Methanotrichaceae|g__GGB54100|s__GGB54100_SGB75290	2157|28890|224756|2905377|143067||	1.49075	
k__Bacteria|p__Thermotogae|c__Thermotogae|o__Thermotogales|f__Fervidobacteriaceae|g__GGB24760|s__GGB24760_SGB46578	2|200918|188708|2419|1643950||	1.35959	
k__Bacteria|p__Spirochaetes|c__CFGB42821|o__OFGB42821|f__FGB42821|g__GGB42821|s__GGB42821_SGB52415	2|203691|||||	1.25891	
k__Archaea|p__Euryarchaeota|c__Methanomicrobia|o__Methanomicrobiales|f__Methanospirillaceae|g__Methanospirillum|s__Methanospirillum_hungatei	2157|28890|224756|2191|196137|2202|2203	1.13906	
k__Bacteria|p__Thermotogae|c__Thermotogae|o__Thermotogales|f__Fervidobacteriaceae|g__GGB34841|s__GGB34841_SGB46577	2|200918|188708|2419|1643950||	0.94354	
k__Bacteria|p__Bacteroidetes|c__Bacteroidia|o__Bacteroidales|f__Rikenellaceae|g__Alistipes|s__Alistipes_onderdonkii	2|976|200643|171549|171550|239759|328813	0.88232	
k__Bacteria|p__Spirochaetes|c__CFGB42821|o__OFGB42821|f__FGB42821|g__GGB42821|s__GGB42821_SGB60031	2|203691|||||	0.79604	
k__Bacteria|p__Proteobacteria|c__CFGB8946|o__OFGB8946|f__FGB8946|g__GGB26731|s__GGB26731_SGB83492	2|1224|||||	0.76006	
k__Bacteria|p__Proteobacteria|c__CFGB43452|o__OFGB43452|f__FGB43452|g__GGB25803|s__GGB25803_SGB37788	2|1224|||||	0.4523	
k__Bacteria|p__Ignavibacteriae|c__CFGB41734|o__OFGB41734|f__FGB41734|g__GGB45669|s__GGB45669_SGB63385	2|1134404|||||	0.41993	
k__Bacteria|p__Spirochaetes|c__CFGB8982|o__OFGB8982|f__FGB8982|g__GGB58357|s__GGB58357_SGB80008	2|203691|||||	0.40175	
k__Bacteria|p__Firmicutes|c__CFGB38642|o__OFGB38642|f__FGB38642|g__GGB9758|s__GGB9758_SGB15368	2|1239|||||	0.37776	
k__Bacteria|p__Bacteroidetes|c__Bacteroidia|o__Bacteroidales|f__Bacteroidaceae|g__Bacteroides|s__Bacteroides_uniformis	2|976|200643|171549|815|816|820	0.30231	
k__Bacteria|p__Dictyoglomi|c__CFGB42234|o__OFGB42234|f__FGB42234|g__GGB42235|s__GGB42235_SGB59393	2|68297|||||	0.28794	
k__Bacteria|p__Firmicutes|c__Clostridia|o__Eubacteriales|f__Oscillospiraceae|g__GGB3345|s__GGB3345_SGB9340	2|1239|186801|186802|216572||	0.28372	
k__Bacteria|p__Bacteroidetes|c__Bacteroidia|o__Bacteroidales|f__Tenuifilaceae|g__GGB35116|s__GGB35116_SGB79359	2|976|200643|171549|2760872||	0.21593	
k__Bacteria|p__Bacteroidetes|c__Bacteroidia|o__Bacteroidales|f__Rikenellaceae|g__Alistipes|s__Alistipes_putredinis	2|976|200643|171549|171550|239759|28117	0.20859	
k__Bacteria|p__Bacteroidetes|c__Bacteroidia|o__Bacteroidales|f__Bacteroidaceae|g__Phocaeicola|s__Phocaeicola_dorei	2|976|200643|171549|815|909656|357276	0.19754	
k__Bacteria|p__Firmicutes|c__CFGB27080|o__OFGB27080|f__FGB27080|g__GGB27082|s__GGB27082_SGB39291	2|1239|||||	0.17574	
k__Bacteria|p__Firmicutes|c__CFGB76783|o__OFGB76783|f__FGB76783|g__GGB80011|s__GGB80011_SGB15265	2|1239|||||	0.13405	
k__Bacteria|p__Firmicutes|c__CFGB8063|o__OFGB8063|f__FGB8063|g__GGB24947|s__GGB24947_SGB36860	2|1239|||||	0.11994	
k__Bacteria|p__Thermotogae|c__Thermotogae|o__Kosmotogales|f__Kosmotogaceae|g__GGB24759|s__GGB24759_SGB24698	2|200918|188708|1643946|1643948||	0.11138	
k__Bacteria|p__Synergistetes|c__Synergistia|o__Synergistales|f__Synergistaceae|g__Acetomicrobium|s__Acetomicrobium_SGB48802	2|508458|649775|649776|649777|49894|	0.10624	
k__Bacteria|p__Firmicutes|c__Clostridia|o__Eubacteriales|f__Oscillospiraceae|g__GGB9713|s__GGB9713_SGB15249	2|1239|186801|186802|216572||	0.09705	
k__Bacteria|p__Bacteroidetes|c__Bacteroidia|o__Bacteroidales|f__Dysgonomonadaceae|g__Dysgonomonadaceae_unclassified|s__Dysgonamonadaceae_bacterium	2|976|200643|171549|2005520||2065189	0.09524	
k__Bacteria|p__Verrucomicrobia|c__Verrucomicrobiae|o__Verrucomicrobiales|f__Akkermansiaceae|g__Akkermansia|s__Akkermansia_muciniphila	2|74201|203494|48461|1647988|239934|239935	0.09445	
k__Bacteria|p__Bacteroidetes|c__CFGB24658|o__OFGB24658|f__FGB24658|g__GGB46168|s__GGB46168_SGB63936	2|976|||||	0.09028	
k__Bacteria|p__Bacteroidetes|c__CFGB36012|o__OFGB36012|f__FGB36012|g__GGB35206|s__GGB35206_SGB49924	2|976|||||	0.086	
k__Bacteria|p__Firmicutes|c__Clostridia|o__Eubacteriales|f__Oscillospiraceae|g__GGB9708|s__GGB9708_SGB15234	2|1239|186801|186802|216572||	0.08241	
k__Bacteria|p__Candidatus_Saccharibacteria|c__CFGB7348|o__OFGB7348|f__FGB7348|g__GGB23589|s__GGB23589_SGB35285	2|95818|||||	0.0812	
k__Bacteria|p__Proteobacteria|c__CFGB2403|o__OFGB2403|f__FGB2403|g__GGB6601|s__GGB6601_SGB9333	2|1224|||||	0.04812	
k__Bacteria|p__Atribacterota|c__CFGB8897|o__OFGB8897|f__FGB8897|g__GGB26668|s__GGB26668_SGB76493	2|67818|||||	0.04746	
k__Bacteria|p__Bacteroidetes|c__Bacteroidia|o__Bacteroidales|f__Dysgonomonadaceae|g__GGB46169|s__GGB46169_SGB77835	2|976|200643|171549|2005520||	0.04317	
k__Bacteria|p__Planctomycetes|c__CFGB45191|o__OFGB45191|f__FGB45191|g__GGB45191|s__GGB45191_SGB62707	2|203682|||||	0.04266	
k__Archaea|p__Euryarchaeota|c__Methanobacteria|o__Methanobacteriales|f__Methanobacteriaceae|g__GGB27198|s__GGB27198_SGB39422	2157|28890|183925|2158|2159||	0.04028	
k__Bacteria|p__Proteobacteria|c__Deltaproteobacteria|o__Desulfovibrionales|f__Desulfovibrionaceae|g__Bilophila|s__Bilophila_SGB15451	2|1224|28221|213115|194924|35832|	0.03894	
k__Archaea|p__Euryarchaeota|c__CFGB76181|o__OFGB76181|f__FGB76181|g__GGB27196|s__GGB27196_SGB39419	2157|28890|||||	0.01918	
k__Bacteria|p__Synergistetes|c__Synergistetes_unclassified|o__Synergistetes_unclassified|f__Synergistetes_unclassified|g__Synergistetes_unclassified|s__Synergistetes_bacterium_JGI_0000079_D21	2|508458|||||1104568	0.01727	
k__Bacteria|p__Synergistetes|c__Synergistia|o__Synergistales|f__Synergistaceae|g__Acetomicrobium|s__Acetomicrobium_mobile	2|508458|649775|649776|649777|49894|97477	0.01493	
k__Bacteria|p__Coprothermobacterota|c__Coprothermobacteria|o__Coprothermobacterales|f__Coprothermobacteraceae|g__Coprothermobacter|s__Coprothermobacter_proteolyticus	2|2138240|2138243|2138246|2138247|68335|35786	0.01067	
k__Bacteria|p__Atribacterota|c__Atribacteria|o__Atribacterales|f__Atribacteraceae|g__Atribacter|s__Atribacter_laminatus	2|67818|2847774|2847775|2847776|2847777|2847778	0.00824	
k__Bacteria|p__Acidobacteria|c__CFGB32401|o__OFGB32401|f__FGB32401|g__GGB45011|s__GGB45011_SGB62515	2|57723|||||	0.00527	
k__Bacteria|p__Actinobacteria|c__Actinomycetia|o__Propionibacteriales|f__Propionibacteriaceae|g__Cutibacterium|s__Cutibacterium_acnes	2|201174|1760|85009|31957|1912216|1747	0.00481	
k__Bacteria|p__Firmicutes|c__Bacilli|o__Lactobacillales|f__Lactobacillaceae|g__Oenococcus|s__Oenococcus_sp_UCMA_16435	2|1239|91061|186826|33958|46254|2259623	0.00453	
k__Bacteria|p__Firmicutes|c__Clostridia|o__Eubacteriales|f__Oscillospiraceae|g__GGB42431|s__GGB42431_SGB48050	2|1239|186801|186802|216572||	0.00198	
k__Bacteria|p__Firmicutes|c__Bacilli|o__Lactobacillales|f__Lactobacillaceae|g__Oenococcus|s__Oenococcus_oeni|t__SGB5611	2|1239|91061|186826|33958|46254|1247|	73.48801	
k__Bacteria|p__Candidatus_Cloacimonetes|c__Candidatus_Cloacimonetes_unclassified|o__Candidatus_Cloacimonetes_unclassified|f__Candidatus_Cloacimonetes_unclassified|g__Candidatus_Cloacimonas|s__Candidatus_Cloacimonas_acidaminovorans|t__SGB3762	2|456828||||456826|456827|	11.24701	k__Bacteria|p__Candidatus_Cloacimonetes|c__Candidatus_Cloacimonetes_unclassified|o__Candidatus_Cloacimonetes_unclassified|f__Candidatus_Cloacimonetes_unclassified|g__Candidatus_Cloacimonetes_unclassified|s__Cloacimonetes_bacterium_JGI_0000039_G13
k__Archaea|p__Euryarchaeota|c__Methanomicrobia|o__Methanomicrobiales|f__Methanomicrobiaceae|g__GGB27285|s__GGB27285_SGB39523|t__SGB39523	2157|28890|224756|2191|2194|||	1.86546	
k__Archaea|p__Euryarchaeota|c__Methanomicrobia|o__Methanotrichales|f__Methanotrichaceae|g__GGB54100|s__GGB54100_SGB75290|t__SGB75290	2157|28890|224756|2905377|143067|||	1.49075	
k__Bacteria|p__Thermotogae|c__Thermotogae|o__Thermotogales|f__Fervidobacteriaceae|g__GGB24760|s__GGB24760_SGB46578|t__SGB46578	2|200918|188708|2419|1643950|||	1.35959	
k__Bacteria|p__Spirochaetes|c__CFGB42821|o__OFGB42821|f__FGB42821|g__GGB42821|s__GGB42821_SGB52415|t__SGB52415	2|203691||||||	1.25891	
k__Archaea|p__Euryarchaeota|c__Methanomicrobia|o__Methanomicrobiales|f__Methanospirillaceae|g__Methanospirillum|s__Methanospirillum_hungatei|t__SGB145	2157|28890|224756|2191|196137|2202|2203|	1.13906	
k__Bacteria|p__Thermotogae|c__Thermotogae|o__Thermotogales|f__Fervidobacteriaceae|g__GGB34841|s__GGB34841_SGB46577|t__SGB46577	2|200918|188708|2419|1643950|||	0.94354	
k__Bacteria|p__Bacteroidetes|c__Bacteroidia|o__Bacteroidales|f__Rikenellaceae|g__Alistipes|s__Alistipes_onderdonkii|t__SGB2303	2|976|200643|171549|171550|239759|328813|	0.88232	k__Bacteria|p__Bacteroidetes|c__Bacteroidia|o__Bacteroidales|f__Rikenellaceae|g__Alistipes|s__Alistipes_finegoldii,k__Bacteria|p__Bacteroidetes|c__Bacteroidia|o__Bacteroidales|f__Rikenellaceae|g__Alistipes|s__Alistipes_sp_AM16_43
k__Bacteria|p__Spirochaetes|c__CFGB42821|o__OFGB42821|f__FGB42821|g__GGB42821|s__GGB42821_SGB60031|t__SGB60031	2|203691||||||	0.79604	
k__Bacteria|p__Proteobacteria|c__CFGB8946|o__OFGB8946|f__FGB8946|g__GGB26731|s__GGB26731_SGB83492|t__SGB83492	2|1224||||||	0.76006	
k__Bacteria|p__Proteobacteria|c__CFGB43452|o__OFGB43452|f__FGB43452|g__GGB25803|s__GGB25803_SGB37788|t__SGB37788	2|1224||||||	0.4523	
k__Bacteria|p__Ignavibacteriae|c__CFGB41734|o__OFGB41734|f__FGB41734|g__GGB45669|s__GGB45669_SGB63385|t__SGB63385	2|1134404||||||	0.41993	
k__Bacteria|p__Spirochaetes|c__CFGB8982|o__OFGB8982|f__FGB8982|g__GGB58357|s__GGB58357_SGB80008|t__SGB80008	2|203691||||||	0.40175	
k__Bacteria|p__Firmicutes|c__CFGB38642|o__OFGB38642|f__FGB38642|g__GGB9758|s__GGB9758_SGB15368|t__SGB15368	2|1239||||||	0.37776	
k__Bacteria|p__Bacteroidetes|c__Bacteroidia|o__Bacteroidales|f__Bacteroidaceae|g__Bacteroides|s__Bacteroides_uniformis|t__SGB1836	2|976|200643|171549|815|816|820|	0.30231	k__Bacteria|p__Bacteroidetes|c__Bacteroidia|o__Bacteroidales|f__Bacteroidaceae|g__Bacteroides|s__Bacteroides_sp_D20,k__Bacteria|p__Bacteroidetes|c__Bacteroidia|o__Bacteroidales|f__Bacteroidaceae|g__Bacteroides|s__Bacteroides_sp_4_1_36,k__Bacteria|p__Bacteroidetes|c__Bacteroidia|o__Bacteroidales|f__Bacteroidaceae|g__Bacteroides|s__Bacteroides_sp_AF25_38AC,k__Bacteria|p__Bacteroidetes|c__Bacteroidia|o__Bacteroidales|f__Bacteroidaceae|g__Bacteroides|s__Bacteroides_sp_CACC_737,k__Bacteria|p__Bacteroidetes|c__Bacteroidia|o__Bacteroidales|f__Bacteroidaceae|g__Bacteroides|s__Bacteroides_sp_AF36_11BH,k__Bacteria|p__Bacteroidetes|c__Bacteroidia|o__Bacteroidales|f__Bacteroidaceae|g__Bacteroides|s__Bacteroides_sp_AF39_16AC,k__Bacteria|p__Bacteroidetes|c__Bacteroidia|o__Bacteroidales|f__Bacteroidaceae|g__Bacteroides|s__Bacteroides_sp_AM32_11AC,k__Bacteria|p__Bacteroidetes|c__Bacteroidia|o__Bacteroidales|f__Bacteroidaceae|g__Bacteroides|s__Bacteroides_sp_AF35_22,k__Bacteria|p__Bacteroidetes|c__Bacteroidia|o__Bacteroidales|f__Bacteroidaceae|g__Bacteroides|s__Bacteroides_sp_AF26_10BH,k__Bacteria|p__Bacteroidetes|c__Bacteroidia|o__Bacteroidales|f__Bacteroidaceae|g__Bacteroides|s__Bacteroides_sp_AF37_16AC,k__Bacteria|p__Bacteroidetes|c__Bacteroidia|o__Bacteroidales|f__Bacteroidaceae|g__Bacteroides|s__Bacteroides_sp_Marseille_P8574,k__Bacteria|p__Bacteroidetes|c__Bacteroidia|o__Bacteroidales|f__Bacteroidaceae|g__Bacteroides|s__Bacteroides_sp_HF_5613,k__Bacteria|p__Bacteroidetes|c__Bacteroidia|o__Bacteroidales|f__Bacteroidaceae|g__Bacteroides|s__Bacteroides_sp_AF33_23,k__Bacteria|p__Bacteroidetes|c__Bacteroidia|o__Bacteroidales|f__Bacteroidaceae|g__Bacteroides|s__Bacteroides_sp_AF20_13LB,k__Bacteria|p__Bacteroidetes|c__Bacteroidia|o__Bacteroidales|f__Bacteroidaceae|g__Bacteroides|s__Bacteroides_sp_AF34_31BH,k__Bacteria|p__Bacteroidetes|c__Bacteroidia|o__Bacteroidales|f__Bacteroidaceae|g__Bacteroides|s__Bacteroides_sp_A1C1,k__Bacteria|p__Bacteroidetes|c__Bacteroidia|o__Bacteroidales|f__Bacteroidaceae|g__Bacteroides|s__Bacteroides_sp_HF_162,k__Bacteria|p__Bacteroidetes|c__Bacteroidia|o__Bacteroidales|f__Bacteroidaceae|g__Bacteroides|s__Bacteroides_sp_AF29_11,k__Bacteria|p__Bacteroidetes|c__Bacteroidia|o__Bacteroidales|f__Bacteroidaceae|g__Bacteroides|s__Bacteroides_sp_AF04_22,k__Bacteria|p__Bacteroidetes|c__Bacteroidia|o__Bacteroidales|f__Bacteroidaceae|g__Bacteroides|s__Bacteroides_sp_AM41_16,k__Bacteria|p__Bacteroidetes|c__Bacteroidia|o__Bacteroidales|f__Bacteroidaceae|g__Bacteroides|s__Bacteroides_sp_AR29,k__Bacteria|p__Bacteroidetes|c__Bacteroidia|o__Bacteroidales|f__Bacteroidaceae|g__Bacteroides|s__Bacteroides_sp_NSJ_21,k__Bacteria|p__Bacteroidetes|c__Bacteroidia|o__Bacteroidales|f__Bacteroidaceae|g__Bacteroides|s__Bacteroides_sp_AF18_33,k__Bacteria|p__Bacteroidetes|c__Bacteroidia|o__Bacteroidales|f__Bacteroidaceae|g__Bacteroides|s__Bacteroides_sp_AM44_19,k__Bacteria|p__Bacteroidetes|c__Bacteroidia|o__Bacteroidales|f__Bacteroidaceae|g__Bacteroides|s__Bacteroides_sp_AF27_10BH,k__Bacteria|p__Bacteroidetes|c__Bacteroidia|o__Bacteroidales|f__Bacteroidaceae|g__Bacteroides|s__Bacteroides_sp_AM07_18,k__Bacteria|p__Bacteroidetes|c__Bacteroidia|o__Bacteroidales|f__Bacteroidaceae|g__Bacteroides|s__Bacteroides_sp_AF15_14LB,k__Bacteria|p__Bacteroidetes|c__Bacteroidia|o__Bacteroidales|f__Bacteroidaceae|g__Bacteroides|s__Bacteroides_sp_KGMB07931,k__Bacteria|p__Bacteroidetes|c__Bacteroidia|o__Bacteroidales|f__Bacteroidaceae|g__Bacteroides|s__Bacteroides_sp_AF25_5LB,k__Bacteria|p__Bacteroidetes|c__Bacteroidia|o__Bacteroidales|f__Bacteroidaceae|g__Bacteroides|s__Bacteroides_sp_AM30_16
k__Bacteria|p__Dictyoglomi|c__CFGB42234|o__OFGB42234|f__FGB42234|g__GGB42235|s__GGB42235_SGB59393|t__SGB59393	2|68297||||||	0.28794	
k__Bacteria|p__Firmicutes|c__Clostridia|o__Eubacteriales|f__Oscillospiraceae|g__GGB3345|s__GGB3345_SGB9340|t__SGB9340	2|1239|186801|186802|216572|||	0.28372	
k__Bacteria|p__Bacteroidetes|c__Bacteroidia|o__Bacteroidales|f__Tenuifilaceae|g__GGB35116|s__GGB35116_SGB79359|t__SGB79359	2|976|200643|171549|2760872|||	0.21593	
k__Bacteria|p__Bacteroidetes|c__Bacteroidia|o__Bacteroidales|f__Rikenellaceae|g__Alistipes|s__Alistipes_putredinis|t__SGB2318	2|976|200643|171549|171550|239759|28117|	0.20859	
k__Bacteria|p__Bacteroidetes|c__Bacteroidia|o__Bacteroidales|f__Bacteroidaceae|g__Phocaeicola|s__Phocaeicola_dorei|t__SGB1815	2|976|200643|171549|815|909656|357276|	0.19754	k__Bacteria|p__Bacteroidetes|c__Bacteroidia|o__Bacteroidales|f__Bacteroidaceae|g__Bacteroides|s__Bacteroides_sp_3_1_33FAA,k__Bacteria|p__Bacteroidetes|c__Bacteroidia|o__Bacteroidales|f__Bacteroidaceae|g__Bacteroides|s__Bacteroides_sp_AF25_18,k__Bacteria|p__Bacteroidetes|c__Bacteroidia|o__Bacteroidales|f__Bacteroidaceae|g__Bacteroides|s__Bacteroides_sp_AF17_1,k__Bacteria|p__Bacteroidetes|c__Bacteroidia|o__Bacteroidales|f__Bacteroidaceae|g__Bacteroides|s__Bacteroides_sp_AF39_10AT,k__Bacteria|p__Bacteroidetes|c__Bacteroidia|o__Bacteroidales|f__Bacteroidaceae|g__Bacteroides|s__Bacteroides_sp_9_1_42FAA,k__Bacteria|p__Bacteroidetes|c__Bacteroidia|o__Bacteroidales|f__Bacteroidaceae|g__Bacteroides|s__Bacteroides_sp_AM28_6,k__Bacteria|p__Bacteroidetes|c__Bacteroidia|o__Bacteroidales|f__Bacteroidaceae|g__Bacteroides|s__Bacteroides_sp_AM18_9,k__Bacteria|p__Bacteroidetes|c__Bacteroidia|o__Bacteroidales|f__Bacteroidaceae|g__Bacteroides|s__Bacteroides_sp_AM23_18,k__Bacteria|p__Bacteroidetes|c__Bacteroidia|o__Bacteroidales|f__Bacteroidaceae|g__Bacteroides|s__Bacteroides_sp_AF16_29
k__Bacteria|p__Firmicutes|c__CFGB27080|o__OFGB27080|f__FGB27080|g__GGB27082|s__GGB27082_SGB39291|t__SGB39291	2|1239||||||	0.17574	
k__Bacteria|p__Firmicutes|c__CFGB76783|o__OFGB76783|f__FGB76783|g__GGB80011|s__GGB80011_SGB15265|t__SGB15265	2|1239||||||	0.13405	
k__Bacteria|p__Firmicutes|c__CFGB8063|o__OFGB8063|f__FGB8063|g__GGB24947|s__GGB24947_SGB36860|t__SGB36860	2|1239||||||	0.11994	
k__Bacteria|p__Thermotogae|c__Thermotogae|o__Kosmotogales|f__Kosmotogaceae|g__GGB24759|s__GGB24759_SGB24698|t__SGB24698	2|200918|188708|1643946|1643948|||	0.11138	
k__Bacteria|p__Synergistetes|c__Synergistia|o__Synergistales|f__Synergistaceae|g__Acetomicrobium|s__Acetomicrobium_SGB48802|t__SGB48802	2|508458|649775|649776|649777|49894||	0.10624	
k__Bacteria|p__Firmicutes|c__Clostridia|o__Eubacteriales|f__Oscillospiraceae|g__GGB9713|s__GGB9713_SGB15249|t__SGB15249	2|1239|186801|186802|216572|||	0.09705	
k__Bacteria|p__Bacteroidetes|c__Bacteroidia|o__Bacteroidales|f__Dysgonomonadaceae|g__Dysgonomonadaceae_unclassified|s__Dysgonamonadaceae_bacterium|t__SGB1995	2|976|200643|171549|2005520||2065189|	0.09524	k__Bacteria|p__Bacteroidetes|c__Bacteroidia|o__Bacteroidales|f__Porphyromonadaceae|g__Porphyromonadaceae_unclassified|s__Porphyromonadaceae_bacterium_SYSU_GA16107
k__Bacteria|p__Verrucomicrobia|c__Verrucomicrobiae|o__Verrucomicrobiales|f__Akkermansiaceae|g__Akkermansia|s__Akkermansia_muciniphila|t__SGB9226	2|74201|203494|48461|1647988|239934|239935|	0.09445	
k__Bacteria|p__Bacteroidetes|c__CFGB24658|o__OFGB24658|f__FGB24658|g__GGB46168|s__GGB46168_SGB63936|t__SGB63936	2|976||||||	0.09028	
k__Bacteria|p__Bacteroidetes|c__CFGB36012|o__OFGB36012|f__FGB36012|g__GGB35206|s__GGB35206_SGB49924|t__SGB49924	2|976||||||	0.086	
k__Bacteria|p__Firmicutes|c__Clostridia|o__Eubacteriales|f__Oscillospiraceae|g__GGB9708|s__GGB9708_SGB15234|t__SGB15234	2|1239|186801|186802|216572|||	0.08241	
k__Bacteria|p__Candidatus_Saccharibacteria|c__CFGB7348|o__OFGB7348|f__FGB7348|g__GGB23589|s__GGB23589_SGB35285|t__SGB35285	2|95818||||||	0.0812	
k__Bacteria|p__Proteobacteria|c__CFGB2403|o__OFGB2403|f__FGB2403|g__GGB6601|s__GGB6601_SGB9333|t__SGB9333	2|1224||||||	0.04812	
k__Bacteria|p__Atribacterota|c__CFGB8897|o__OFGB8897|f__FGB8897|g__GGB26668|s__GGB26668_SGB76493|t__SGB76493	2|67818||||||	0.04746	
k__Bacteria|p__Bacteroidetes|c__Bacteroidia|o__Bacteroidales|f__Dysgonomonadaceae|g__GGB46169|s__GGB46169_SGB77835|t__SGB77835	2|976|200643|171549|2005520|||	0.04317	
k__Bacteria|p__Planctomycetes|c__CFGB45191|o__OFGB45191|f__FGB45191|g__GGB45191|s__GGB45191_SGB62707|t__SGB62707	2|203682||||||	0.04266	
k__Archaea|p__Euryarchaeota|c__Methanobacteria|o__Methanobacteriales|f__Methanobacteriaceae|g__GGB27198|s__GGB27198_SGB39422|t__SGB39422	2157|28890|183925|2158|2159|||	0.04028	
k__Bacteria|p__Proteobacteria|c__Deltaproteobacteria|o__Desulfovibrionales|f__Desulfovibrionaceae|g__Bilophila|s__Bilophila_SGB15451|t__SGB15451	2|1224|28221|213115|194924|35832||	0.03894	
k__Archaea|p__Euryarchaeota|c__CFGB76181|o__OFGB76181|f__FGB76181|g__GGB27196|s__GGB27196_SGB39419|t__SGB39419	2157|28890||||||	0.01918	
k__Bacteria|p__Synergistetes|c__Synergistetes_unclassified|o__Synergistetes_unclassified|f__Synergistetes_unclassified|g__Synergistetes_unclassified|s__Synergistetes_bacterium_JGI_0000079_D21|t__SGB52069	2|508458|||||1104568|	0.01727	
k__Bacteria|p__Synergistetes|c__Synergistia|o__Synergistales|f__Synergistaceae|g__Acetomicrobium|s__Acetomicrobium_mobile|t__SGB3780	2|508458|649775|649776|649777|49894|97477|	0.01493	
k__Bacteria|p__Coprothermobacterota|c__Coprothermobacteria|o__Coprothermobacterales|f__Coprothermobacteraceae|g__Coprothermobacter|s__Coprothermobacter_proteolyticus|t__SGB8555	2|2138240|2138243|2138246|2138247|68335|35786|	0.01067	
k__Bacteria|p__Atribacterota|c__Atribacteria|o__Atribacterales|f__Atribacteraceae|g__Atribacter|s__Atribacter_laminatus|t__SGB94678	2|67818|2847774|2847775|2847776|2847777|2847778|	0.00824	
k__Bacteria|p__Acidobacteria|c__CFGB32401|o__OFGB32401|f__FGB32401|g__GGB45011|s__GGB45011_SGB62515|t__SGB62515	2|57723||||||	0.00527	
k__Bacteria|p__Actinobacteria|c__Actinomycetia|o__Propionibacteriales|f__Propionibacteriaceae|g__Cutibacterium|s__Cutibacterium_acnes|t__SGB16955	2|201174|1760|85009|31957|1912216|1747|	0.00481	
k__Bacteria|p__Firmicutes|c__Bacilli|o__Lactobacillales|f__Lactobacillaceae|g__Oenococcus|s__Oenococcus_sp_UCMA_16435|t__SGB27672	2|1239|91061|186826|33958|46254|2259623|	0.00453	
k__Bacteria|p__Firmicutes|c__Clostridia|o__Eubacteriales|f__Oscillospiraceae|g__GGB42431|s__GGB42431_SGB48050|t__SGB48050	2|1239|186801|186802|216572|||	0.00198	
