# Pathway	P21158_94_S13_Abundance
UNMAPPED	3945649.6559621366
UNINTEGRATED	3278156.1602881532
UNINTEGRATED|unclassified	6367440.0982206389
UNINTEGRATED|g__Oenococcus.s__Oenococcus_oeni	575520.0667101922
UNINTEGRATED|g__Dysgonamonadaceae_unclassified.s__Dysgonamonadaceae_bacterium	122063.4878283218
UNINTEGRATED|g__Candidatus_Cloacimonas.s__Candidatus_Cloacimonas_acidaminovorans	75280.0100823089
UNINTEGRATED|g__Methanospirillum.s__Methanospirillum_hungatei	10221.3275775946
DTDPRHAMSYN-PWY: dTDP-&beta;-L-rhamnose biosynthesis	8923.1138468458
DTDPRHAMSYN-PWY: dTDP-&beta;-L-rhamnose biosynthesis|g__Oenococcus.s__Oenococcus_oeni	8660.0140973571
PWY66-429: fatty acid biosynthesis initiation (mitochondria)	2646.4613270008
PWY66-429: fatty acid biosynthesis initiation (mitochondria)|g__Oenococcus.s__Oenococcus_oeni	2539.4272357885
SER-GLYSYN-PWY: superpathway of L-serine and glycine biosynthesis I	1353.5710039426
SER-GLYSYN-PWY: superpathway of L-serine and glycine biosynthesis I|unclassified	182.1819857215
SER-GLYSYN-PWY: superpathway of L-serine and glycine biosynthesis I|g__Candidatus_Cloacimonas.s__Candidatus_Cloacimonas_acidaminovorans	164.6850025942
SER-GLYSYN-PWY: superpathway of L-serine and glycine biosynthesis I|g__Methanospirillum.s__Methanospirillum_hungatei	41.6613040815
PWY-7229: superpathway of adenosine nucleotides de novo biosynthesis I	1056.4069906618
PWY-6126: superpathway of adenosine nucleotides de novo biosynthesis II	869.6717125326
PWY-3841: folate transformations II (plants)	815.1732218948
PEPTIDOGLYCANSYN-PWY: peptidoglycan biosynthesis I (meso-diaminopimelate containing)	682.8502781548
PEPTIDOGLYCANSYN-PWY: peptidoglycan biosynthesis I (meso-diaminopimelate containing)|g__Oenococcus.s__Oenococcus_oeni	575.6851770584
TRNA-CHARGING-PWY: tRNA charging	630.5915193529
METH-ACETATE-PWY: methanogenesis from acetate	615.6186674896
METH-ACETATE-PWY: methanogenesis from acetate|unclassified	321.0148136468
PWY-6387: UDP-N-acetylmuramoyl-pentapeptide biosynthesis I (meso-diaminopimelate containing)	611.4059434478
PWY-6387: UDP-N-acetylmuramoyl-pentapeptide biosynthesis I (meso-diaminopimelate containing)|g__Oenococcus.s__Oenococcus_oeni	512.2905467584
PWY-6386: UDP-N-acetylmuramoyl-pentapeptide biosynthesis II (lysine-containing)	603.3371494319
PWY-6386: UDP-N-acetylmuramoyl-pentapeptide biosynthesis II (lysine-containing)|g__Oenococcus.s__Oenococcus_oeni	515.9152514377
PWY-7220: adenosine deoxyribonucleotides de novo biosynthesis II	595.3828756576
PWY-7220: adenosine deoxyribonucleotides de novo biosynthesis II|g__Candidatus_Cloacimonas.s__Candidatus_Cloacimonas_acidaminovorans	34.6410669018
PWY-7222: guanosine deoxyribonucleotides de novo biosynthesis II	595.3828756576
PWY-7222: guanosine deoxyribonucleotides de novo biosynthesis II|g__Candidatus_Cloacimonas.s__Candidatus_Cloacimonas_acidaminovorans	34.6410669018
PWY-8187: L-arginine degradation XIII (reductive Stickland reaction)	591.3253755003
PWY-8187: L-arginine degradation XIII (reductive Stickland reaction)|unclassified	234.5081006318
PWY-7208: superpathway of pyrimidine nucleobases salvage	589.6974359938
PWY-7208: superpathway of pyrimidine nucleobases salvage|unclassified	54.6835136572
PWY-7208: superpathway of pyrimidine nucleobases salvage|g__Candidatus_Cloacimonas.s__Candidatus_Cloacimonas_acidaminovorans	50.8409855581
PWY-7199: pyrimidine deoxyribonucleosides salvage	573.3470056032
PWY-7199: pyrimidine deoxyribonucleosides salvage|g__Oenococcus.s__Oenococcus_oeni	527.5850988891
PWY-7228: superpathway of guanosine nucleotides de novo biosynthesis I	546.1370414760
PWY-7228: superpathway of guanosine nucleotides de novo biosynthesis I|g__Candidatus_Cloacimonas.s__Candidatus_Cloacimonas_acidaminovorans	49.6893514706
PWY-6609: adenine and adenosine salvage III	522.9504148983
PWY-6609: adenine and adenosine salvage III|unclassified	206.4001508626
PWY-6609: adenine and adenosine salvage III|g__Candidatus_Cloacimonas.s__Candidatus_Cloacimonas_acidaminovorans	164.6418195237
CITRULBIO-PWY: L-citrulline biosynthesis	519.0584406075
PWY-5384: sucrose degradation IV (sucrose phosphorylase)	517.3968833532
PWY-5695: inosine 5'-phosphate degradation	500.1000628747
PWY-5695: inosine 5'-phosphate degradation|unclassified	265.8068612778
PWY-5695: inosine 5'-phosphate degradation|g__Candidatus_Cloacimonas.s__Candidatus_Cloacimonas_acidaminovorans	151.3773557113
PWY-6151: S-adenosyl-L-methionine salvage I	488.9512687155
PWY-6151: S-adenosyl-L-methionine salvage I|g__Oenococcus.s__Oenococcus_oeni	478.1140870732
PWY-7197: pyrimidine deoxyribonucleotide phosphorylation	483.0608877448
PWY-7197: pyrimidine deoxyribonucleotide phosphorylation|unclassified	126.5528019828
PWY-7221: guanosine ribonucleotides de novo biosynthesis	480.9505033990
PWY-7221: guanosine ribonucleotides de novo biosynthesis|g__Oenococcus.s__Oenococcus_oeni	147.3257254367
PWY-7221: guanosine ribonucleotides de novo biosynthesis|g__Candidatus_Cloacimonas.s__Candidatus_Cloacimonas_acidaminovorans	56.0974887613
PWY-7221: guanosine ribonucleotides de novo biosynthesis|g__Methanospirillum.s__Methanospirillum_hungatei	31.3044967004
SALVADEHYPOX-PWY: adenosine nucleotides degradation II	480.8671026999
SALVADEHYPOX-PWY: adenosine nucleotides degradation II|unclassified	229.2769290362
SALVADEHYPOX-PWY: adenosine nucleotides degradation II|g__Candidatus_Cloacimonas.s__Candidatus_Cloacimonas_acidaminovorans	141.9112142942
PWY-6125: superpathway of guanosine nucleotides de novo biosynthesis II	477.6236463022
PWY-6125: superpathway of guanosine nucleotides de novo biosynthesis II|g__Candidatus_Cloacimonas.s__Candidatus_Cloacimonas_acidaminovorans	43.6421493186
PWY-6608: guanosine nucleotides degradation III	442.8538143813
PWY-6608: guanosine nucleotides degradation III|unclassified	226.3464943341
PWY-6608: guanosine nucleotides degradation III|g__Candidatus_Cloacimonas.s__Candidatus_Cloacimonas_acidaminovorans	151.3773557113
ARGININE-SYN4-PWY: L-ornithine biosynthesis II	435.7997193864
PWY-7200: superpathway of pyrimidine deoxyribonucleoside salvage	390.6047285072
PWY-6527: stachyose degradation	381.6945762806
PWY-6527: stachyose degradation|g__Oenococcus.s__Oenococcus_oeni	141.3279196489
PWY-5130: 2-oxobutanoate degradation I	366.1365252862
PWY-6317: D-galactose degradation I (Leloir pathway)	363.5672855958
PWY-6353: purine nucleotides degradation II (aerobic)	363.3595694575
PWY-6353: purine nucleotides degradation II (aerobic)|unclassified	204.6093986325
COA-PWY: coenzyme A biosynthesis I (prokaryotic)	343.7306266961
COA-PWY: coenzyme A biosynthesis I (prokaryotic)|g__Oenococcus.s__Oenococcus_oeni	185.1302255954
COA-PWY: coenzyme A biosynthesis I (prokaryotic)|unclassified	69.8936339301
COA-PWY: coenzyme A biosynthesis I (prokaryotic)|g__Candidatus_Cloacimonas.s__Candidatus_Cloacimonas_acidaminovorans	55.0906027268
PWY-7851: coenzyme A biosynthesis II (eukaryotic)	343.7306266961
PWY-7851: coenzyme A biosynthesis II (eukaryotic)|g__Oenococcus.s__Oenococcus_oeni	185.1302255954
PWY-5659: GDP-mannose biosynthesis	310.9058721817
PWY-5659: GDP-mannose biosynthesis|unclassified	140.5753684493
PWY-1042: glycolysis IV	309.8591677088
PWY-1042: glycolysis IV|g__Candidatus_Cloacimonas.s__Candidatus_Cloacimonas_acidaminovorans	141.0793891255
PWY-5100: pyruvate fermentation to acetate and lactate II	296.0036510207
PWY-5100: pyruvate fermentation to acetate and lactate II|unclassified	121.1192751855
GLYCOLYSIS: glycolysis I (from glucose 6-phosphate)	293.2809077022
PWY-2941: L-lysine biosynthesis II	288.6624869927
PWY-6606: guanosine nucleotides degradation II	273.8248984843
PWY-6606: guanosine nucleotides degradation II|unclassified	198.6402823514
PWY-6588: pyruvate fermentation to acetone	245.2879085640
PWY-7238: sucrose biosynthesis II	241.6131164961
PWY-7238: sucrose biosynthesis II|unclassified	201.9569500626
PWY-6385: peptidoglycan biosynthesis III (mycobacteria)	236.6249232969
PWY-7328: superpathway of UDP-glucose-derived O-antigen building blocks biosynthesis	230.7094258341
P164-PWY: purine nucleobases degradation I (anaerobic)	220.0462697528
P164-PWY: purine nucleobases degradation I (anaerobic)|unclassified	139.4837772941
PWY-5941: glycogen degradation II	211.4058979141
PWY-5941: glycogen degradation II|unclassified	180.4097014378
PWY-5209: methyl-coenzyme M oxidation to CO2	209.6363607199
PWY-5209: methyl-coenzyme M oxidation to CO2|g__Methanospirillum.s__Methanospirillum_hungatei	103.7906642548
OANTIGEN-PWY: O-antigen building blocks biosynthesis (E. coli)	204.5829889538
PWY-6123: inosine-5'-phosphate biosynthesis I	203.1926231904
PWY-5484: glycolysis II (from fructose 6-phosphate)	192.8334880692
GLYCOGENSYNTH-PWY: glycogen biosynthesis I (from ADP-D-Glucose)	187.4070607472
GLYCOGENSYNTH-PWY: glycogen biosynthesis I (from ADP-D-Glucose)|unclassified	187.4070607472
PWY-6124: inosine-5'-phosphate biosynthesis II	186.8435977052
PWY-6124: inosine-5'-phosphate biosynthesis II|g__Oenococcus.s__Oenococcus_oeni	186.8435977052
CALVIN-PWY: Calvin-Benson-Bassham cycle	186.1943712525
CALVIN-PWY: Calvin-Benson-Bassham cycle|unclassified	112.9144268536
PWY-841: superpathway of purine nucleotides de novo biosynthesis I	182.5744607014
PWY-6590: superpathway of Clostridium acetobutylicum acidogenic fermentation	182.0433888670
PWY0-1296: purine ribonucleosides degradation	180.1342765422
PWY0-1296: purine ribonucleosides degradation|unclassified	133.2955714236
PWY-8178: pentose phosphate pathway (non-oxidative branch) II	177.4750671110
PWY-8178: pentose phosphate pathway (non-oxidative branch) II|g__Candidatus_Cloacimonas.s__Candidatus_Cloacimonas_acidaminovorans	54.2158331166
PWY-8178: pentose phosphate pathway (non-oxidative branch) II|unclassified	46.9950139974
PWY-7210: pyrimidine deoxyribonucleotides biosynthesis from CTP	176.7494004527
PENTOSE-P-PWY: pentose phosphate pathway	166.7616351378
PWY-7184: pyrimidine deoxyribonucleotides de novo biosynthesis I	164.2185434355
CENTFERM-PWY: pyruvate fermentation to butanoate	155.7766041919
PWY0-1477: ethanolamine utilization	148.1139111566
PWY-1861: formaldehyde assimilation II (assimilatory RuMP Cycle)	147.3308445992
PWY0-1298: superpathway of pyrimidine deoxyribonucleosides degradation	147.0720025135
PWY-7237: myo-, chiro- and scyllo-inositol degradation	138.9402389770
PWY-7237: myo-, chiro- and scyllo-inositol degradation|unclassified	133.8547872446
PWY-7237: myo-, chiro- and scyllo-inositol degradation|g__Dysgonamonadaceae_unclassified.s__Dysgonamonadaceae_bacterium	58.8798019208
PWY-5097: L-lysine biosynthesis VI	138.0558707273
PWY-5136: fatty acid &beta;-oxidation II (plant peroxisome)	135.0862877172
PWY-5136: fatty acid &beta;-oxidation II (plant peroxisome)|unclassified	135.0862877172
PWY-7198: pyrimidine deoxyribonucleotides de novo biosynthesis IV	134.2651920079
PWY-6160: 3-dehydroquinate biosynthesis II (archaea)	133.4903910442
NONOXIPENT-PWY: pentose phosphate pathway (non-oxidative branch) I	132.2717208202
NONOXIPENT-PWY: pentose phosphate pathway (non-oxidative branch) I|unclassified	38.1532663158
PWY-7383: anaerobic energy metabolism (invertebrates, cytosol)	130.9530647631
PWY66-409: superpathway of purine nucleotide salvage	127.6112362654
VALSYN-PWY: L-valine biosynthesis	127.3095392839
VALSYN-PWY: L-valine biosynthesis|unclassified	106.3125039820
UDPNAGSYN-PWY: UDP-N-acetyl-D-glucosamine biosynthesis I	119.6038194724
UDPNAGSYN-PWY: UDP-N-acetyl-D-glucosamine biosynthesis I|g__Candidatus_Cloacimonas.s__Candidatus_Cloacimonas_acidaminovorans	27.5757858954
PWY-7185: UTP and CTP dephosphorylation I	118.1043152690
PWY-7185: UTP and CTP dephosphorylation I|unclassified	69.7346346002
BRANCHED-CHAIN-AA-SYN-PWY: superpathway of branched chain amino acid biosynthesis	116.7664057102
BRANCHED-CHAIN-AA-SYN-PWY: superpathway of branched chain amino acid biosynthesis|unclassified	88.1862402533
PWY-6121: 5-aminoimidazole ribonucleotide biosynthesis I	109.7877454487
PWY-6121: 5-aminoimidazole ribonucleotide biosynthesis I|g__Candidatus_Cloacimonas.s__Candidatus_Cloacimonas_acidaminovorans	49.2235451477
PWY-6122: 5-aminoimidazole ribonucleotide biosynthesis II	106.9781306432
PWY-6122: 5-aminoimidazole ribonucleotide biosynthesis II|g__Candidatus_Cloacimonas.s__Candidatus_Cloacimonas_acidaminovorans	61.7558958007
PWY-6277: superpathway of 5-aminoimidazole ribonucleotide biosynthesis	106.9781306432
PWY-6277: superpathway of 5-aminoimidazole ribonucleotide biosynthesis|g__Candidatus_Cloacimonas.s__Candidatus_Cloacimonas_acidaminovorans	61.7558958007
THRESYN-PWY: superpathway of L-threonine biosynthesis	105.1578453067
P163-PWY: L-lysine fermentation to acetate and butanoate	99.7617282056
ILEUSYN-PWY: L-isoleucine biosynthesis I (from threonine)	95.6907784924
ILEUSYN-PWY: L-isoleucine biosynthesis I (from threonine)|unclassified	83.3216119817
PWY-5497: purine nucleobases degradation II (anaerobic)	93.8242876322
PWY-6545: pyrimidine deoxyribonucleotides de novo biosynthesis III	80.1486405983
PWY-5103: L-isoleucine biosynthesis III	79.0582305265
PWY-5103: L-isoleucine biosynthesis III|unclassified	71.9942784402
PWY-1269: CMP-3-deoxy-D-manno-octulosonate biosynthesis	76.3400781910
PWY-1269: CMP-3-deoxy-D-manno-octulosonate biosynthesis|g__Candidatus_Cloacimonas.s__Candidatus_Cloacimonas_acidaminovorans	53.2078210461
COA-PWY-1: superpathway of coenzyme A biosynthesis III (mammals)	72.5472155513
PWY-6309: L-tryptophan degradation XI (mammalian, via kynurenine)	70.9673493600
PWY-6309: L-tryptophan degradation XI (mammalian, via kynurenine)|g__Candidatus_Cloacimonas.s__Candidatus_Cloacimonas_acidaminovorans	70.9673493600
PWY-5030: L-histidine degradation III	62.6091958155
PWY-5030: L-histidine degradation III|g__Candidatus_Cloacimonas.s__Candidatus_Cloacimonas_acidaminovorans	44.7430142402
PWY-7323: superpathway of GDP-mannose-derived O-antigen building blocks biosynthesis	57.6189120452
PWY-7323: superpathway of GDP-mannose-derived O-antigen building blocks biosynthesis|unclassified	52.3743771805
PWY-5667: CDP-diacylglycerol biosynthesis I	55.1707536418
PWY-5667: CDP-diacylglycerol biosynthesis I|g__Oenococcus.s__Oenococcus_oeni	55.1114540301
PWY0-1319: CDP-diacylglycerol biosynthesis II	55.1707536418
PWY0-1319: CDP-diacylglycerol biosynthesis II|g__Oenococcus.s__Oenococcus_oeni	55.1114540301
PWY-5981: CDP-diacylglycerol biosynthesis III	55.0497802350
PWY-5981: CDP-diacylglycerol biosynthesis III|g__Oenococcus.s__Oenococcus_oeni	55.0202444055
PWY-6823: molybdopterin biosynthesis	53.6344745379
PWY-6823: molybdopterin biosynthesis|unclassified	53.6344745379
PWY-5686: UMP biosynthesis I	53.3563084105
PWY-7790: UMP biosynthesis II	53.3563084105
PWY-7791: UMP biosynthesis III	53.3563084105
PWY-7111: pyruvate fermentation to isobutanol (engineered)	47.3694176306