# Pathway	P21158_94_S13_Abundance
UNMAPPED	0.543211
UNINTEGRATED	0.451315
UNINTEGRATED|unclassified	0.876628
UNINTEGRATED|g__Oenococcus.s__Oenococcus_oeni	0.0792339
UNINTEGRATED|g__Dysgonamonadaceae_unclassified.s__Dysgonamonadaceae_bacterium	0.0168049
UNINTEGRATED|g__Candidatus_Cloacimonas.s__Candidatus_Cloacimonas_acidaminovorans	0.0103641
UNINTEGRATED|g__Methanospirillum.s__Methanospirillum_hungatei	0.00140721
DTDPRHAMSYN-PWY: dTDP-&beta;-L-rhamnose biosynthesis	0.00122848
DTDPRHAMSYN-PWY: dTDP-&beta;-L-rhamnose biosynthesis|g__Oenococcus.s__Oenococcus_oeni	0.00119225
PWY66-429: fatty acid biosynthesis initiation (mitochondria)	0.000364348
PWY66-429: fatty acid biosynthesis initiation (mitochondria)|g__Oenococcus.s__Oenococcus_oeni	0.000349612
SER-GLYSYN-PWY: superpathway of L-serine and glycine biosynthesis I	0.000186351
SER-GLYSYN-PWY: superpathway of L-serine and glycine biosynthesis I|unclassified	2.50816e-05
SER-GLYSYN-PWY: superpathway of L-serine and glycine biosynthesis I|g__Candidatus_Cloacimonas.s__Candidatus_Cloacimonas_acidaminovorans	2.26728e-05
SER-GLYSYN-PWY: superpathway of L-serine and glycine biosynthesis I|g__Methanospirillum.s__Methanospirillum_hungatei	5.73566e-06
PWY-7229: superpathway of adenosine nucleotides de novo biosynthesis I	0.000145439
PWY-6126: superpathway of adenosine nucleotides de novo biosynthesis II	0.000119731
PWY-3841: folate transformations II (plants)	0.000112228
PEPTIDOGLYCANSYN-PWY: peptidoglycan biosynthesis I (meso-diaminopimelate containing)	9.40104e-05
PEPTIDOGLYCANSYN-PWY: peptidoglycan biosynthesis I (meso-diaminopimelate containing)|g__Oenococcus.s__Oenococcus_oeni	7.92566e-05
TRNA-CHARGING-PWY: tRNA charging	8.68157e-05
METH-ACETATE-PWY: methanogenesis from acetate	8.47544e-05
METH-ACETATE-PWY: methanogenesis from acetate|unclassified	4.41952e-05
PWY-6387: UDP-N-acetylmuramoyl-pentapeptide biosynthesis I (meso-diaminopimelate containing)	8.41744e-05
PWY-6387: UDP-N-acetylmuramoyl-pentapeptide biosynthesis I (meso-diaminopimelate containing)|g__Oenococcus.s__Oenococcus_oeni	7.05288e-05
PWY-6386: UDP-N-acetylmuramoyl-pentapeptide biosynthesis II (lysine-containing)	8.30635e-05
PWY-6386: UDP-N-acetylmuramoyl-pentapeptide biosynthesis II (lysine-containing)|g__Oenococcus.s__Oenococcus_oeni	7.10279e-05
PWY-7220: adenosine deoxyribonucleotides de novo biosynthesis II	8.19685e-05
PWY-7220: adenosine deoxyribonucleotides de novo biosynthesis II|g__Candidatus_Cloacimonas.s__Candidatus_Cloacimonas_acidaminovorans	4.76916e-06
PWY-7222: guanosine deoxyribonucleotides de novo biosynthesis II	8.19685e-05
PWY-7222: guanosine deoxyribonucleotides de novo biosynthesis II|g__Candidatus_Cloacimonas.s__Candidatus_Cloacimonas_acidaminovorans	4.76916e-06
PWY-8187: L-arginine degradation XIII (reductive Stickland reaction)	8.14098e-05
PWY-8187: L-arginine degradation XIII (reductive Stickland reaction)|unclassified	3.22856e-05
PWY-7208: superpathway of pyrimidine nucleobases salvage	8.11857e-05
PWY-7208: superpathway of pyrimidine nucleobases salvage|unclassified	7.52847e-06
PWY-7208: superpathway of pyrimidine nucleobases salvage|g__Candidatus_Cloacimonas.s__Candidatus_Cloacimonas_acidaminovorans	6.99946e-06
PWY-7199: pyrimidine deoxyribonucleosides salvage	7.89347e-05
PWY-7199: pyrimidine deoxyribonucleosides salvage|g__Oenococcus.s__Oenococcus_oeni	7.26345e-05
PWY-7228: superpathway of guanosine nucleotides de novo biosynthesis I	7.51886e-05
PWY-7228: superpathway of guanosine nucleotides de novo biosynthesis I|g__Candidatus_Cloacimonas.s__Candidatus_Cloacimonas_acidaminovorans	6.84091e-06
PWY-6609: adenine and adenosine salvage III	7.19964e-05
PWY-6609: adenine and adenosine salvage III|unclassified	2.84158e-05
PWY-6609: adenine and adenosine salvage III|g__Candidatus_Cloacimonas.s__Candidatus_Cloacimonas_acidaminovorans	2.26668e-05
CITRULBIO-PWY: L-citrulline biosynthesis	7.14606e-05
PWY-5384: sucrose degradation IV (sucrose phosphorylase)	7.12318e-05
PWY-5695: inosine 5'-phosphate degradation	6.88505e-05
PWY-5695: inosine 5'-phosphate degradation|unclassified	3.65946e-05
PWY-5695: inosine 5'-phosphate degradation|g__Candidatus_Cloacimonas.s__Candidatus_Cloacimonas_acidaminovorans	2.08407e-05
PWY-6151: S-adenosyl-L-methionine salvage I	6.73156e-05
PWY-6151: S-adenosyl-L-methionine salvage I|g__Oenococcus.s__Oenococcus_oeni	6.58236e-05
PWY-7197: pyrimidine deoxyribonucleotide phosphorylation	6.65047e-05
PWY-7197: pyrimidine deoxyribonucleotide phosphorylation|unclassified	1.7423e-05
PWY-7221: guanosine ribonucleotides de novo biosynthesis	6.62141e-05
PWY-7221: guanosine ribonucleotides de novo biosynthesis|g__Oenococcus.s__Oenococcus_oeni	2.02829e-05
PWY-7221: guanosine ribonucleotides de novo biosynthesis|g__Candidatus_Cloacimonas.s__Candidatus_Cloacimonas_acidaminovorans	7.72314e-06
PWY-7221: guanosine ribonucleotides de novo biosynthesis|g__Methanospirillum.s__Methanospirillum_hungatei	4.3098e-06
SALVADEHYPOX-PWY: adenosine nucleotides degradation II	6.62027e-05
SALVADEHYPOX-PWY: adenosine nucleotides degradation II|unclassified	3.15654e-05
SALVADEHYPOX-PWY: adenosine nucleotides degradation II|g__Candidatus_Cloacimonas.s__Candidatus_Cloacimonas_acidaminovorans	1.95374e-05
PWY-6125: superpathway of guanosine nucleotides de novo biosynthesis II	6.57561e-05
PWY-6125: superpathway of guanosine nucleotides de novo biosynthesis II|g__Candidatus_Cloacimonas.s__Candidatus_Cloacimonas_acidaminovorans	6.00837e-06
PWY-6608: guanosine nucleotides degradation III	6.09692e-05
PWY-6608: guanosine nucleotides degradation III|unclassified	3.11619e-05
PWY-6608: guanosine nucleotides degradation III|g__Candidatus_Cloacimonas.s__Candidatus_Cloacimonas_acidaminovorans	2.08407e-05
ARGININE-SYN4-PWY: L-ornithine biosynthesis II	5.99981e-05
PWY-7200: superpathway of pyrimidine deoxyribonucleoside salvage	5.37759e-05
PWY-6527: stachyose degradation	5.25492e-05
PWY-6527: stachyose degradation|g__Oenococcus.s__Oenococcus_oeni	1.94571e-05
PWY-5130: 2-oxobutanoate degradation I	5.04073e-05
PWY-6317: D-galactose degradation I (Leloir pathway)	5.00536e-05
PWY-6353: purine nucleotides degradation II (aerobic)	5.0025e-05
PWY-6353: purine nucleotides degradation II (aerobic)|unclassified	2.81693e-05
COA-PWY: coenzyme A biosynthesis I (prokaryotic)	4.73226e-05
COA-PWY: coenzyme A biosynthesis I (prokaryotic)|g__Oenococcus.s__Oenococcus_oeni	2.54875e-05
COA-PWY: coenzyme A biosynthesis I (prokaryotic)|unclassified	9.6225e-06
COA-PWY: coenzyme A biosynthesis I (prokaryotic)|g__Candidatus_Cloacimonas.s__Candidatus_Cloacimonas_acidaminovorans	7.58452e-06
PWY-7851: coenzyme A biosynthesis II (eukaryotic)	4.73226e-05
PWY-7851: coenzyme A biosynthesis II (eukaryotic)|g__Oenococcus.s__Oenococcus_oeni	2.54875e-05
PWY-5659: GDP-mannose biosynthesis	4.28035e-05
PWY-5659: GDP-mannose biosynthesis|unclassified	1.93535e-05
PWY-1042: glycolysis IV	4.26594e-05
PWY-1042: glycolysis IV|g__Candidatus_Cloacimonas.s__Candidatus_Cloacimonas_acidaminovorans	1.94229e-05
PWY-5100: pyruvate fermentation to acetate and lactate II	4.07519e-05
PWY-5100: pyruvate fermentation to acetate and lactate II|unclassified	1.66749e-05
GLYCOLYSIS: glycolysis I (from glucose 6-phosphate)	4.0377e-05
PWY-2941: L-lysine biosynthesis II	3.97412e-05
PWY-6606: guanosine nucleotides degradation II	3.76984e-05
PWY-6606: guanosine nucleotides degradation II|unclassified	2.73475e-05
PWY-6588: pyruvate fermentation to acetone	3.37696e-05
PWY-7238: sucrose biosynthesis II	3.32637e-05
PWY-7238: sucrose biosynthesis II|unclassified	2.78041e-05
PWY-6385: peptidoglycan biosynthesis III (mycobacteria)	3.2577e-05
PWY-7328: superpathway of UDP-glucose-derived O-antigen building blocks biosynthesis	3.17626e-05
P164-PWY: purine nucleobases degradation I (anaerobic)	3.02945e-05
P164-PWY: purine nucleobases degradation I (anaerobic)|unclassified	1.92032e-05
PWY-5941: glycogen degradation II	2.9105e-05
PWY-5941: glycogen degradation II|unclassified	2.48376e-05
PWY-5209: methyl-coenzyme M oxidation to CO2	2.88614e-05
PWY-5209: methyl-coenzyme M oxidation to CO2|g__Methanospirillum.s__Methanospirillum_hungatei	1.42892e-05
OANTIGEN-PWY: O-antigen building blocks biosynthesis (E. coli)	2.81657e-05
PWY-6123: inosine-5'-phosphate biosynthesis I	2.79742e-05
PWY-5484: glycolysis II (from fructose 6-phosphate)	2.65481e-05
GLYCOGENSYNTH-PWY: glycogen biosynthesis I (from ADP-D-Glucose)	2.5801e-05
GLYCOGENSYNTH-PWY: glycogen biosynthesis I (from ADP-D-Glucose)|unclassified	2.5801e-05
PWY-6124: inosine-5'-phosphate biosynthesis II	2.57234e-05
PWY-6124: inosine-5'-phosphate biosynthesis II|g__Oenococcus.s__Oenococcus_oeni	2.57234e-05
CALVIN-PWY: Calvin-Benson-Bassham cycle	2.5634e-05
CALVIN-PWY: Calvin-Benson-Bassham cycle|unclassified	1.55453e-05
PWY-841: superpathway of purine nucleotides de novo biosynthesis I	2.51357e-05
PWY-6590: superpathway of Clostridium acetobutylicum acidogenic fermentation	2.50626e-05
PWY0-1296: purine ribonucleosides degradation	2.47997e-05
PWY0-1296: purine ribonucleosides degradation|unclassified	1.83513e-05
PWY-8178: pentose phosphate pathway (non-oxidative branch) II	2.44336e-05
PWY-8178: pentose phosphate pathway (non-oxidative branch) II|g__Candidatus_Cloacimonas.s__Candidatus_Cloacimonas_acidaminovorans	7.46408e-06
PWY-8178: pentose phosphate pathway (non-oxidative branch) II|unclassified	6.46997e-06
PWY-7210: pyrimidine deoxyribonucleotides biosynthesis from CTP	2.43337e-05
PENTOSE-P-PWY: pentose phosphate pathway	2.29587e-05
PWY-7184: pyrimidine deoxyribonucleotides de novo biosynthesis I	2.26085e-05
CENTFERM-PWY: pyruvate fermentation to butanoate	2.14463e-05
PWY0-1477: ethanolamine utilization	2.03914e-05
PWY-1861: formaldehyde assimilation II (assimilatory RuMP Cycle)	2.02836e-05
PWY0-1298: superpathway of pyrimidine deoxyribonucleosides degradation	2.02479e-05
PWY-7237: myo-, chiro- and scyllo-inositol degradation	1.91284e-05
PWY-7237: myo-, chiro- and scyllo-inositol degradation|unclassified	1.84283e-05
PWY-7237: myo-, chiro- and scyllo-inositol degradation|g__Dysgonamonadaceae_unclassified.s__Dysgonamonadaceae_bacterium	8.10619e-06
PWY-5097: L-lysine biosynthesis VI	1.90066e-05
PWY-5136: fatty acid &beta;-oxidation II (plant peroxisome)	1.85978e-05
PWY-5136: fatty acid &beta;-oxidation II (plant peroxisome)|unclassified	1.85978e-05
PWY-7198: pyrimidine deoxyribonucleotides de novo biosynthesis IV	1.84848e-05
PWY-6160: 3-dehydroquinate biosynthesis II (archaea)	1.83781e-05
NONOXIPENT-PWY: pentose phosphate pathway (non-oxidative branch) I	1.82103e-05
NONOXIPENT-PWY: pentose phosphate pathway (non-oxidative branch) I|unclassified	5.25269e-06
PWY-7383: anaerobic energy metabolism (invertebrates, cytosol)	1.80288e-05
PWY66-409: superpathway of purine nucleotide salvage	1.75687e-05
VALSYN-PWY: L-valine biosynthesis	1.75272e-05
VALSYN-PWY: L-valine biosynthesis|unclassified	1.46364e-05
UDPNAGSYN-PWY: UDP-N-acetyl-D-glucosamine biosynthesis I	1.64663e-05
UDPNAGSYN-PWY: UDP-N-acetyl-D-glucosamine biosynthesis I|g__Candidatus_Cloacimonas.s__Candidatus_Cloacimonas_acidaminovorans	3.79646e-06
PWY-7185: UTP and CTP dephosphorylation I	1.62598e-05
PWY-7185: UTP and CTP dephosphorylation I|unclassified	9.60061e-06
BRANCHED-CHAIN-AA-SYN-PWY: superpathway of branched chain amino acid biosynthesis	1.60756e-05
BRANCHED-CHAIN-AA-SYN-PWY: superpathway of branched chain amino acid biosynthesis|unclassified	1.21409e-05
PWY-6121: 5-aminoimidazole ribonucleotide biosynthesis I	1.51149e-05
PWY-6121: 5-aminoimidazole ribonucleotide biosynthesis I|g__Candidatus_Cloacimonas.s__Candidatus_Cloacimonas_acidaminovorans	6.77678e-06
PWY-6122: 5-aminoimidazole ribonucleotide biosynthesis II	1.47281e-05
PWY-6122: 5-aminoimidazole ribonucleotide biosynthesis II|g__Candidatus_Cloacimonas.s__Candidatus_Cloacimonas_acidaminovorans	8.50215e-06
PWY-6277: superpathway of 5-aminoimidazole ribonucleotide biosynthesis	1.47281e-05
PWY-6277: superpathway of 5-aminoimidazole ribonucleotide biosynthesis|g__Candidatus_Cloacimonas.s__Candidatus_Cloacimonas_acidaminovorans	8.50215e-06
THRESYN-PWY: superpathway of L-threonine biosynthesis	1.44775e-05
P163-PWY: L-lysine fermentation to acetate and butanoate	1.37345e-05
ILEUSYN-PWY: L-isoleucine biosynthesis I (from threonine)	1.31741e-05
ILEUSYN-PWY: L-isoleucine biosynthesis I (from threonine)|unclassified	1.14712e-05
PWY-5497: purine nucleobases degradation II (anaerobic)	1.29171e-05
PWY-6545: pyrimidine deoxyribonucleotides de novo biosynthesis III	1.10343e-05
PWY-5103: L-isoleucine biosynthesis III	1.08842e-05
PWY-5103: L-isoleucine biosynthesis III|unclassified	9.91171e-06
PWY-1269: CMP-3-deoxy-D-manno-octulosonate biosynthesis	1.051e-05
PWY-1269: CMP-3-deoxy-D-manno-octulosonate biosynthesis|g__Candidatus_Cloacimonas.s__Candidatus_Cloacimonas_acidaminovorans	7.32531e-06
COA-PWY-1: superpathway of coenzyme A biosynthesis III (mammals)	9.98783e-06
PWY-6309: L-tryptophan degradation XI (mammalian, via kynurenine)	9.77032e-06
PWY-6309: L-tryptophan degradation XI (mammalian, via kynurenine)|g__Candidatus_Cloacimonas.s__Candidatus_Cloacimonas_acidaminovorans	9.77032e-06
PWY-5030: L-histidine degradation III	8.61963e-06
PWY-5030: L-histidine degradation III|g__Candidatus_Cloacimonas.s__Candidatus_Cloacimonas_acidaminovorans	6.15993e-06
PWY-7323: superpathway of GDP-mannose-derived O-antigen building blocks biosynthesis	7.9326e-06
PWY-7323: superpathway of GDP-mannose-derived O-antigen building blocks biosynthesis|unclassified	7.21056e-06
PWY-5667: CDP-diacylglycerol biosynthesis I	7.59555e-06
PWY-5667: CDP-diacylglycerol biosynthesis I|g__Oenococcus.s__Oenococcus_oeni	7.58739e-06
PWY0-1319: CDP-diacylglycerol biosynthesis II	7.59555e-06
PWY0-1319: CDP-diacylglycerol biosynthesis II|g__Oenococcus.s__Oenococcus_oeni	7.58739e-06
PWY-5981: CDP-diacylglycerol biosynthesis III	7.5789e-06
PWY-5981: CDP-diacylglycerol biosynthesis III|g__Oenococcus.s__Oenococcus_oeni	7.57483e-06
PWY-6823: molybdopterin biosynthesis	7.38405e-06
PWY-6823: molybdopterin biosynthesis|unclassified	7.38405e-06
PWY-5686: UMP biosynthesis I	7.34575e-06
PWY-7790: UMP biosynthesis II	7.34575e-06
PWY-7791: UMP biosynthesis III	7.34575e-06
PWY-7111: pyruvate fermentation to isobutanol (engineered)	6.52151e-06
