# Pathway	P21158_81_S12_001_Abundance
UNMAPPED	0.577242
UNINTEGRATED	0.417511
UNINTEGRATED|unclassified	0.349056
UNINTEGRATED|g__Candidatus_Cloacimonas.s__Candidatus_Cloacimonas_acidaminovorans	0.0175274
UNINTEGRATED|g__Oenococcus.s__Oenococcus_oeni	0.0153698
UNINTEGRATED|g__Methanothrix.s__Methanothrix_soehngenii	0.00580182
SER-GLYSYN-PWY: superpathway of L-serine and glycine biosynthesis I	0.000260091
SER-GLYSYN-PWY: superpathway of L-serine and glycine biosynthesis I|g__Candidatus_Cloacimonas.s__Candidatus_Cloacimonas_acidaminovorans	0.000112325
SER-GLYSYN-PWY: superpathway of L-serine and glycine biosynthesis I|unclassified	8.81756e-05
DTDPRHAMSYN-PWY: dTDP-&beta;-L-rhamnose biosynthesis	0.000238788
DTDPRHAMSYN-PWY: dTDP-&beta;-L-rhamnose biosynthesis|g__Oenococcus.s__Oenococcus_oeni	0.000218365
DTDPRHAMSYN-PWY: dTDP-&beta;-L-rhamnose biosynthesis|unclassified	1.09748e-05
DTDPRHAMSYN-PWY: dTDP-&beta;-L-rhamnose biosynthesis|g__Methanothrix.s__Methanothrix_soehngenii	1.62528e-06
METH-ACETATE-PWY: methanogenesis from acetate	0.000178702
METH-ACETATE-PWY: methanogenesis from acetate|unclassified	6.60784e-05
PWY-6588: pyruvate fermentation to acetone	0.000143397
PWY-6588: pyruvate fermentation to acetone|unclassified	2.52281e-05
PWY-6609: adenine and adenosine salvage III	0.00013437
PWY-6609: adenine and adenosine salvage III|g__Candidatus_Cloacimonas.s__Candidatus_Cloacimonas_acidaminovorans	4.42696e-05
PWY-1042: glycolysis IV	0.000113809
PWY-1042: glycolysis IV|g__Candidatus_Cloacimonas.s__Candidatus_Cloacimonas_acidaminovorans	5.84694e-05
PWY-1042: glycolysis IV|unclassified	3.74531e-05
PWY-5100: pyruvate fermentation to acetate and lactate II	0.000106391
PWY-5100: pyruvate fermentation to acetate and lactate II|unclassified	5.05446e-05
PWY66-429: fatty acid biosynthesis initiation (mitochondria)	0.000106057
PWY66-429: fatty acid biosynthesis initiation (mitochondria)|g__Oenococcus.s__Oenococcus_oeni	6.13908e-05
PWY66-429: fatty acid biosynthesis initiation (mitochondria)|unclassified	7.68119e-06
PWY-7237: myo-, chiro- and scyllo-inositol degradation	9.32256e-05
PWY-5695: inosine 5'-phosphate degradation	9.00111e-05
PWY-5695: inosine 5'-phosphate degradation|g__Candidatus_Cloacimonas.s__Candidatus_Cloacimonas_acidaminovorans	5.81196e-05
PWY-5695: inosine 5'-phosphate degradation|unclassified	3.43476e-05
PWY-6608: guanosine nucleotides degradation III	9.00111e-05
PWY-6608: guanosine nucleotides degradation III|g__Candidatus_Cloacimonas.s__Candidatus_Cloacimonas_acidaminovorans	5.81196e-05
PWY-6608: guanosine nucleotides degradation III|unclassified	2.38824e-05
SALVADEHYPOX-PWY: adenosine nucleotides degradation II	8.279e-05
SALVADEHYPOX-PWY: adenosine nucleotides degradation II|g__Candidatus_Cloacimonas.s__Candidatus_Cloacimonas_acidaminovorans	5.25731e-05
SALVADEHYPOX-PWY: adenosine nucleotides degradation II|unclassified	2.40279e-05
PWY-7220: adenosine deoxyribonucleotides de novo biosynthesis II	7.93759e-05
PWY-7220: adenosine deoxyribonucleotides de novo biosynthesis II|unclassified	1.75723e-05
PWY-7220: adenosine deoxyribonucleotides de novo biosynthesis II|g__Candidatus_Cloacimonas.s__Candidatus_Cloacimonas_acidaminovorans	9.32502e-06
PWY-7222: guanosine deoxyribonucleotides de novo biosynthesis II	7.93759e-05
PWY-7222: guanosine deoxyribonucleotides de novo biosynthesis II|unclassified	1.75723e-05
PWY-7222: guanosine deoxyribonucleotides de novo biosynthesis II|g__Candidatus_Cloacimonas.s__Candidatus_Cloacimonas_acidaminovorans	9.32502e-06
PWY-5384: sucrose degradation IV (sucrose phosphorylase)	7.88207e-05
PWY-7229: superpathway of adenosine nucleotides de novo biosynthesis I	7.52497e-05
PWY-7229: superpathway of adenosine nucleotides de novo biosynthesis I|unclassified	2.21924e-05
PWY-6126: superpathway of adenosine nucleotides de novo biosynthesis II	7.51376e-05
PWY-6126: superpathway of adenosine nucleotides de novo biosynthesis II|unclassified	2.03107e-05
PWY-6590: superpathway of Clostridium acetobutylicum acidogenic fermentation	7.47308e-05
PWY-6590: superpathway of Clostridium acetobutylicum acidogenic fermentation|unclassified	2.75988e-05
PWY-7228: superpathway of guanosine nucleotides de novo biosynthesis I	7.28707e-05
PWY-7228: superpathway of guanosine nucleotides de novo biosynthesis I|unclassified	2.4187e-05
PWY-7228: superpathway of guanosine nucleotides de novo biosynthesis I|g__Candidatus_Cloacimonas.s__Candidatus_Cloacimonas_acidaminovorans	1.26184e-05
PWY-7221: guanosine ribonucleotides de novo biosynthesis	6.90005e-05
PWY-7221: guanosine ribonucleotides de novo biosynthesis|unclassified	3.70462e-05
PWY-7221: guanosine ribonucleotides de novo biosynthesis|g__Candidatus_Cloacimonas.s__Candidatus_Cloacimonas_acidaminovorans	1.76324e-05
PWY-7221: guanosine ribonucleotides de novo biosynthesis|g__Oenococcus.s__Oenococcus_oeni	3.31774e-06
ANAGLYCOLYSIS-PWY: glycolysis III (from glucose)	6.88443e-05
ANAGLYCOLYSIS-PWY: glycolysis III (from glucose)|unclassified	2.76548e-05
CENTFERM-PWY: pyruvate fermentation to butanoate	6.84494e-05
CENTFERM-PWY: pyruvate fermentation to butanoate|unclassified	2.42948e-05
PWY-7208: superpathway of pyrimidine nucleobases salvage	6.62142e-05
PWY-7208: superpathway of pyrimidine nucleobases salvage|g__Candidatus_Cloacimonas.s__Candidatus_Cloacimonas_acidaminovorans	1.83603e-05
PWY-7208: superpathway of pyrimidine nucleobases salvage|unclassified	7.42517e-06
PWY-7197: pyrimidine deoxyribonucleotide phosphorylation	6.61653e-05
PWY-7197: pyrimidine deoxyribonucleotide phosphorylation|unclassified	1.98405e-05
PWY-7197: pyrimidine deoxyribonucleotide phosphorylation|g__Candidatus_Cloacimonas.s__Candidatus_Cloacimonas_acidaminovorans	1.01685e-05
PWY-7197: pyrimidine deoxyribonucleotide phosphorylation|g__Methanothrix.s__Methanothrix_soehngenii	8.39244e-06
PWY-8178: pentose phosphate pathway (non-oxidative branch) II	6.25637e-05
PWY-8178: pentose phosphate pathway (non-oxidative branch) II|g__Candidatus_Cloacimonas.s__Candidatus_Cloacimonas_acidaminovorans	2.96588e-05
PWY-8178: pentose phosphate pathway (non-oxidative branch) II|unclassified	2.273e-05
P108-PWY: pyruvate fermentation to propanoate I	6.19298e-05
P108-PWY: pyruvate fermentation to propanoate I|unclassified	2.92036e-05
GLUCONEO-PWY: gluconeogenesis I	5.75962e-05
GLUCONEO-PWY: gluconeogenesis I|unclassified	3.33498e-05
GLYCOLYSIS: glycolysis I (from glucose 6-phosphate)	5.6483e-05
GLYCOLYSIS: glycolysis I (from glucose 6-phosphate)|unclassified	2.20056e-05
PWY-6125: superpathway of guanosine nucleotides de novo biosynthesis II	5.63746e-05
PWY-6125: superpathway of guanosine nucleotides de novo biosynthesis II|unclassified	1.47376e-05
PWY-6125: superpathway of guanosine nucleotides de novo biosynthesis II|g__Candidatus_Cloacimonas.s__Candidatus_Cloacimonas_acidaminovorans	1.09793e-05
PWY-6353: purine nucleotides degradation II (aerobic)	5.5218e-05
PWY-6353: purine nucleotides degradation II (aerobic)|g__Candidatus_Cloacimonas.s__Candidatus_Cloacimonas_acidaminovorans	2.57045e-05
PWY-6353: purine nucleotides degradation II (aerobic)|unclassified	2.42167e-05
COA-PWY: coenzyme A biosynthesis I (prokaryotic)	5.3355e-05
COA-PWY: coenzyme A biosynthesis I (prokaryotic)|g__Candidatus_Cloacimonas.s__Candidatus_Cloacimonas_acidaminovorans	3.60912e-05
COA-PWY: coenzyme A biosynthesis I (prokaryotic)|unclassified	8.52888e-06
COA-PWY: coenzyme A biosynthesis I (prokaryotic)|g__Oenococcus.s__Oenococcus_oeni	7.36533e-06
UDPNAGSYN-PWY: UDP-N-acetyl-D-glucosamine biosynthesis I	4.71967e-05
UDPNAGSYN-PWY: UDP-N-acetyl-D-glucosamine biosynthesis I|g__Candidatus_Cloacimonas.s__Candidatus_Cloacimonas_acidaminovorans	1.73449e-05
UDPNAGSYN-PWY: UDP-N-acetyl-D-glucosamine biosynthesis I|unclassified	6.30824e-06
TRNA-CHARGING-PWY: tRNA charging	4.69853e-05
TRNA-CHARGING-PWY: tRNA charging|g__Candidatus_Cloacimonas.s__Candidatus_Cloacimonas_acidaminovorans	1.96911e-05
NONOXIPENT-PWY: pentose phosphate pathway (non-oxidative branch) I	4.53814e-05
NONOXIPENT-PWY: pentose phosphate pathway (non-oxidative branch) I|g__Candidatus_Cloacimonas.s__Candidatus_Cloacimonas_acidaminovorans	2.22531e-05
NONOXIPENT-PWY: pentose phosphate pathway (non-oxidative branch) I|unclassified	1.92046e-05
PWY-5136: fatty acid &beta;-oxidation II (plant peroxisome)	4.52581e-05
PWY-5136: fatty acid &beta;-oxidation II (plant peroxisome)|unclassified	4.52581e-05
PENTOSE-P-PWY: pentose phosphate pathway	4.49564e-05
PWY-5484: glycolysis II (from fructose 6-phosphate)	4.23655e-05
PWY-5484: glycolysis II (from fructose 6-phosphate)|unclassified	2.14287e-05
P42-PWY: incomplete reductive TCA cycle	4.18967e-05
P42-PWY: incomplete reductive TCA cycle|unclassified	2.55225e-05
PWY-3841: folate transformations II (plants)	3.9218e-05
PWY-3841: folate transformations II (plants)|unclassified	7.07045e-06
CALVIN-PWY: Calvin-Benson-Bassham cycle	3.90286e-05
CALVIN-PWY: Calvin-Benson-Bassham cycle|unclassified	1.92649e-05
PWY-841: superpathway of purine nucleotides de novo biosynthesis I	3.87525e-05
PWY-841: superpathway of purine nucleotides de novo biosynthesis I|g__Candidatus_Cloacimonas.s__Candidatus_Cloacimonas_acidaminovorans	9.14623e-06
PWY-6123: inosine-5'-phosphate biosynthesis I	3.75538e-05
PWY-6123: inosine-5'-phosphate biosynthesis I|g__Candidatus_Cloacimonas.s__Candidatus_Cloacimonas_acidaminovorans	1.60092e-05
PWY-6309: L-tryptophan degradation XI (mammalian, via kynurenine)	3.6254e-05
PWY-6309: L-tryptophan degradation XI (mammalian, via kynurenine)|g__Candidatus_Cloacimonas.s__Candidatus_Cloacimonas_acidaminovorans	3.6254e-05
OANTIGEN-PWY: O-antigen building blocks biosynthesis (E. coli)	3.57591e-05
PWY66-409: superpathway of purine nucleotide salvage	3.53808e-05
PWY-6122: 5-aminoimidazole ribonucleotide biosynthesis II	3.5152e-05
PWY-6122: 5-aminoimidazole ribonucleotide biosynthesis II|g__Candidatus_Cloacimonas.s__Candidatus_Cloacimonas_acidaminovorans	1.81844e-05
PWY-6122: 5-aminoimidazole ribonucleotide biosynthesis II|unclassified	1.23902e-05
PWY-6122: 5-aminoimidazole ribonucleotide biosynthesis II|g__Methanothrix.s__Methanothrix_soehngenii	5.16193e-06
PWY-6277: superpathway of 5-aminoimidazole ribonucleotide biosynthesis	3.5152e-05
PWY-6277: superpathway of 5-aminoimidazole ribonucleotide biosynthesis|g__Candidatus_Cloacimonas.s__Candidatus_Cloacimonas_acidaminovorans	1.81844e-05
PWY-6277: superpathway of 5-aminoimidazole ribonucleotide biosynthesis|unclassified	1.23902e-05
PWY-6277: superpathway of 5-aminoimidazole ribonucleotide biosynthesis|g__Methanothrix.s__Methanothrix_soehngenii	5.16193e-06
PWY-7851: coenzyme A biosynthesis II (eukaryotic)	3.3962e-05
PWY-7851: coenzyme A biosynthesis II (eukaryotic)|g__Oenococcus.s__Oenococcus_oeni	7.36533e-06
PWY-6124: inosine-5'-phosphate biosynthesis II	3.39162e-05
PWY-6124: inosine-5'-phosphate biosynthesis II|g__Candidatus_Cloacimonas.s__Candidatus_Cloacimonas_acidaminovorans	1.38415e-05
PWY-6124: inosine-5'-phosphate biosynthesis II|g__Methanothrix.s__Methanothrix_soehngenii	2.62259e-06
PWY-6124: inosine-5'-phosphate biosynthesis II|g__Oenococcus.s__Oenococcus_oeni	2.32301e-06
PWY-7328: superpathway of UDP-glucose-derived O-antigen building blocks biosynthesis	3.37154e-05
PWY-6731: starch degradation III	3.32402e-05
PWY-6731: starch degradation III|unclassified	2.01624e-05
PWY-7199: pyrimidine deoxyribonucleosides salvage	3.29778e-05
PWY-7199: pyrimidine deoxyribonucleosides salvage|g__Oenococcus.s__Oenococcus_oeni	5.12734e-06
PWY-7199: pyrimidine deoxyribonucleosides salvage|unclassified	2.50927e-06
CITRULBIO-PWY: L-citrulline biosynthesis	3.16012e-05
PWY-1269: CMP-3-deoxy-D-manno-octulosonate biosynthesis	3.13817e-05
PWY-1269: CMP-3-deoxy-D-manno-octulosonate biosynthesis|g__Candidatus_Cloacimonas.s__Candidatus_Cloacimonas_acidaminovorans	2.53617e-05
PWY-1269: CMP-3-deoxy-D-manno-octulosonate biosynthesis|unclassified	4.3876e-06
PEPTIDOGLYCANSYN-PWY: peptidoglycan biosynthesis I (meso-diaminopimelate containing)	3.09496e-05
PEPTIDOGLYCANSYN-PWY: peptidoglycan biosynthesis I (meso-diaminopimelate containing)|g__Oenococcus.s__Oenococcus_oeni	1.77698e-05
PEPTIDOGLYCANSYN-PWY: peptidoglycan biosynthesis I (meso-diaminopimelate containing)|g__Candidatus_Cloacimonas.s__Candidatus_Cloacimonas_acidaminovorans	5.95873e-06
PWY-6385: peptidoglycan biosynthesis III (mycobacteria)	3.02138e-05
PWY-6385: peptidoglycan biosynthesis III (mycobacteria)|g__Candidatus_Cloacimonas.s__Candidatus_Cloacimonas_acidaminovorans	6.00791e-06
PWY-6606: guanosine nucleotides degradation II	2.92021e-05
PWY-6606: guanosine nucleotides degradation II|unclassified	1.66111e-05
PWY-6606: guanosine nucleotides degradation II|g__Candidatus_Cloacimonas.s__Candidatus_Cloacimonas_acidaminovorans	7.08014e-06
PYRIDNUCSYN-PWY: NAD de novo biosynthesis I (from aspartate)	2.86767e-05
PYRIDNUCSYN-PWY: NAD de novo biosynthesis I (from aspartate)|unclassified	4.533e-06
P163-PWY: L-lysine fermentation to acetate and butanoate	2.86547e-05
P163-PWY: L-lysine fermentation to acetate and butanoate|g__Candidatus_Cloacimonas.s__Candidatus_Cloacimonas_acidaminovorans	1.90899e-05
PWY0-1061: superpathway of L-alanine biosynthesis	2.80763e-05
PWY-6387: UDP-N-acetylmuramoyl-pentapeptide biosynthesis I (meso-diaminopimelate containing)	2.80693e-05
PWY-6387: UDP-N-acetylmuramoyl-pentapeptide biosynthesis I (meso-diaminopimelate containing)|g__Oenococcus.s__Oenococcus_oeni	1.66077e-05
PWY-6387: UDP-N-acetylmuramoyl-pentapeptide biosynthesis I (meso-diaminopimelate containing)|g__Candidatus_Cloacimonas.s__Candidatus_Cloacimonas_acidaminovorans	5.33485e-06
PWY-6387: UDP-N-acetylmuramoyl-pentapeptide biosynthesis I (meso-diaminopimelate containing)|unclassified	2.59642e-06
PWY-6121: 5-aminoimidazole ribonucleotide biosynthesis I	2.79993e-05
PWY-6121: 5-aminoimidazole ribonucleotide biosynthesis I|unclassified	8.50798e-06
PWY-6121: 5-aminoimidazole ribonucleotide biosynthesis I|g__Candidatus_Cloacimonas.s__Candidatus_Cloacimonas_acidaminovorans	7.67015e-06
PWY-6121: 5-aminoimidazole ribonucleotide biosynthesis I|g__Methanothrix.s__Methanothrix_soehngenii	3.98078e-06
PWY-5941: glycogen degradation II	2.77502e-05
PWY-5941: glycogen degradation II|unclassified	1.27179e-05
HISDEG-PWY: L-histidine degradation I	2.77234e-05
HISDEG-PWY: L-histidine degradation I|unclassified	1.38613e-05
HISDEG-PWY: L-histidine degradation I|g__Candidatus_Cloacimonas.s__Candidatus_Cloacimonas_acidaminovorans	1.38458e-05
PWY66-399: gluconeogenesis III	2.7542e-05
PWY66-399: gluconeogenesis III|unclassified	1.82622e-05
PWY-5097: L-lysine biosynthesis VI	2.74221e-05
PWY-5097: L-lysine biosynthesis VI|g__Candidatus_Cloacimonas.s__Candidatus_Cloacimonas_acidaminovorans	1.35043e-05
PWY-5659: GDP-mannose biosynthesis	2.71883e-05
PWY-5659: GDP-mannose biosynthesis|g__Candidatus_Cloacimonas.s__Candidatus_Cloacimonas_acidaminovorans	1.24725e-05
PWY-6317: D-galactose degradation I (Leloir pathway)	2.69e-05
PWY-6386: UDP-N-acetylmuramoyl-pentapeptide biosynthesis II (lysine-containing)	2.67781e-05
PWY-6386: UDP-N-acetylmuramoyl-pentapeptide biosynthesis II (lysine-containing)|g__Oenococcus.s__Oenococcus_oeni	1.59964e-05
PWY-6386: UDP-N-acetylmuramoyl-pentapeptide biosynthesis II (lysine-containing)|g__Candidatus_Cloacimonas.s__Candidatus_Cloacimonas_acidaminovorans	5.70266e-06
ANAEROFRUCAT-PWY: homolactic fermentation	2.62037e-05
PWY-5130: 2-oxobutanoate degradation I	2.56838e-05
PWY-8187: L-arginine degradation XIII (reductive Stickland reaction)	2.56443e-05
PWY-8187: L-arginine degradation XIII (reductive Stickland reaction)|unclassified	5.33718e-06
P164-PWY: purine nucleobases degradation I (anaerobic)	2.51979e-05
P164-PWY: purine nucleobases degradation I (anaerobic)|unclassified	1.90511e-05
PWY-7238: sucrose biosynthesis II	2.49195e-05
PWY-7238: sucrose biosynthesis II|g__Candidatus_Cloacimonas.s__Candidatus_Cloacimonas_acidaminovorans	1.42401e-05
PWY-7238: sucrose biosynthesis II|unclassified	1.06293e-05
COA-PWY-1: superpathway of coenzyme A biosynthesis III (mammals)	2.44554e-05
PANTOSYN-PWY: superpathway of coenzyme A biosynthesis I (bacteria)	2.39037e-05
PWY-6703: preQ0 biosynthesis	2.37932e-05
PWY-6703: preQ0 biosynthesis|g__Candidatus_Cloacimonas.s__Candidatus_Cloacimonas_acidaminovorans	1.6738e-05
PWY-6703: preQ0 biosynthesis|unclassified	3.19875e-06
PWY-1861: formaldehyde assimilation II (assimilatory RuMP Cycle)	2.27656e-05
PWY-1861: formaldehyde assimilation II (assimilatory RuMP Cycle)|unclassified	7.02137e-06
PWY-6147: 6-hydroxymethyl-dihydropterin diphosphate biosynthesis I	2.26955e-05
PWY-6147: 6-hydroxymethyl-dihydropterin diphosphate biosynthesis I|g__Candidatus_Cloacimonas.s__Candidatus_Cloacimonas_acidaminovorans	1.58301e-05
PWY-6147: 6-hydroxymethyl-dihydropterin diphosphate biosynthesis I|unclassified	3.45653e-06
DAPLYSINESYN-PWY: L-lysine biosynthesis I	2.26684e-05
DAPLYSINESYN-PWY: L-lysine biosynthesis I|g__Candidatus_Cloacimonas.s__Candidatus_Cloacimonas_acidaminovorans	1.34278e-05
PWY-8182: valproate &beta;-oxidation	2.26346e-05
PWY-8182: valproate &beta;-oxidation|unclassified	9.37951e-06
PWY0-1296: purine ribonucleosides degradation	2.24432e-05
PWY0-1296: purine ribonucleosides degradation|g__Candidatus_Cloacimonas.s__Candidatus_Cloacimonas_acidaminovorans	2.19027e-05
PWY-6700: queuosine biosynthesis I (de novo)	2.18688e-05
PWY-6700: queuosine biosynthesis I (de novo)|g__Candidatus_Cloacimonas.s__Candidatus_Cloacimonas_acidaminovorans	8.33224e-06
PWY-6700: queuosine biosynthesis I (de novo)|unclassified	4.94796e-06
PWY-2941: L-lysine biosynthesis II	2.18536e-05
PWY-2941: L-lysine biosynthesis II|unclassified	1.94561e-06
PWY-7977: L-methionine biosynthesis IV	2.06299e-05
PWY-7977: L-methionine biosynthesis IV|unclassified	8.44134e-06
RIBOSYN2-PWY: flavin biosynthesis I (bacteria and plants)	2.03215e-05
RIBOSYN2-PWY: flavin biosynthesis I (bacteria and plants)|unclassified	4.88708e-06
VALSYN-PWY: L-valine biosynthesis	2.0175e-05
VALSYN-PWY: L-valine biosynthesis|unclassified	1.26788e-05
VALSYN-PWY: L-valine biosynthesis|g__Methanothrix.s__Methanothrix_soehngenii	4.15978e-06
PWY-7115: C4 photosynthetic carbon assimilation cycle, NAD-ME type	2.01455e-05
GLYCOGENSYNTH-PWY: glycogen biosynthesis I (from ADP-D-Glucose)	2.01112e-05
GLYCOGENSYNTH-PWY: glycogen biosynthesis I (from ADP-D-Glucose)|unclassified	1.93952e-05
FERMENTATION-PWY: mixed acid fermentation	1.9363e-05
PANTO-PWY: phosphopantothenate biosynthesis I	1.85041e-05
PANTO-PWY: phosphopantothenate biosynthesis I|g__Candidatus_Cloacimonas.s__Candidatus_Cloacimonas_acidaminovorans	1.01601e-05
PANTO-PWY: phosphopantothenate biosynthesis I|unclassified	4.78812e-06
METHANOGENESIS-PWY: methanogenesis from H2 and CO2	1.84921e-05
METHANOGENESIS-PWY: methanogenesis from H2 and CO2|unclassified	1.44046e-05
PWY-5209: methyl-coenzyme M oxidation to CO2	1.84548e-05
PWY-5209: methyl-coenzyme M oxidation to CO2|unclassified	1.73005e-05
THRESYN-PWY: superpathway of L-threonine biosynthesis	1.80383e-05
THRESYN-PWY: superpathway of L-threonine biosynthesis|unclassified	5.34582e-06
BRANCHED-CHAIN-AA-SYN-PWY: superpathway of branched chain amino acid biosynthesis	1.77853e-05
BRANCHED-CHAIN-AA-SYN-PWY: superpathway of branched chain amino acid biosynthesis|unclassified	9.6207e-06
BRANCHED-CHAIN-AA-SYN-PWY: superpathway of branched chain amino acid biosynthesis|g__Methanothrix.s__Methanothrix_soehngenii	4.4686e-06
ILEUSYN-PWY: L-isoleucine biosynthesis I (from threonine)	1.69511e-05
ILEUSYN-PWY: L-isoleucine biosynthesis I (from threonine)|unclassified	1.0344e-05
ILEUSYN-PWY: L-isoleucine biosynthesis I (from threonine)|g__Methanothrix.s__Methanothrix_soehngenii	3.99456e-06
NAGLIPASYN-PWY: lipid IVA biosynthesis (E. coli)	1.65551e-05
NAGLIPASYN-PWY: lipid IVA biosynthesis (E. coli)|g__Candidatus_Cloacimonas.s__Candidatus_Cloacimonas_acidaminovorans	1.41072e-05
PWY-8073: lipid IVA biosynthesis (P. putida)	1.65551e-05
PWY-8073: lipid IVA biosynthesis (P. putida)|g__Candidatus_Cloacimonas.s__Candidatus_Cloacimonas_acidaminovorans	1.41072e-05
PWY-6863: pyruvate fermentation to hexanol (engineered)	1.64417e-05
PWY-6863: pyruvate fermentation to hexanol (engineered)|unclassified	1.63977e-05
NONMEVIPP-PWY: methylerythritol phosphate pathway I	1.61223e-05
PWY-5030: L-histidine degradation III	1.58936e-05
PWY-5030: L-histidine degradation III|g__Candidatus_Cloacimonas.s__Candidatus_Cloacimonas_acidaminovorans	1.07954e-05
PWY-7383: anaerobic energy metabolism (invertebrates, cytosol)	1.46778e-05
PWY-7383: anaerobic energy metabolism (invertebrates, cytosol)|unclassified	9.09194e-06
PWY-5103: L-isoleucine biosynthesis III	1.42926e-05
PWY-5103: L-isoleucine biosynthesis III|unclassified	8.4904e-06
PWY-5103: L-isoleucine biosynthesis III|g__Methanothrix.s__Methanothrix_soehngenii	3.84102e-06
PWY-7791: UMP biosynthesis III	1.42582e-05
PWY-7791: UMP biosynthesis III|unclassified	4.70331e-06
PWY-5973: cis-vaccenate biosynthesis	1.4142e-05
PWY-5973: cis-vaccenate biosynthesis|unclassified	3.441e-06
PWY-5121: superpathway of geranylgeranyl diphosphate biosynthesis II (via MEP)	1.38332e-05
PWY-7560: methylerythritol phosphate pathway II	1.36992e-05
PWY-6270: isoprene biosynthesis I	1.35407e-05
PWY-7234: inosine-5'-phosphate biosynthesis III	1.18929e-05
PWY-7663: gondoate biosynthesis (anaerobic)	1.1449e-05
PWY-7663: gondoate biosynthesis (anaerobic)|unclassified	2.7719e-06
PWY-7111: pyruvate fermentation to isobutanol (engineered)	1.11791e-05
PWY-7111: pyruvate fermentation to isobutanol (engineered)|unclassified	6.75199e-06
PWY-3001: superpathway of L-isoleucine biosynthesis I	1.09168e-05
PWY-7953: UDP-N-acetylmuramoyl-pentapeptide biosynthesis III (meso-diaminopimelate containing)	1.08068e-05
P23-PWY: reductive TCA cycle I	1.04809e-05
P23-PWY: reductive TCA cycle I|unclassified	6.71207e-06
ARGININE-SYN4-PWY: L-ornithine biosynthesis II	1.02592e-05
PWY-6151: S-adenosyl-L-methionine salvage I	9.34991e-06
PWY-6151: S-adenosyl-L-methionine salvage I|g__Oenococcus.s__Oenococcus_oeni	6.89224e-06
PWY0-1477: ethanolamine utilization	8.72334e-06
PWY0-1477: ethanolamine utilization|unclassified	8.42176e-06
PWY-724: superpathway of L-lysine, L-threonine and L-methionine biosynthesis II	8.24837e-06
PWY4FS-7: phosphatidylglycerol biosynthesis I (plastidic)	7.04628e-06
PWY4FS-8: phosphatidylglycerol biosynthesis II (non-plastidic)	7.04628e-06
PWY0-1479: tRNA processing	6.89308e-06
ARGSYN-PWY: L-arginine biosynthesis I (via L-ornithine)	6.82503e-06
ARGSYN-PWY: L-arginine biosynthesis I (via L-ornithine)|unclassified	4.41208e-06
PWY-7200: superpathway of pyrimidine deoxyribonucleoside salvage	6.6828e-06
PWY-7200: superpathway of pyrimidine deoxyribonucleoside salvage|unclassified	3.4258e-06
PWY-5686: UMP biosynthesis I	6.56321e-06
PWY-5686: UMP biosynthesis I|unclassified	3.62662e-06
PWY-7790: UMP biosynthesis II	6.56321e-06
PWY-7790: UMP biosynthesis II|unclassified	3.62662e-06
GLUTORN-PWY: L-ornithine biosynthesis I	6.53323e-06
GLUTORN-PWY: L-ornithine biosynthesis I|unclassified	6.07702e-06
PWY-5723: Rubisco shunt	6.37465e-06
PWY-7400: L-arginine biosynthesis IV (archaebacteria)	6.26836e-06
PWY-5667: CDP-diacylglycerol biosynthesis I	5.52625e-06
PWY-5667: CDP-diacylglycerol biosynthesis I|unclassified	3.09671e-06
PWY-5667: CDP-diacylglycerol biosynthesis I|g__Oenococcus.s__Oenococcus_oeni	1.90024e-06
PWY0-1319: CDP-diacylglycerol biosynthesis II	5.52625e-06
PWY0-1319: CDP-diacylglycerol biosynthesis II|unclassified	3.09671e-06
PWY0-1319: CDP-diacylglycerol biosynthesis II|g__Oenococcus.s__Oenococcus_oeni	1.90024e-06
PWY-5981: CDP-diacylglycerol biosynthesis III	5.42569e-06
PWY-5981: CDP-diacylglycerol biosynthesis III|g__Oenococcus.s__Oenococcus_oeni	1.89523e-06
ARGSYNBSUB-PWY: L-arginine biosynthesis II (acetyl cycle)	5.40571e-06
ARGSYNBSUB-PWY: L-arginine biosynthesis II (acetyl cycle)|unclassified	4.02729e-06
GLYCOCAT-PWY: glycogen degradation I	5.2305e-06
PWY-5104: L-isoleucine biosynthesis IV	5.20947e-06
PWY-5104: L-isoleucine biosynthesis IV|unclassified	4.52297e-06
RHAMCAT-PWY: L-rhamnose degradation I	5.16434e-06
RHAMCAT-PWY: L-rhamnose degradation I|unclassified	2.1833e-06
PWY-7392: taxadiene biosynthesis (engineered)	5.09313e-06
PWY-6906: chitin derivatives degradation	5.04821e-06
PWY-6906: chitin derivatives degradation|unclassified	4.58673e-06
PWY-7090: UDP-2,3-diacetamido-2,3-dideoxy-&alpha;-D-mannuronate biosynthesis	4.71987e-06
PWY-7090: UDP-2,3-diacetamido-2,3-dideoxy-&alpha;-D-mannuronate biosynthesis|unclassified	4.71987e-06
PWY-5101: L-isoleucine biosynthesis II	4.65841e-06
PWY-5101: L-isoleucine biosynthesis II|unclassified	4.11541e-06
PWY-6902: chitin degradation II (Vibrio)	4.57777e-06
PWY-6902: chitin degradation II (Vibrio)|unclassified	4.57777e-06
PWY-6478: GDP-D-glycero-&alpha;-D-manno-heptose biosynthesis	4.48123e-06
PWY-6478: GDP-D-glycero-&alpha;-D-manno-heptose biosynthesis|unclassified	3.83986e-06
PWY-7761: NAD salvage pathway II (PNC IV cycle)	4.26226e-06
PWY-6969: TCA cycle V (2-oxoglutarate synthase)	3.88093e-06
PWY-6969: TCA cycle V (2-oxoglutarate synthase)|unclassified	3.40618e-06
PWY-6160: 3-dehydroquinate biosynthesis II (archaea)	3.86206e-06
PWY-6160: 3-dehydroquinate biosynthesis II (archaea)|unclassified	2.67419e-06
POLYISOPRENSYN-PWY: polyisoprenoid biosynthesis (E. coli)	3.81582e-06
PWY-5154: L-arginine biosynthesis III (via N-acetyl-L-citrulline)	3.81018e-06
PWY-6583: pyruvate fermentation to butanol I	2.60301e-06
PWY-6583: pyruvate fermentation to butanol I|unclassified	2.60181e-06
PWY-6349: CDP-archaeol biosynthesis	2.26019e-06
PWY-6349: CDP-archaeol biosynthesis|g__Methanothrix.s__Methanothrix_soehngenii	1.80011e-06
PWY0-1586: peptidoglycan maturation (meso-diaminopimelate containing)	2.24429e-06
PWY-6859: all-trans-farnesol biosynthesis	2.1239e-06
ASPASN-PWY: superpathway of L-aspartate and L-asparagine biosynthesis	1.05252e-06
ASPASN-PWY: superpathway of L-aspartate and L-asparagine biosynthesis|unclassified	9.94099e-07
