# Pathway	P21158_81_S12_001_Abundance
UNMAPPED	16542959.6816512272
UNINTEGRATED	11965288.9033621550
UNINTEGRATED|unclassified	10003453.6914897207
UNINTEGRATED|g__Candidatus_Cloacimonas.s__Candidatus_Cloacimonas_acidaminovorans	502310.9422350975
UNINTEGRATED|g__Oenococcus.s__Oenococcus_oeni	440476.1702031689
UNINTEGRATED|g__Methanothrix.s__Methanothrix_soehngenii	166272.1289517175
SER-GLYSYN-PWY: superpathway of L-serine and glycine biosynthesis I	7453.8429333065
SER-GLYSYN-PWY: superpathway of L-serine and glycine biosynthesis I|g__Candidatus_Cloacimonas.s__Candidatus_Cloacimonas_acidaminovorans	3219.0850820447
SER-GLYSYN-PWY: superpathway of L-serine and glycine biosynthesis I|unclassified	2526.9919801324
DTDPRHAMSYN-PWY: dTDP-&beta;-L-rhamnose biosynthesis	6843.3355817491
DTDPRHAMSYN-PWY: dTDP-&beta;-L-rhamnose biosynthesis|g__Oenococcus.s__Oenococcus_oeni	6258.0330371015
DTDPRHAMSYN-PWY: dTDP-&beta;-L-rhamnose biosynthesis|unclassified	314.5214982980
DTDPRHAMSYN-PWY: dTDP-&beta;-L-rhamnose biosynthesis|g__Methanothrix.s__Methanothrix_soehngenii	46.5781808233
METH-ACETATE-PWY: methanogenesis from acetate	5121.3604001136
METH-ACETATE-PWY: methanogenesis from acetate|unclassified	1893.7161378518
PWY-6588: pyruvate fermentation to acetone	4109.5712695882
PWY-6588: pyruvate fermentation to acetone|unclassified	723.0019248139
PWY-6609: adenine and adenosine salvage III	3850.8537610560
PWY-6609: adenine and adenosine salvage III|g__Candidatus_Cloacimonas.s__Candidatus_Cloacimonas_acidaminovorans	1268.7070310199
PWY-1042: glycolysis IV	3261.6242578196
PWY-1042: glycolysis IV|g__Candidatus_Cloacimonas.s__Candidatus_Cloacimonas_acidaminovorans	1675.6529740886
PWY-1042: glycolysis IV|unclassified	1073.3536041873
PWY-5100: pyruvate fermentation to acetate and lactate II	3049.0292637394
PWY-5100: pyruvate fermentation to acetate and lactate II|unclassified	1448.5400048577
PWY66-429: fatty acid biosynthesis initiation (mitochondria)	3039.4532234908
PWY66-429: fatty acid biosynthesis initiation (mitochondria)|g__Oenococcus.s__Oenococcus_oeni	1759.3757932430
PWY66-429: fatty acid biosynthesis initiation (mitochondria)|unclassified	220.1323571642
PWY-7237: myo-, chiro- and scyllo-inositol degradation	2671.7190048067
PWY-5695: inosine 5'-phosphate degradation	2579.5951028525
PWY-5695: inosine 5'-phosphate degradation|g__Candidatus_Cloacimonas.s__Candidatus_Cloacimonas_acidaminovorans	1665.6280563044
PWY-5695: inosine 5'-phosphate degradation|unclassified	984.3565903228
PWY-6608: guanosine nucleotides degradation III	2579.5951028525
PWY-6608: guanosine nucleotides degradation III|g__Candidatus_Cloacimonas.s__Candidatus_Cloacimonas_acidaminovorans	1665.6280563044
PWY-6608: guanosine nucleotides degradation III|unclassified	684.4364617354
SALVADEHYPOX-PWY: adenosine nucleotides degradation II	2372.6468599650
SALVADEHYPOX-PWY: adenosine nucleotides degradation II|g__Candidatus_Cloacimonas.s__Candidatus_Cloacimonas_acidaminovorans	1506.6731918418
SALVADEHYPOX-PWY: adenosine nucleotides degradation II|unclassified	688.6067942982
PWY-7220: adenosine deoxyribonucleotides de novo biosynthesis II	2274.8053944597
PWY-7220: adenosine deoxyribonucleotides de novo biosynthesis II|unclassified	503.5985028444
PWY-7220: adenosine deoxyribonucleotides de novo biosynthesis II|g__Candidatus_Cloacimonas.s__Candidatus_Cloacimonas_acidaminovorans	267.2423557186
PWY-7222: guanosine deoxyribonucleotides de novo biosynthesis II	2274.8053944597
PWY-7222: guanosine deoxyribonucleotides de novo biosynthesis II|unclassified	503.5985028444
PWY-7222: guanosine deoxyribonucleotides de novo biosynthesis II|g__Candidatus_Cloacimonas.s__Candidatus_Cloacimonas_acidaminovorans	267.2423557186
PWY-5384: sucrose degradation IV (sucrose phosphorylase)	2258.8930430777
PWY-7229: superpathway of adenosine nucleotides de novo biosynthesis I	2156.5525203464
PWY-7229: superpathway of adenosine nucleotides de novo biosynthesis I|unclassified	636.0029897508
PWY-6126: superpathway of adenosine nucleotides de novo biosynthesis II	2153.3399714126
PWY-6126: superpathway of adenosine nucleotides de novo biosynthesis II|unclassified	582.0770494475
PWY-6590: superpathway of Clostridium acetobutylicum acidogenic fermentation	2141.6823607519
PWY-6590: superpathway of Clostridium acetobutylicum acidogenic fermentation|unclassified	790.9446772361
PWY-7228: superpathway of guanosine nucleotides de novo biosynthesis I	2088.3752680884
PWY-7228: superpathway of guanosine nucleotides de novo biosynthesis I|unclassified	693.1669947116
PWY-7228: superpathway of guanosine nucleotides de novo biosynthesis I|g__Candidatus_Cloacimonas.s__Candidatus_Cloacimonas_acidaminovorans	361.6271422085
PWY-7221: guanosine ribonucleotides de novo biosynthesis	1977.4586056012
PWY-7221: guanosine ribonucleotides de novo biosynthesis|unclassified	1061.6939272933
PWY-7221: guanosine ribonucleotides de novo biosynthesis|g__Candidatus_Cloacimonas.s__Candidatus_Cloacimonas_acidaminovorans	505.3193309714
PWY-7221: guanosine ribonucleotides de novo biosynthesis|g__Oenococcus.s__Oenococcus_oeni	95.0817878578
ANAGLYCOLYSIS-PWY: glycolysis III (from glucose)	1972.9840408228
ANAGLYCOLYSIS-PWY: glycolysis III (from glucose)|unclassified	792.5481378997
CENTFERM-PWY: pyruvate fermentation to butanoate	1961.6666136134
CENTFERM-PWY: pyruvate fermentation to butanoate|unclassified	696.2567882393
PWY-7208: superpathway of pyrimidine nucleobases salvage	1897.6078155524
PWY-7208: superpathway of pyrimidine nucleobases salvage|g__Candidatus_Cloacimonas.s__Candidatus_Cloacimonas_acidaminovorans	526.1807555283
PWY-7208: superpathway of pyrimidine nucleobases salvage|unclassified	212.7952171163
PWY-7197: pyrimidine deoxyribonucleotide phosphorylation	1896.2056293382
PWY-7197: pyrimidine deoxyribonucleotide phosphorylation|unclassified	568.6008573113
PWY-7197: pyrimidine deoxyribonucleotide phosphorylation|g__Candidatus_Cloacimonas.s__Candidatus_Cloacimonas_acidaminovorans	291.4156659933
PWY-7197: pyrimidine deoxyribonucleotide phosphorylation|g__Methanothrix.s__Methanothrix_soehngenii	240.5158124334
PWY-8178: pentose phosphate pathway (non-oxidative branch) II	1792.9905533424
PWY-8178: pentose phosphate pathway (non-oxidative branch) II|g__Candidatus_Cloacimonas.s__Candidatus_Cloacimonas_acidaminovorans	849.9795020392
PWY-8178: pentose phosphate pathway (non-oxidative branch) II|unclassified	651.4095266669
P108-PWY: pyruvate fermentation to propanoate I	1774.8225853582
P108-PWY: pyruvate fermentation to propanoate I|unclassified	836.9361313005
GLUCONEO-PWY: gluconeogenesis I	1650.6277219326
GLUCONEO-PWY: gluconeogenesis I|unclassified	955.7602532549
GLYCOLYSIS: glycolysis I (from glucose 6-phosphate)	1618.7245153347
GLYCOLYSIS: glycolysis I (from glucose 6-phosphate)|unclassified	630.6502640101
PWY-6125: superpathway of guanosine nucleotides de novo biosynthesis II	1615.6200003984
PWY-6125: superpathway of guanosine nucleotides de novo biosynthesis II|unclassified	422.3596076183
PWY-6125: superpathway of guanosine nucleotides de novo biosynthesis II|g__Candidatus_Cloacimonas.s__Candidatus_Cloacimonas_acidaminovorans	314.6528173803
PWY-6353: purine nucleotides degradation II (aerobic)	1582.4727826276
PWY-6353: purine nucleotides degradation II (aerobic)|g__Candidatus_Cloacimonas.s__Candidatus_Cloacimonas_acidaminovorans	736.6554644989
PWY-6353: purine nucleotides degradation II (aerobic)|unclassified	694.0188677619
COA-PWY: coenzyme A biosynthesis I (prokaryotic)	1529.0804317498
COA-PWY: coenzyme A biosynthesis I (prokaryotic)|g__Candidatus_Cloacimonas.s__Candidatus_Cloacimonas_acidaminovorans	1034.3235695788
COA-PWY: coenzyme A biosynthesis I (prokaryotic)|unclassified	244.4261228626
COA-PWY: coenzyme A biosynthesis I (prokaryotic)|g__Oenococcus.s__Oenococcus_oeni	211.0803503989
UDPNAGSYN-PWY: UDP-N-acetyl-D-glucosamine biosynthesis I	1352.5940808096
UDPNAGSYN-PWY: UDP-N-acetyl-D-glucosamine biosynthesis I|g__Candidatus_Cloacimonas.s__Candidatus_Cloacimonas_acidaminovorans	497.0807367354
UDPNAGSYN-PWY: UDP-N-acetyl-D-glucosamine biosynthesis I|unclassified	180.7855067360
TRNA-CHARGING-PWY: tRNA charging	1346.5353009079
TRNA-CHARGING-PWY: tRNA charging|g__Candidatus_Cloacimonas.s__Candidatus_Cloacimonas_acidaminovorans	564.3198689622
NONOXIPENT-PWY: pentose phosphate pathway (non-oxidative branch) I	1300.5695680128
NONOXIPENT-PWY: pentose phosphate pathway (non-oxidative branch) I|g__Candidatus_Cloacimonas.s__Candidatus_Cloacimonas_acidaminovorans	637.7431515768
NONOXIPENT-PWY: pentose phosphate pathway (non-oxidative branch) I|unclassified	550.3769711452
PWY-5136: fatty acid &beta;-oxidation II (plant peroxisome)	1297.0364200470
PWY-5136: fatty acid &beta;-oxidation II (plant peroxisome)|unclassified	1297.0364200470
PENTOSE-P-PWY: pentose phosphate pathway	1288.3897136074
PWY-5484: glycolysis II (from fructose 6-phosphate)	1214.1384985989
PWY-5484: glycolysis II (from fructose 6-phosphate)|unclassified	614.1186713634
P42-PWY: incomplete reductive TCA cycle	1200.7009116873
P42-PWY: incomplete reductive TCA cycle|unclassified	731.4412348272
PWY-3841: folate transformations II (plants)	1123.9332946615
PWY-3841: folate transformations II (plants)|unclassified	202.6294461257
CALVIN-PWY: Calvin-Benson-Bassham cycle	1118.5071548272
CALVIN-PWY: Calvin-Benson-Bassham cycle|unclassified	552.1052503442
PWY-841: superpathway of purine nucleotides de novo biosynthesis I	1110.5948418399
PWY-841: superpathway of purine nucleotides de novo biosynthesis I|g__Candidatus_Cloacimonas.s__Candidatus_Cloacimonas_acidaminovorans	262.1185236904
PWY-6123: inosine-5'-phosphate biosynthesis I	1076.2393238550
PWY-6123: inosine-5'-phosphate biosynthesis I|g__Candidatus_Cloacimonas.s__Candidatus_Cloacimonas_acidaminovorans	458.8017763650
PWY-6309: L-tryptophan degradation XI (mammalian, via kynurenine)	1038.9904153133
PWY-6309: L-tryptophan degradation XI (mammalian, via kynurenine)|g__Candidatus_Cloacimonas.s__Candidatus_Cloacimonas_acidaminovorans	1038.9904153133
OANTIGEN-PWY: O-antigen building blocks biosynthesis (E. coli)	1024.8058261696
PWY66-409: superpathway of purine nucleotide salvage	1013.9658468583
PWY-6122: 5-aminoimidazole ribonucleotide biosynthesis II	1007.4093256085
PWY-6122: 5-aminoimidazole ribonucleotide biosynthesis II|g__Candidatus_Cloacimonas.s__Candidatus_Cloacimonas_acidaminovorans	521.1413777692
PWY-6122: 5-aminoimidazole ribonucleotide biosynthesis II|unclassified	355.0869339813
PWY-6122: 5-aminoimidazole ribonucleotide biosynthesis II|g__Methanothrix.s__Methanothrix_soehngenii	147.9337839625
PWY-6277: superpathway of 5-aminoimidazole ribonucleotide biosynthesis	1007.4093256085
PWY-6277: superpathway of 5-aminoimidazole ribonucleotide biosynthesis|g__Candidatus_Cloacimonas.s__Candidatus_Cloacimonas_acidaminovorans	521.1413777692
PWY-6277: superpathway of 5-aminoimidazole ribonucleotide biosynthesis|unclassified	355.0869339813
PWY-6277: superpathway of 5-aminoimidazole ribonucleotide biosynthesis|g__Methanothrix.s__Methanothrix_soehngenii	147.9337839625
PWY-7851: coenzyme A biosynthesis II (eukaryotic)	973.3041411450
PWY-7851: coenzyme A biosynthesis II (eukaryotic)|g__Oenococcus.s__Oenococcus_oeni	211.0803503989
PWY-6124: inosine-5'-phosphate biosynthesis II	971.9931809289
PWY-6124: inosine-5'-phosphate biosynthesis II|g__Candidatus_Cloacimonas.s__Candidatus_Cloacimonas_acidaminovorans	396.6794287006
PWY-6124: inosine-5'-phosphate biosynthesis II|g__Methanothrix.s__Methanothrix_soehngenii	75.1598412591
PWY-6124: inosine-5'-phosphate biosynthesis II|g__Oenococcus.s__Oenococcus_oeni	66.5741797215
PWY-7328: superpathway of UDP-glucose-derived O-antigen building blocks biosynthesis	966.2372753931
PWY-6731: starch degradation III	952.6189032763
PWY-6731: starch degradation III|unclassified	577.8254963608
PWY-7199: pyrimidine deoxyribonucleosides salvage	945.0972648192
PWY-7199: pyrimidine deoxyribonucleosides salvage|g__Oenococcus.s__Oenococcus_oeni	146.9426798297
PWY-7199: pyrimidine deoxyribonucleosides salvage|unclassified	71.9123725132
CITRULBIO-PWY: L-citrulline biosynthesis	905.6481148448
PWY-1269: CMP-3-deoxy-D-manno-octulosonate biosynthesis	899.3557710296
PWY-1269: CMP-3-deoxy-D-manno-octulosonate biosynthesis|g__Candidatus_Cloacimonas.s__Candidatus_Cloacimonas_acidaminovorans	726.8307387337
PWY-1269: CMP-3-deoxy-D-manno-octulosonate biosynthesis|unclassified	125.7427157003
PEPTIDOGLYCANSYN-PWY: peptidoglycan biosynthesis I (meso-diaminopimelate containing)	886.9735155782
PEPTIDOGLYCANSYN-PWY: peptidoglycan biosynthesis I (meso-diaminopimelate containing)|g__Oenococcus.s__Oenococcus_oeni	509.2573562161
PEPTIDOGLYCANSYN-PWY: peptidoglycan biosynthesis I (meso-diaminopimelate containing)|g__Candidatus_Cloacimonas.s__Candidatus_Cloacimonas_acidaminovorans	170.7691561409
PWY-6385: peptidoglycan biosynthesis III (mycobacteria)	865.8850694609
PWY-6385: peptidoglycan biosynthesis III (mycobacteria)|g__Candidatus_Cloacimonas.s__Candidatus_Cloacimonas_acidaminovorans	172.1786084575
PWY-6606: guanosine nucleotides degradation II	836.8915732404
PWY-6606: guanosine nucleotides degradation II|unclassified	476.0503159861
PWY-6606: guanosine nucleotides degradation II|g__Candidatus_Cloacimonas.s__Candidatus_Cloacimonas_acidaminovorans	202.9072527573
PYRIDNUCSYN-PWY: NAD de novo biosynthesis I (from aspartate)	821.8357524318
PYRIDNUCSYN-PWY: NAD de novo biosynthesis I (from aspartate)|unclassified	129.9095445778
P163-PWY: L-lysine fermentation to acetate and butanoate	821.2056891152
P163-PWY: L-lysine fermentation to acetate and butanoate|g__Candidatus_Cloacimonas.s__Candidatus_Cloacimonas_acidaminovorans	547.0890016341
PWY0-1061: superpathway of L-alanine biosynthesis	804.6289877654
PWY-6387: UDP-N-acetylmuramoyl-pentapeptide biosynthesis I (meso-diaminopimelate containing)	804.4287939061
PWY-6387: UDP-N-acetylmuramoyl-pentapeptide biosynthesis I (meso-diaminopimelate containing)|g__Oenococcus.s__Oenococcus_oeni	475.9546625508
PWY-6387: UDP-N-acetylmuramoyl-pentapeptide biosynthesis I (meso-diaminopimelate containing)|g__Candidatus_Cloacimonas.s__Candidatus_Cloacimonas_acidaminovorans	152.8895001367
PWY-6387: UDP-N-acetylmuramoyl-pentapeptide biosynthesis I (meso-diaminopimelate containing)|unclassified	74.4099658508
PWY-6121: 5-aminoimidazole ribonucleotide biosynthesis I	802.4210064107
PWY-6121: 5-aminoimidazole ribonucleotide biosynthesis I|unclassified	243.8271803540
PWY-6121: 5-aminoimidazole ribonucleotide biosynthesis I|g__Candidatus_Cloacimonas.s__Candidatus_Cloacimonas_acidaminovorans	219.8159840139
PWY-6121: 5-aminoimidazole ribonucleotide biosynthesis I|g__Methanothrix.s__Methanothrix_soehngenii	114.0837985482
PWY-5941: glycogen degradation II	795.2835945201
PWY-5941: glycogen degradation II|unclassified	364.4762455732
HISDEG-PWY: L-histidine degradation I	794.5133682512
HISDEG-PWY: L-histidine degradation I|unclassified	397.2454841531
HISDEG-PWY: L-histidine degradation I|g__Candidatus_Cloacimonas.s__Candidatus_Cloacimonas_acidaminovorans	396.8005988084
PWY66-399: gluconeogenesis III	789.3161844347
PWY66-399: gluconeogenesis III|unclassified	523.3692682351
PWY-5097: L-lysine biosynthesis VI	785.8794420488
PWY-5097: L-lysine biosynthesis VI|g__Candidatus_Cloacimonas.s__Candidatus_Cloacimonas_acidaminovorans	387.0149159434
PWY-5659: GDP-mannose biosynthesis	779.1789747524
PWY-5659: GDP-mannose biosynthesis|g__Candidatus_Cloacimonas.s__Candidatus_Cloacimonas_acidaminovorans	357.4435131833
PWY-6317: D-galactose degradation I (Leloir pathway)	770.9184380066
PWY-6386: UDP-N-acetylmuramoyl-pentapeptide biosynthesis II (lysine-containing)	767.4240325710
PWY-6386: UDP-N-acetylmuramoyl-pentapeptide biosynthesis II (lysine-containing)|g__Oenococcus.s__Oenococcus_oeni	458.4358236781
PWY-6386: UDP-N-acetylmuramoyl-pentapeptide biosynthesis II (lysine-containing)|g__Candidatus_Cloacimonas.s__Candidatus_Cloacimonas_acidaminovorans	163.4303440200
ANAEROFRUCAT-PWY: homolactic fermentation	750.9609145683
PWY-5130: 2-oxobutanoate degradation I	736.0637842414
PWY-8187: L-arginine degradation XIII (reductive Stickland reaction)	734.9298169986
PWY-8187: L-arginine degradation XIII (reductive Stickland reaction)|unclassified	152.9562780201
P164-PWY: purine nucleobases degradation I (anaerobic)	722.1379595663
P164-PWY: purine nucleobases degradation I (anaerobic)|unclassified	545.9794891702
PWY-7238: sucrose biosynthesis II	714.1589007945
PWY-7238: sucrose biosynthesis II|g__Candidatus_Cloacimonas.s__Candidatus_Cloacimonas_acidaminovorans	408.1031119094
PWY-7238: sucrose biosynthesis II|unclassified	304.6207761426
COA-PWY-1: superpathway of coenzyme A biosynthesis III (mammals)	700.8582236117
PANTOSYN-PWY: superpathway of coenzyme A biosynthesis I (bacteria)	685.0478830556
PWY-6703: preQ0 biosynthesis	681.8814253236
PWY-6703: preQ0 biosynthesis|g__Candidatus_Cloacimonas.s__Candidatus_Cloacimonas_acidaminovorans	479.6884219096
PWY-6703: preQ0 biosynthesis|unclassified	91.6719101532
PWY-1861: formaldehyde assimilation II (assimilatory RuMP Cycle)	652.4298037835
PWY-1861: formaldehyde assimilation II (assimilatory RuMP Cycle)|unclassified	201.2230020324
PWY-6147: 6-hydroxymethyl-dihydropterin diphosphate biosynthesis I	650.4215937273
PWY-6147: 6-hydroxymethyl-dihydropterin diphosphate biosynthesis I|g__Candidatus_Cloacimonas.s__Candidatus_Cloacimonas_acidaminovorans	453.6687158463
PWY-6147: 6-hydroxymethyl-dihydropterin diphosphate biosynthesis I|unclassified	99.0595197984
DAPLYSINESYN-PWY: L-lysine biosynthesis I	649.6442799648
DAPLYSINESYN-PWY: L-lysine biosynthesis I|g__Candidatus_Cloacimonas.s__Candidatus_Cloacimonas_acidaminovorans	384.8236417502
PWY-8182: valproate &beta;-oxidation	648.6756295928
PWY-8182: valproate &beta;-oxidation|unclassified	268.8040290100
PWY0-1296: purine ribonucleosides degradation	643.1906119076
PWY0-1296: purine ribonucleosides degradation|g__Candidatus_Cloacimonas.s__Candidatus_Cloacimonas_acidaminovorans	627.7002250469
PWY-6700: queuosine biosynthesis I (de novo)	626.7289752554
PWY-6700: queuosine biosynthesis I (de novo)|g__Candidatus_Cloacimonas.s__Candidatus_Cloacimonas_acidaminovorans	238.7906345110
PWY-6700: queuosine biosynthesis I (de novo)|unclassified	141.8018445190
PWY-2941: L-lysine biosynthesis II	626.2955884399
PWY-2941: L-lysine biosynthesis II|unclassified	55.7584024723
PWY-7977: L-methionine biosynthesis IV	591.2258420835
PWY-7977: L-methionine biosynthesis IV|unclassified	241.9171562657
RIBOSYN2-PWY: flavin biosynthesis I (bacteria and plants)	582.3858858965
RIBOSYN2-PWY: flavin biosynthesis I (bacteria and plants)|unclassified	140.0571111379
VALSYN-PWY: L-valine biosynthesis	578.1879747570
VALSYN-PWY: L-valine biosynthesis|unclassified	363.3584944043
VALSYN-PWY: L-valine biosynthesis|g__Methanothrix.s__Methanothrix_soehngenii	119.2137492863
PWY-7115: C4 photosynthetic carbon assimilation cycle, NAD-ME type	577.3417263046
GLYCOGENSYNTH-PWY: glycogen biosynthesis I (from ADP-D-Glucose)	576.3604135225
GLYCOGENSYNTH-PWY: glycogen biosynthesis I (from ADP-D-Glucose)|unclassified	555.8405286859
FERMENTATION-PWY: mixed acid fermentation	554.9184819376
PANTO-PWY: phosphopantothenate biosynthesis I	530.3025014565
PANTO-PWY: phosphopantothenate biosynthesis I|g__Candidatus_Cloacimonas.s__Candidatus_Cloacimonas_acidaminovorans	291.1752857345
PANTO-PWY: phosphopantothenate biosynthesis I|unclassified	137.2210673133
METHANOGENESIS-PWY: methanogenesis from H2 and CO2	529.9575923772
METHANOGENESIS-PWY: methanogenesis from H2 and CO2|unclassified	412.8154389730
PWY-5209: methyl-coenzyme M oxidation to CO2	528.8881673028
PWY-5209: methyl-coenzyme M oxidation to CO2|unclassified	495.8093312592
THRESYN-PWY: superpathway of L-threonine biosynthesis	516.9540214779
THRESYN-PWY: superpathway of L-threonine biosynthesis|unclassified	153.2039098628
BRANCHED-CHAIN-AA-SYN-PWY: superpathway of branched chain amino acid biosynthesis	509.7034535629
BRANCHED-CHAIN-AA-SYN-PWY: superpathway of branched chain amino acid biosynthesis|unclassified	275.7160143158
BRANCHED-CHAIN-AA-SYN-PWY: superpathway of branched chain amino acid biosynthesis|g__Methanothrix.s__Methanothrix_soehngenii	128.0638877207
ILEUSYN-PWY: L-isoleucine biosynthesis I (from threonine)	485.7956450846
ILEUSYN-PWY: L-isoleucine biosynthesis I (from threonine)|unclassified	296.4442116393
ILEUSYN-PWY: L-isoleucine biosynthesis I (from threonine)|g__Methanothrix.s__Methanothrix_soehngenii	114.4785407577
NAGLIPASYN-PWY: lipid IVA biosynthesis (E. coli)	474.4468901427
NAGLIPASYN-PWY: lipid IVA biosynthesis (E. coli)|g__Candidatus_Cloacimonas.s__Candidatus_Cloacimonas_acidaminovorans	404.2930305329
PWY-8073: lipid IVA biosynthesis (P. putida)	474.4468901427
PWY-8073: lipid IVA biosynthesis (P. putida)|g__Candidatus_Cloacimonas.s__Candidatus_Cloacimonas_acidaminovorans	404.2930305329
PWY-6863: pyruvate fermentation to hexanol (engineered)	471.1961608645
PWY-6863: pyruvate fermentation to hexanol (engineered)|unclassified	469.9363711378
NONMEVIPP-PWY: methylerythritol phosphate pathway I	462.0443499151
PWY-5030: L-histidine degradation III	455.4883677098
PWY-5030: L-histidine degradation III|g__Candidatus_Cloacimonas.s__Candidatus_Cloacimonas_acidaminovorans	309.3817651985
PWY-7383: anaerobic energy metabolism (invertebrates, cytosol)	420.6469255947
PWY-7383: anaerobic energy metabolism (invertebrates, cytosol)|unclassified	260.5626461391
PWY-5103: L-isoleucine biosynthesis III	409.6067017752
PWY-5103: L-isoleucine biosynthesis III|unclassified	243.3233207881
PWY-5103: L-isoleucine biosynthesis III|g__Methanothrix.s__Methanothrix_soehngenii	110.0783552767
PWY-7791: UMP biosynthesis III	408.6199343673
PWY-7791: UMP biosynthesis III|unclassified	134.7904620208
PWY-5973: cis-vaccenate biosynthesis	405.2917662465
PWY-5973: cis-vaccenate biosynthesis|unclassified	98.6143389802
PWY-5121: superpathway of geranylgeranyl diphosphate biosynthesis II (via MEP)	396.4417933651
PWY-7560: methylerythritol phosphate pathway II	392.6002121970
PWY-6270: isoprene biosynthesis I	388.0570091065
PWY-7234: inosine-5'-phosphate biosynthesis III	340.8353981962
PWY-7663: gondoate biosynthesis (anaerobic)	328.1137946456
PWY-7663: gondoate biosynthesis (anaerobic)|unclassified	79.4388100385
PWY-7111: pyruvate fermentation to isobutanol (engineered)	320.3789550242
PWY-7111: pyruvate fermentation to isobutanol (engineered)|unclassified	193.5027682030
PWY-3001: superpathway of L-isoleucine biosynthesis I	312.8601753581
PWY-7953: UDP-N-acetylmuramoyl-pentapeptide biosynthesis III (meso-diaminopimelate containing)	309.7088449546
P23-PWY: reductive TCA cycle I	300.3673951977
P23-PWY: reductive TCA cycle I|unclassified	192.3588162098
ARGININE-SYN4-PWY: L-ornithine biosynthesis II	294.0143390597
PWY-6151: S-adenosyl-L-methionine salvage I	267.9555391181
PWY-6151: S-adenosyl-L-methionine salvage I|g__Oenococcus.s__Oenococcus_oeni	197.5220781763
PWY0-1477: ethanolamine utilization	249.9989429328
PWY0-1477: ethanolamine utilization|unclassified	241.3562698213
PWY-724: superpathway of L-lysine, L-threonine and L-methionine biosynthesis II	236.3870372082
PWY4FS-7: phosphatidylglycerol biosynthesis I (plastidic)	201.9366730010
PWY4FS-8: phosphatidylglycerol biosynthesis II (non-plastidic)	201.9366730010
PWY0-1479: tRNA processing	197.5463128208
ARGSYN-PWY: L-arginine biosynthesis I (via L-ornithine)	195.5959620549
ARGSYN-PWY: L-arginine biosynthesis I (via L-ornithine)|unclassified	126.4441116648
PWY-7200: superpathway of pyrimidine deoxyribonucleoside salvage	191.5198689761
PWY-7200: superpathway of pyrimidine deoxyribonucleoside salvage|unclassified	98.1786131015
PWY-5686: UMP biosynthesis I	188.0925061013
PWY-5686: UMP biosynthesis I|unclassified	103.9340399800
PWY-7790: UMP biosynthesis II	188.0925061013
PWY-7790: UMP biosynthesis II|unclassified	103.9340399800
GLUTORN-PWY: L-ornithine biosynthesis I	187.2334543165
GLUTORN-PWY: L-ornithine biosynthesis I|unclassified	174.1591519680
PWY-5723: Rubisco shunt	182.6888496170
PWY-7400: L-arginine biosynthesis IV (archaebacteria)	179.6425159386
PWY-5667: CDP-diacylglycerol biosynthesis I	158.3747502949
PWY-5667: CDP-diacylglycerol biosynthesis I|unclassified	88.7473745368
PWY-5667: CDP-diacylglycerol biosynthesis I|g__Oenococcus.s__Oenococcus_oeni	54.4581726298
PWY0-1319: CDP-diacylglycerol biosynthesis II	158.3747502949
PWY0-1319: CDP-diacylglycerol biosynthesis II|unclassified	88.7473745368
PWY0-1319: CDP-diacylglycerol biosynthesis II|g__Oenococcus.s__Oenococcus_oeni	54.4581726298
PWY-5981: CDP-diacylglycerol biosynthesis III	155.4927201732
PWY-5981: CDP-diacylglycerol biosynthesis III|g__Oenococcus.s__Oenococcus_oeni	54.3146074085
ARGSYNBSUB-PWY: L-arginine biosynthesis II (acetyl cycle)	154.9202390916
ARGSYNBSUB-PWY: L-arginine biosynthesis II (acetyl cycle)|unclassified	115.4165045000
GLYCOCAT-PWY: glycogen degradation I	149.8988895685
PWY-5104: L-isoleucine biosynthesis IV	149.2962450821
PWY-5104: L-isoleucine biosynthesis IV|unclassified	129.6222354325
RHAMCAT-PWY: L-rhamnose degradation I	148.0028300456
RHAMCAT-PWY: L-rhamnose degradation I|unclassified	62.5705151495
PWY-7392: taxadiene biosynthesis (engineered)	145.9622384069
PWY-6906: chitin derivatives degradation	144.6746919899
PWY-6906: chitin derivatives degradation|unclassified	131.4495003653
PWY-7090: UDP-2,3-diacetamido-2,3-dideoxy-&alpha;-D-mannuronate biosynthesis	135.2650665530
PWY-7090: UDP-2,3-diacetamido-2,3-dideoxy-&alpha;-D-mannuronate biosynthesis|unclassified	135.2650665530
PWY-5101: L-isoleucine biosynthesis II	133.5035777255
PWY-5101: L-isoleucine biosynthesis II|unclassified	117.9420176667
PWY-6902: chitin degradation II (Vibrio)	131.1927535341
PWY-6902: chitin degradation II (Vibrio)|unclassified	131.1927535341
PWY-6478: GDP-D-glycero-&alpha;-D-manno-heptose biosynthesis	128.4259391847
PWY-6478: GDP-D-glycero-&alpha;-D-manno-heptose biosynthesis|unclassified	110.0452344858
PWY-7761: NAD salvage pathway II (PNC IV cycle)	122.1504493008
PWY-6969: TCA cycle V (2-oxoglutarate synthase)	111.2220556290
PWY-6969: TCA cycle V (2-oxoglutarate synthase)|unclassified	97.6165681803
PWY-6160: 3-dehydroquinate biosynthesis II (archaea)	110.6813068144
PWY-6160: 3-dehydroquinate biosynthesis II (archaea)|unclassified	76.6385904115
POLYISOPRENSYN-PWY: polyisoprenoid biosynthesis (E. coli)	109.3561098122
PWY-5154: L-arginine biosynthesis III (via N-acetyl-L-citrulline)	109.1945696996
PWY-6583: pyruvate fermentation to butanol I	74.5986363650
PWY-6583: pyruvate fermentation to butanol I|unclassified	74.5644530695
PWY-6349: CDP-archaeol biosynthesis	64.7739233040
PWY-6349: CDP-archaeol biosynthesis|g__Methanothrix.s__Methanothrix_soehngenii	51.5886196699
PWY0-1586: peptidoglycan maturation (meso-diaminopimelate containing)	64.3183002771
PWY-6859: all-trans-farnesol biosynthesis	60.8681813591
ASPASN-PWY: superpathway of L-aspartate and L-asparagine biosynthesis	30.1637301197
ASPASN-PWY: superpathway of L-aspartate and L-asparagine biosynthesis|unclassified	28.4895167036