# Pathway	P21158_94_S15_Abundance
UNMAPPED	7652581.8152332455
UNINTEGRATED	6667791.7123141661
UNINTEGRATED|unclassified	9284829.1568895187
UNINTEGRATED|g__Oenococcus.s__Oenococcus_oeni	630977.6237955976
UNINTEGRATED|g__Candidatus_Cloacimonas.s__Candidatus_Cloacimonas_acidaminovorans	136476.9987743309
UNINTEGRATED|g__Methanospirillum.s__Methanospirillum_hungatei	7577.7128872975
UNINTEGRATED|g__Alistipes.s__Alistipes_finegoldii	1113.8780465329
DTDPRHAMSYN-PWY: dTDP-&beta;-L-rhamnose biosynthesis	11887.6745850246
DTDPRHAMSYN-PWY: dTDP-&beta;-L-rhamnose biosynthesis|g__Oenococcus.s__Oenococcus_oeni	11439.8150696819
DTDPRHAMSYN-PWY: dTDP-&beta;-L-rhamnose biosynthesis|unclassified	130.3196066410
DTDPRHAMSYN-PWY: dTDP-&beta;-L-rhamnose biosynthesis|g__Alistipes.s__Alistipes_finegoldii	22.8111210962
PWY66-429: fatty acid biosynthesis initiation (mitochondria)	3223.9363323446
PWY66-429: fatty acid biosynthesis initiation (mitochondria)|g__Oenococcus.s__Oenococcus_oeni	2939.1495068362
PWY66-429: fatty acid biosynthesis initiation (mitochondria)|unclassified	77.4597605117
SER-GLYSYN-PWY: superpathway of L-serine and glycine biosynthesis I	2132.6038580956
SER-GLYSYN-PWY: superpathway of L-serine and glycine biosynthesis I|g__Candidatus_Cloacimonas.s__Candidatus_Cloacimonas_acidaminovorans	462.8058486313
SER-GLYSYN-PWY: superpathway of L-serine and glycine biosynthesis I|unclassified	363.7540252011
PWY-6609: adenine and adenosine salvage III	1631.5070335901
PWY-6609: adenine and adenosine salvage III|g__Candidatus_Cloacimonas.s__Candidatus_Cloacimonas_acidaminovorans	472.1688179918
PWY-6609: adenine and adenosine salvage III|unclassified	300.7549335148
PWY-7229: superpathway of adenosine nucleotides de novo biosynthesis I	1466.9724081327
PWY-6126: superpathway of adenosine nucleotides de novo biosynthesis II	1239.1329572271
PWY-5695: inosine 5'-phosphate degradation	1226.1615344347
PWY-5695: inosine 5'-phosphate degradation|unclassified	402.9354960957
PWY-5695: inosine 5'-phosphate degradation|g__Candidatus_Cloacimonas.s__Candidatus_Cloacimonas_acidaminovorans	386.4794861837
PWY-5384: sucrose degradation IV (sucrose phosphorylase)	1124.0479994798
PWY-5384: sucrose degradation IV (sucrose phosphorylase)|unclassified	38.8875717599
METH-ACETATE-PWY: methanogenesis from acetate	1054.5582755261
METH-ACETATE-PWY: methanogenesis from acetate|unclassified	478.6812535001
PWY-3841: folate transformations II (plants)	1045.0793802846
PWY-3841: folate transformations II (plants)|g__Oenococcus.s__Oenococcus_oeni	698.2276362764
PWY-7221: guanosine ribonucleotides de novo biosynthesis	1020.2295980778
PWY-7221: guanosine ribonucleotides de novo biosynthesis|g__Oenococcus.s__Oenococcus_oeni	290.1992315438
PWY-7221: guanosine ribonucleotides de novo biosynthesis|g__Candidatus_Cloacimonas.s__Candidatus_Cloacimonas_acidaminovorans	100.7509307984
PWY-7221: guanosine ribonucleotides de novo biosynthesis|unclassified	40.2485418262
SALVADEHYPOX-PWY: adenosine nucleotides degradation II	992.1571792562
SALVADEHYPOX-PWY: adenosine nucleotides degradation II|unclassified	367.6511277623
SALVADEHYPOX-PWY: adenosine nucleotides degradation II|g__Candidatus_Cloacimonas.s__Candidatus_Cloacimonas_acidaminovorans	358.2104846064
PEPTIDOGLYCANSYN-PWY: peptidoglycan biosynthesis I (meso-diaminopimelate containing)	956.5248694287
PEPTIDOGLYCANSYN-PWY: peptidoglycan biosynthesis I (meso-diaminopimelate containing)|g__Oenococcus.s__Oenococcus_oeni	664.6871206218
PWY-7228: superpathway of guanosine nucleotides de novo biosynthesis I	949.1992553270
PWY-7228: superpathway of guanosine nucleotides de novo biosynthesis I|g__Candidatus_Cloacimonas.s__Candidatus_Cloacimonas_acidaminovorans	74.6012692018
PWY-7228: superpathway of guanosine nucleotides de novo biosynthesis I|unclassified	50.3688765287
PWY-6608: guanosine nucleotides degradation III	934.8662745706
PWY-6608: guanosine nucleotides degradation III|g__Candidatus_Cloacimonas.s__Candidatus_Cloacimonas_acidaminovorans	386.4794861837
PWY-6608: guanosine nucleotides degradation III|unclassified	318.7509995331
PWY-8187: L-arginine degradation XIII (reductive Stickland reaction)	915.4878649499
PWY-8187: L-arginine degradation XIII (reductive Stickland reaction)|unclassified	547.1157358622
PWY-6125: superpathway of guanosine nucleotides de novo biosynthesis II	888.3054493183
PWY-6125: superpathway of guanosine nucleotides de novo biosynthesis II|g__Candidatus_Cloacimonas.s__Candidatus_Cloacimonas_acidaminovorans	67.2410202613
PWY-7220: adenosine deoxyribonucleotides de novo biosynthesis II	874.8325806152
PWY-7220: adenosine deoxyribonucleotides de novo biosynthesis II|unclassified	80.1559469995
PWY-7220: adenosine deoxyribonucleotides de novo biosynthesis II|g__Candidatus_Cloacimonas.s__Candidatus_Cloacimonas_acidaminovorans	54.6208941232
PWY-7222: guanosine deoxyribonucleotides de novo biosynthesis II	874.8325806152
PWY-7222: guanosine deoxyribonucleotides de novo biosynthesis II|unclassified	80.1559469995
PWY-7222: guanosine deoxyribonucleotides de novo biosynthesis II|g__Candidatus_Cloacimonas.s__Candidatus_Cloacimonas_acidaminovorans	54.6208941232
TRNA-CHARGING-PWY: tRNA charging	854.9972733108
TRNA-CHARGING-PWY: tRNA charging|g__Candidatus_Cloacimonas.s__Candidatus_Cloacimonas_acidaminovorans	81.7547455060
PWY-6387: UDP-N-acetylmuramoyl-pentapeptide biosynthesis I (meso-diaminopimelate containing)	835.8608152231
PWY-6387: UDP-N-acetylmuramoyl-pentapeptide biosynthesis I (meso-diaminopimelate containing)|g__Oenococcus.s__Oenococcus_oeni	573.4594542336
COA-PWY: coenzyme A biosynthesis I (prokaryotic)	831.2010788907
COA-PWY: coenzyme A biosynthesis I (prokaryotic)|g__Oenococcus.s__Oenococcus_oeni	464.0226356098
COA-PWY: coenzyme A biosynthesis I (prokaryotic)|g__Candidatus_Cloacimonas.s__Candidatus_Cloacimonas_acidaminovorans	221.3823619374
COA-PWY: coenzyme A biosynthesis I (prokaryotic)|unclassified	148.6347934018
PWY-7851: coenzyme A biosynthesis II (eukaryotic)	831.2010788907
PWY-7851: coenzyme A biosynthesis II (eukaryotic)|g__Oenococcus.s__Oenococcus_oeni	464.0226356098
PWY-6386: UDP-N-acetylmuramoyl-pentapeptide biosynthesis II (lysine-containing)	827.4076959407
PWY-6386: UDP-N-acetylmuramoyl-pentapeptide biosynthesis II (lysine-containing)|g__Oenococcus.s__Oenococcus_oeni	584.0404293246
PWY0-1477: ethanolamine utilization	817.5059350582
PWY0-1477: ethanolamine utilization|unclassified	469.1553974699
PWY-7208: superpathway of pyrimidine nucleobases salvage	816.1791203908
PWY-7208: superpathway of pyrimidine nucleobases salvage|unclassified	87.4803849648
PWY-7208: superpathway of pyrimidine nucleobases salvage|g__Candidatus_Cloacimonas.s__Candidatus_Cloacimonas_acidaminovorans	60.4505500513
PWY-6353: purine nucleotides degradation II (aerobic)	767.1367663357
PWY-6353: purine nucleotides degradation II (aerobic)|unclassified	320.6647666838
PWY-6353: purine nucleotides degradation II (aerobic)|g__Candidatus_Cloacimonas.s__Candidatus_Cloacimonas_acidaminovorans	245.6333960879
PWY-7197: pyrimidine deoxyribonucleotide phosphorylation	762.3041845416
PWY-7197: pyrimidine deoxyribonucleotide phosphorylation|unclassified	232.9173142408
PWY-7197: pyrimidine deoxyribonucleotide phosphorylation|g__Candidatus_Cloacimonas.s__Candidatus_Cloacimonas_acidaminovorans	51.4311401533
CITRULBIO-PWY: L-citrulline biosynthesis	716.5255556533
OANTIGEN-PWY: O-antigen building blocks biosynthesis (E. coli)	684.1156075333
ANAGLYCOLYSIS-PWY: glycolysis III (from glucose)	664.2107284619
ANAGLYCOLYSIS-PWY: glycolysis III (from glucose)|unclassified	222.2377999676
UDPNAGSYN-PWY: UDP-N-acetyl-D-glucosamine biosynthesis I	664.1055848459
UDPNAGSYN-PWY: UDP-N-acetyl-D-glucosamine biosynthesis I|g__Candidatus_Cloacimonas.s__Candidatus_Cloacimonas_acidaminovorans	142.9173458322
PWY-6317: D-galactose degradation I (Leloir pathway)	662.6996855132
PWY-1042: glycolysis IV	631.4100700804
PWY-1042: glycolysis IV|g__Candidatus_Cloacimonas.s__Candidatus_Cloacimonas_acidaminovorans	298.3261460932
PWY-1042: glycolysis IV|unclassified	258.4228224773
PWY-2941: L-lysine biosynthesis II	619.7787466295
PWY-7328: superpathway of UDP-glucose-derived O-antigen building blocks biosynthesis	596.8958551987
PWY-5097: L-lysine biosynthesis VI	528.8012030397
PWY-5097: L-lysine biosynthesis VI|g__Candidatus_Cloacimonas.s__Candidatus_Cloacimonas_acidaminovorans	65.8408718282
PWY-5097: L-lysine biosynthesis VI|unclassified	51.6049338652
PWY-6606: guanosine nucleotides degradation II	518.8151683717
PWY-6606: guanosine nucleotides degradation II|unclassified	314.8370537984
PWY-6606: guanosine nucleotides degradation II|g__Candidatus_Cloacimonas.s__Candidatus_Cloacimonas_acidaminovorans	157.8224344161
PWY-7238: sucrose biosynthesis II	507.2600292908
PWY-7238: sucrose biosynthesis II|unclassified	374.2928126460
PWY-7238: sucrose biosynthesis II|g__Candidatus_Cloacimonas.s__Candidatus_Cloacimonas_acidaminovorans	119.6563183639
PWY-5659: GDP-mannose biosynthesis	506.5556913295
PWY-5659: GDP-mannose biosynthesis|unclassified	262.9611996167
PWY-5130: 2-oxobutanoate degradation I	504.5656433514
PWY66-409: superpathway of purine nucleotide salvage	494.9048929409
PWY-6385: peptidoglycan biosynthesis III (mycobacteria)	475.2717029972
PWY-5136: fatty acid &beta;-oxidation II (plant peroxisome)	473.7016458043
PWY-5136: fatty acid &beta;-oxidation II (plant peroxisome)|unclassified	473.7016458043
PWY-6588: pyruvate fermentation to acetone	470.7426483441
PWY-5941: glycogen degradation II	468.2198172630
PWY-5941: glycogen degradation II|unclassified	362.7620198675
PWY-5100: pyruvate fermentation to acetate and lactate II	460.5711744065
PWY-5100: pyruvate fermentation to acetate and lactate II|unclassified	144.1971397883
GLYCOLYSIS: glycolysis I (from glucose 6-phosphate)	457.5047703453
PWY-724: superpathway of L-lysine, L-threonine and L-methionine biosynthesis II	415.7595103872
PWY-7199: pyrimidine deoxyribonucleosides salvage	408.5132349091
PWY-7199: pyrimidine deoxyribonucleosides salvage|unclassified	44.4780399551
ARGININE-SYN4-PWY: L-ornithine biosynthesis II	407.1561641458
P164-PWY: purine nucleobases degradation I (anaerobic)	406.9099795783
P164-PWY: purine nucleobases degradation I (anaerobic)|unclassified	160.7333150733
PWY-7237: myo-, chiro- and scyllo-inositol degradation	391.4189481822
PWY-7237: myo-, chiro- and scyllo-inositol degradation|unclassified	108.1450802700
PWY-6590: superpathway of Clostridium acetobutylicum acidogenic fermentation	390.5534150965
GLYCOGENSYNTH-PWY: glycogen biosynthesis I (from ADP-D-Glucose)	385.9642200154
GLYCOGENSYNTH-PWY: glycogen biosynthesis I (from ADP-D-Glucose)|unclassified	385.9642200154
PWY-8178: pentose phosphate pathway (non-oxidative branch) II	378.1947016995
PWY-8178: pentose phosphate pathway (non-oxidative branch) II|g__Candidatus_Cloacimonas.s__Candidatus_Cloacimonas_acidaminovorans	145.1462698971
PWY-8178: pentose phosphate pathway (non-oxidative branch) II|unclassified	90.7135240426
CALVIN-PWY: Calvin-Benson-Bassham cycle	375.2744059463
CALVIN-PWY: Calvin-Benson-Bassham cycle|unclassified	253.8147761868
PWY-6123: inosine-5'-phosphate biosynthesis I	364.7104252293
PWY-6123: inosine-5'-phosphate biosynthesis I|g__Candidatus_Cloacimonas.s__Candidatus_Cloacimonas_acidaminovorans	100.1016743259
PWY-6124: inosine-5'-phosphate biosynthesis II	358.6848407941
PWY-6124: inosine-5'-phosphate biosynthesis II|g__Oenococcus.s__Oenococcus_oeni	226.5393432893
PWY-6124: inosine-5'-phosphate biosynthesis II|g__Candidatus_Cloacimonas.s__Candidatus_Cloacimonas_acidaminovorans	87.0663563500
CENTFERM-PWY: pyruvate fermentation to butanoate	352.1627736006
THRESYN-PWY: superpathway of L-threonine biosynthesis	350.3263084492
THRESYN-PWY: superpathway of L-threonine biosynthesis|unclassified	107.0355615593
PENTOSE-P-PWY: pentose phosphate pathway	349.7003116832
PWY-6527: stachyose degradation	348.7939592204
PWY-6527: stachyose degradation|g__Oenococcus.s__Oenococcus_oeni	214.3047659368
PWY0-1296: purine ribonucleosides degradation	345.9299135267
PWY0-1296: purine ribonucleosides degradation|unclassified	202.2000243972
PWY-1861: formaldehyde assimilation II (assimilatory RuMP Cycle)	289.9639624440
PWY-1861: formaldehyde assimilation II (assimilatory RuMP Cycle)|unclassified	73.0148090494
PWY0-1298: superpathway of pyrimidine deoxyribonucleosides degradation	287.2326536363
NONOXIPENT-PWY: pentose phosphate pathway (non-oxidative branch) I	269.6960207614
NONOXIPENT-PWY: pentose phosphate pathway (non-oxidative branch) I|g__Candidatus_Cloacimonas.s__Candidatus_Cloacimonas_acidaminovorans	102.4860056969
NONOXIPENT-PWY: pentose phosphate pathway (non-oxidative branch) I|unclassified	73.2973799214
PWY-5484: glycolysis II (from fructose 6-phosphate)	267.4704642273
PWY66-399: gluconeogenesis III	256.3902440262
PWY66-399: gluconeogenesis III|unclassified	166.0093653936
DAPLYSINESYN-PWY: L-lysine biosynthesis I	241.2283411468
DAPLYSINESYN-PWY: L-lysine biosynthesis I|g__Candidatus_Cloacimonas.s__Candidatus_Cloacimonas_acidaminovorans	72.7431792610
PWY-5209: methyl-coenzyme M oxidation to CO2	239.5196007760
PWY-5209: methyl-coenzyme M oxidation to CO2|unclassified	125.9733870211
PWY-5209: methyl-coenzyme M oxidation to CO2|g__Methanospirillum.s__Methanospirillum_hungatei	89.2767854091
PWY-6309: L-tryptophan degradation XI (mammalian, via kynurenine)	225.1320835244
PWY-6309: L-tryptophan degradation XI (mammalian, via kynurenine)|g__Candidatus_Cloacimonas.s__Candidatus_Cloacimonas_acidaminovorans	225.1320835244
PWY-5497: purine nucleobases degradation II (anaerobic)	208.0319222577
PWY-6147: 6-hydroxymethyl-dihydropterin diphosphate biosynthesis I	207.0522645413
PWY-6147: 6-hydroxymethyl-dihydropterin diphosphate biosynthesis I|g__Candidatus_Cloacimonas.s__Candidatus_Cloacimonas_acidaminovorans	105.0612221230
PWY-6147: 6-hydroxymethyl-dihydropterin diphosphate biosynthesis I|unclassified	51.4657335995
PWY-6160: 3-dehydroquinate biosynthesis II (archaea)	197.2805222905
PWY-6160: 3-dehydroquinate biosynthesis II (archaea)|unclassified	121.5171438827
GLYCOCAT-PWY: glycogen degradation I	190.8944018492
GLYCOCAT-PWY: glycogen degradation I|unclassified	98.7659611713
COA-PWY-1: superpathway of coenzyme A biosynthesis III (mammals)	187.9523453416
COLANSYN-PWY: colanic acid building blocks biosynthesis	187.2545992434
PWY-6823: molybdopterin biosynthesis	166.8953476603
PWY-6823: molybdopterin biosynthesis|unclassified	126.5930509981
P42-PWY: incomplete reductive TCA cycle	163.4051999986
PWY-6703: preQ0 biosynthesis	162.6396206918
PWY-6703: preQ0 biosynthesis|g__Candidatus_Cloacimonas.s__Candidatus_Cloacimonas_acidaminovorans	99.2540361738
PWY-5686: UMP biosynthesis I	154.1743717941
PWY-7790: UMP biosynthesis II	154.1743717941
PWY-7791: UMP biosynthesis III	154.1743717941
VALSYN-PWY: L-valine biosynthesis	148.1078008234
VALSYN-PWY: L-valine biosynthesis|unclassified	103.1333879042
1CMET2-PWY: folate transformations III (E. coli)	147.8508434786
PWY-7383: anaerobic energy metabolism (invertebrates, cytosol)	146.7551008542
PWY-7383: anaerobic energy metabolism (invertebrates, cytosol)|unclassified	86.9208784056
P163-PWY: L-lysine fermentation to acetate and butanoate	139.3268924458
PWY-6151: S-adenosyl-L-methionine salvage I	137.1193744461
PWY-6151: S-adenosyl-L-methionine salvage I|g__Oenococcus.s__Oenococcus_oeni	135.9991490377
PWY0-1061: superpathway of L-alanine biosynthesis	133.1567206781
PWY-5030: L-histidine degradation III	133.0564465433
PWY-5030: L-histidine degradation III|g__Candidatus_Cloacimonas.s__Candidatus_Cloacimonas_acidaminovorans	68.3206444786
NAGLIPASYN-PWY: lipid IVA biosynthesis (E. coli)	130.1250667067
NAGLIPASYN-PWY: lipid IVA biosynthesis (E. coli)|g__Candidatus_Cloacimonas.s__Candidatus_Cloacimonas_acidaminovorans	112.6854053094
PWY-8073: lipid IVA biosynthesis (P. putida)	130.1250667067
PWY-8073: lipid IVA biosynthesis (P. putida)|g__Candidatus_Cloacimonas.s__Candidatus_Cloacimonas_acidaminovorans	112.6854053094
PWY-7200: superpathway of pyrimidine deoxyribonucleoside salvage	127.3508613268
PWY-1269: CMP-3-deoxy-D-manno-octulosonate biosynthesis	123.2872209930
PWY-1269: CMP-3-deoxy-D-manno-octulosonate biosynthesis|g__Candidatus_Cloacimonas.s__Candidatus_Cloacimonas_acidaminovorans	116.3988141524
GLUCONEO-PWY: gluconeogenesis I	113.6501587961
PWY-7953: UDP-N-acetylmuramoyl-pentapeptide biosynthesis III (meso-diaminopimelate containing)	101.9031819903
PWY-7115: C4 photosynthetic carbon assimilation cycle, NAD-ME type	97.0010135533
PWY-7115: C4 photosynthetic carbon assimilation cycle, NAD-ME type|unclassified	68.5559094822
PWY-7977: L-methionine biosynthesis IV	90.2071170841
PWY-7977: L-methionine biosynthesis IV|unclassified	77.1274317409
PWY-7117: C4 photosynthetic carbon assimilation cycle, PEPCK type	82.8570626115
HISDEG-PWY: L-histidine degradation I	80.2238046323
NONMEVIPP-PWY: methylerythritol phosphate pathway I	77.9615873374
TRPSYN-PWY: L-tryptophan biosynthesis	69.6604536291
PWY-6122: 5-aminoimidazole ribonucleotide biosynthesis II	63.0648413456
PWY-6122: 5-aminoimidazole ribonucleotide biosynthesis II|g__Candidatus_Cloacimonas.s__Candidatus_Cloacimonas_acidaminovorans	60.9090820053
PWY-6277: superpathway of 5-aminoimidazole ribonucleotide biosynthesis	63.0648413456
PWY-6277: superpathway of 5-aminoimidazole ribonucleotide biosynthesis|g__Candidatus_Cloacimonas.s__Candidatus_Cloacimonas_acidaminovorans	60.9090820053
PWY-621: sucrose degradation III (sucrose invertase)	37.4750734641
PWY-621: sucrose degradation III (sucrose invertase)|unclassified	32.5664386848
PWY-241: C4 photosynthetic carbon assimilation cycle, NADP-ME type	35.7242732995
PWY-7560: methylerythritol phosphate pathway II	32.6206167576