# Pathway	P21158_94_S15_Abundance
UNMAPPED	0.531949
UNINTEGRATED	0.463494
UNINTEGRATED|unclassified	0.64541
UNINTEGRATED|g__Oenococcus.s__Oenococcus_oeni	0.0438607
UNINTEGRATED|g__Candidatus_Cloacimonas.s__Candidatus_Cloacimonas_acidaminovorans	0.00948683
UNINTEGRATED|g__Methanospirillum.s__Methanospirillum_hungatei	0.000526744
UNINTEGRATED|g__Alistipes.s__Alistipes_finegoldii	7.74282e-05
DTDPRHAMSYN-PWY: dTDP-&beta;-L-rhamnose biosynthesis	0.00082634
DTDPRHAMSYN-PWY: dTDP-&beta;-L-rhamnose biosynthesis|g__Oenococcus.s__Oenococcus_oeni	0.000795208
DTDPRHAMSYN-PWY: dTDP-&beta;-L-rhamnose biosynthesis|unclassified	9.05881e-06
DTDPRHAMSYN-PWY: dTDP-&beta;-L-rhamnose biosynthesis|g__Alistipes.s__Alistipes_finegoldii	1.58565e-06
PWY66-429: fatty acid biosynthesis initiation (mitochondria)	0.000224103
PWY66-429: fatty acid biosynthesis initiation (mitochondria)|g__Oenococcus.s__Oenococcus_oeni	0.000204307
PWY66-429: fatty acid biosynthesis initiation (mitochondria)|unclassified	5.38441e-06
SER-GLYSYN-PWY: superpathway of L-serine and glycine biosynthesis I	0.000148242
SER-GLYSYN-PWY: superpathway of L-serine and glycine biosynthesis I|g__Candidatus_Cloacimonas.s__Candidatus_Cloacimonas_acidaminovorans	3.21707e-05
SER-GLYSYN-PWY: superpathway of L-serine and glycine biosynthesis I|unclassified	2.52854e-05
PWY-6609: adenine and adenosine salvage III	0.00011341
PWY-6609: adenine and adenosine salvage III|g__Candidatus_Cloacimonas.s__Candidatus_Cloacimonas_acidaminovorans	3.28215e-05
PWY-6609: adenine and adenosine salvage III|unclassified	2.09062e-05
PWY-7229: superpathway of adenosine nucleotides de novo biosynthesis I	0.000101973
PWY-6126: superpathway of adenosine nucleotides de novo biosynthesis II	8.6135e-05
PWY-5695: inosine 5'-phosphate degradation	8.52333e-05
PWY-5695: inosine 5'-phosphate degradation|unclassified	2.8009e-05
PWY-5695: inosine 5'-phosphate degradation|g__Candidatus_Cloacimonas.s__Candidatus_Cloacimonas_acidaminovorans	2.68651e-05
PWY-5384: sucrose degradation IV (sucrose phosphorylase)	7.81352e-05
PWY-5384: sucrose degradation IV (sucrose phosphorylase)|unclassified	2.70316e-06
METH-ACETATE-PWY: methanogenesis from acetate	7.33048e-05
METH-ACETATE-PWY: methanogenesis from acetate|unclassified	3.32742e-05
PWY-3841: folate transformations II (plants)	7.26459e-05
PWY-3841: folate transformations II (plants)|g__Oenococcus.s__Oenococcus_oeni	4.85354e-05
PWY-7221: guanosine ribonucleotides de novo biosynthesis	7.09185e-05
PWY-7221: guanosine ribonucleotides de novo biosynthesis|g__Oenococcus.s__Oenococcus_oeni	2.01724e-05
PWY-7221: guanosine ribonucleotides de novo biosynthesis|g__Candidatus_Cloacimonas.s__Candidatus_Cloacimonas_acidaminovorans	7.00343e-06
PWY-7221: guanosine ribonucleotides de novo biosynthesis|unclassified	2.79777e-06
SALVADEHYPOX-PWY: adenosine nucleotides degradation II	6.89671e-05
SALVADEHYPOX-PWY: adenosine nucleotides degradation II|unclassified	2.55563e-05
SALVADEHYPOX-PWY: adenosine nucleotides degradation II|g__Candidatus_Cloacimonas.s__Candidatus_Cloacimonas_acidaminovorans	2.49e-05
PEPTIDOGLYCANSYN-PWY: peptidoglycan biosynthesis I (meso-diaminopimelate containing)	6.64902e-05
PEPTIDOGLYCANSYN-PWY: peptidoglycan biosynthesis I (meso-diaminopimelate containing)|g__Oenococcus.s__Oenococcus_oeni	4.62039e-05
PWY-7228: superpathway of guanosine nucleotides de novo biosynthesis I	6.5981e-05
PWY-7228: superpathway of guanosine nucleotides de novo biosynthesis I|g__Candidatus_Cloacimonas.s__Candidatus_Cloacimonas_acidaminovorans	5.18571e-06
PWY-7228: superpathway of guanosine nucleotides de novo biosynthesis I|unclassified	3.50126e-06
PWY-6608: guanosine nucleotides degradation III	6.49847e-05
PWY-6608: guanosine nucleotides degradation III|g__Candidatus_Cloacimonas.s__Candidatus_Cloacimonas_acidaminovorans	2.68651e-05
PWY-6608: guanosine nucleotides degradation III|unclassified	2.21571e-05
PWY-8187: L-arginine degradation XIII (reductive Stickland reaction)	6.36377e-05
PWY-8187: L-arginine degradation XIII (reductive Stickland reaction)|unclassified	3.80313e-05
PWY-6125: superpathway of guanosine nucleotides de novo biosynthesis II	6.17481e-05
PWY-6125: superpathway of guanosine nucleotides de novo biosynthesis II|g__Candidatus_Cloacimonas.s__Candidatus_Cloacimonas_acidaminovorans	4.67408e-06
PWY-7220: adenosine deoxyribonucleotides de novo biosynthesis II	6.08116e-05
PWY-7220: adenosine deoxyribonucleotides de novo biosynthesis II|unclassified	5.57182e-06
PWY-7220: adenosine deoxyribonucleotides de novo biosynthesis II|g__Candidatus_Cloacimonas.s__Candidatus_Cloacimonas_acidaminovorans	3.79682e-06
PWY-7222: guanosine deoxyribonucleotides de novo biosynthesis II	6.08116e-05
PWY-7222: guanosine deoxyribonucleotides de novo biosynthesis II|unclassified	5.57182e-06
PWY-7222: guanosine deoxyribonucleotides de novo biosynthesis II|g__Candidatus_Cloacimonas.s__Candidatus_Cloacimonas_acidaminovorans	3.79682e-06
TRNA-CHARGING-PWY: tRNA charging	5.94328e-05
TRNA-CHARGING-PWY: tRNA charging|g__Candidatus_Cloacimonas.s__Candidatus_Cloacimonas_acidaminovorans	5.68296e-06
PWY-6387: UDP-N-acetylmuramoyl-pentapeptide biosynthesis I (meso-diaminopimelate containing)	5.81026e-05
PWY-6387: UDP-N-acetylmuramoyl-pentapeptide biosynthesis I (meso-diaminopimelate containing)|g__Oenococcus.s__Oenococcus_oeni	3.98625e-05
COA-PWY: coenzyme A biosynthesis I (prokaryotic)	5.77787e-05
COA-PWY: coenzyme A biosynthesis I (prokaryotic)|g__Oenococcus.s__Oenococcus_oeni	3.22553e-05
COA-PWY: coenzyme A biosynthesis I (prokaryotic)|g__Candidatus_Cloacimonas.s__Candidatus_Cloacimonas_acidaminovorans	1.53888e-05
COA-PWY: coenzyme A biosynthesis I (prokaryotic)|unclassified	1.03319e-05
PWY-7851: coenzyme A biosynthesis II (eukaryotic)	5.77787e-05
PWY-7851: coenzyme A biosynthesis II (eukaryotic)|g__Oenococcus.s__Oenococcus_oeni	3.22553e-05
PWY-6386: UDP-N-acetylmuramoyl-pentapeptide biosynthesis II (lysine-containing)	5.7515e-05
PWY-6386: UDP-N-acetylmuramoyl-pentapeptide biosynthesis II (lysine-containing)|g__Oenococcus.s__Oenococcus_oeni	4.0598e-05
PWY0-1477: ethanolamine utilization	5.68267e-05
PWY0-1477: ethanolamine utilization|unclassified	3.26121e-05
PWY-7208: superpathway of pyrimidine nucleobases salvage	5.67345e-05
PWY-7208: superpathway of pyrimidine nucleobases salvage|unclassified	6.08096e-06
PWY-7208: superpathway of pyrimidine nucleobases salvage|g__Candidatus_Cloacimonas.s__Candidatus_Cloacimonas_acidaminovorans	4.20206e-06
PWY-6353: purine nucleotides degradation II (aerobic)	5.33254e-05
PWY-6353: purine nucleotides degradation II (aerobic)|unclassified	2.22901e-05
PWY-6353: purine nucleotides degradation II (aerobic)|g__Candidatus_Cloacimonas.s__Candidatus_Cloacimonas_acidaminovorans	1.70745e-05
PWY-7197: pyrimidine deoxyribonucleotide phosphorylation	5.29895e-05
PWY-7197: pyrimidine deoxyribonucleotide phosphorylation|unclassified	1.61906e-05
PWY-7197: pyrimidine deoxyribonucleotide phosphorylation|g__Candidatus_Cloacimonas.s__Candidatus_Cloacimonas_acidaminovorans	3.5751e-06
CITRULBIO-PWY: L-citrulline biosynthesis	4.98073e-05
OANTIGEN-PWY: O-antigen building blocks biosynthesis (E. coli)	4.75544e-05
ANAGLYCOLYSIS-PWY: glycolysis III (from glucose)	4.61708e-05
ANAGLYCOLYSIS-PWY: glycolysis III (from glucose)|unclassified	1.54483e-05
UDPNAGSYN-PWY: UDP-N-acetyl-D-glucosamine biosynthesis I	4.61635e-05
UDPNAGSYN-PWY: UDP-N-acetyl-D-glucosamine biosynthesis I|g__Candidatus_Cloacimonas.s__Candidatus_Cloacimonas_acidaminovorans	9.93451e-06
PWY-6317: D-galactose degradation I (Leloir pathway)	4.60658e-05
PWY-1042: glycolysis IV	4.38908e-05
PWY-1042: glycolysis IV|g__Candidatus_Cloacimonas.s__Candidatus_Cloacimonas_acidaminovorans	2.07373e-05
PWY-1042: glycolysis IV|unclassified	1.79636e-05
PWY-2941: L-lysine biosynthesis II	4.30822e-05
PWY-7328: superpathway of UDP-glucose-derived O-antigen building blocks biosynthesis	4.14916e-05
PWY-5097: L-lysine biosynthesis VI	3.67582e-05
PWY-5097: L-lysine biosynthesis VI|g__Candidatus_Cloacimonas.s__Candidatus_Cloacimonas_acidaminovorans	4.57675e-06
PWY-5097: L-lysine biosynthesis VI|unclassified	3.58718e-06
PWY-6606: guanosine nucleotides degradation II	3.6064e-05
PWY-6606: guanosine nucleotides degradation II|unclassified	2.1885e-05
PWY-6606: guanosine nucleotides degradation II|g__Candidatus_Cloacimonas.s__Candidatus_Cloacimonas_acidaminovorans	1.09706e-05
PWY-7238: sucrose biosynthesis II	3.52608e-05
PWY-7238: sucrose biosynthesis II|unclassified	2.6018e-05
PWY-7238: sucrose biosynthesis II|g__Candidatus_Cloacimonas.s__Candidatus_Cloacimonas_acidaminovorans	8.31759e-06
PWY-5659: GDP-mannose biosynthesis	3.52118e-05
PWY-5659: GDP-mannose biosynthesis|unclassified	1.8279e-05
PWY-5130: 2-oxobutanoate degradation I	3.50735e-05
PWY66-409: superpathway of purine nucleotide salvage	3.4402e-05
PWY-6385: peptidoglycan biosynthesis III (mycobacteria)	3.30372e-05
PWY-5136: fatty acid &beta;-oxidation II (plant peroxisome)	3.29281e-05
PWY-5136: fatty acid &beta;-oxidation II (plant peroxisome)|unclassified	3.29281e-05
PWY-6588: pyruvate fermentation to acetone	3.27224e-05
PWY-5941: glycogen degradation II	3.2547e-05
PWY-5941: glycogen degradation II|unclassified	2.52164e-05
PWY-5100: pyruvate fermentation to acetate and lactate II	3.20154e-05
PWY-5100: pyruvate fermentation to acetate and lactate II|unclassified	1.00235e-05
GLYCOLYSIS: glycolysis I (from glucose 6-phosphate)	3.18022e-05
PWY-724: superpathway of L-lysine, L-threonine and L-methionine biosynthesis II	2.89004e-05
PWY-7199: pyrimidine deoxyribonucleosides salvage	2.83967e-05
PWY-7199: pyrimidine deoxyribonucleosides salvage|unclassified	3.09177e-06
ARGININE-SYN4-PWY: L-ornithine biosynthesis II	2.83024e-05
P164-PWY: purine nucleobases degradation I (anaerobic)	2.82852e-05
P164-PWY: purine nucleobases degradation I (anaerobic)|unclassified	1.11729e-05
PWY-7237: myo-, chiro- and scyllo-inositol degradation	2.72084e-05
PWY-7237: myo-, chiro- and scyllo-inositol degradation|unclassified	7.51741e-06
PWY-6590: superpathway of Clostridium acetobutylicum acidogenic fermentation	2.71483e-05
GLYCOGENSYNTH-PWY: glycogen biosynthesis I (from ADP-D-Glucose)	2.68293e-05
GLYCOGENSYNTH-PWY: glycogen biosynthesis I (from ADP-D-Glucose)|unclassified	2.68293e-05
PWY-8178: pentose phosphate pathway (non-oxidative branch) II	2.62892e-05
PWY-8178: pentose phosphate pathway (non-oxidative branch) II|g__Candidatus_Cloacimonas.s__Candidatus_Cloacimonas_acidaminovorans	1.00895e-05
PWY-8178: pentose phosphate pathway (non-oxidative branch) II|unclassified	6.30571e-06
CALVIN-PWY: Calvin-Benson-Bassham cycle	2.60862e-05
CALVIN-PWY: Calvin-Benson-Bassham cycle|unclassified	1.76432e-05
PWY-6123: inosine-5'-phosphate biosynthesis I	2.53519e-05
PWY-6123: inosine-5'-phosphate biosynthesis I|g__Candidatus_Cloacimonas.s__Candidatus_Cloacimonas_acidaminovorans	6.9583e-06
PWY-6124: inosine-5'-phosphate biosynthesis II	2.4933e-05
PWY-6124: inosine-5'-phosphate biosynthesis II|g__Oenococcus.s__Oenococcus_oeni	1.57473e-05
PWY-6124: inosine-5'-phosphate biosynthesis II|g__Candidatus_Cloacimonas.s__Candidatus_Cloacimonas_acidaminovorans	6.05218e-06
CENTFERM-PWY: pyruvate fermentation to butanoate	2.44796e-05
THRESYN-PWY: superpathway of L-threonine biosynthesis	2.4352e-05
THRESYN-PWY: superpathway of L-threonine biosynthesis|unclassified	7.44029e-06
PENTOSE-P-PWY: pentose phosphate pathway	2.43085e-05
PWY-6527: stachyose degradation	2.42455e-05
PWY-6527: stachyose degradation|g__Oenococcus.s__Oenococcus_oeni	1.48968e-05
PWY0-1296: purine ribonucleosides degradation	2.40464e-05
PWY0-1296: purine ribonucleosides degradation|unclassified	1.40554e-05
PWY-1861: formaldehyde assimilation II (assimilatory RuMP Cycle)	2.01561e-05
PWY-1861: formaldehyde assimilation II (assimilatory RuMP Cycle)|unclassified	5.07543e-06
PWY0-1298: superpathway of pyrimidine deoxyribonucleosides degradation	1.99662e-05
NONOXIPENT-PWY: pentose phosphate pathway (non-oxidative branch) I	1.87472e-05
NONOXIPENT-PWY: pentose phosphate pathway (non-oxidative branch) I|g__Candidatus_Cloacimonas.s__Candidatus_Cloacimonas_acidaminovorans	7.12404e-06
NONOXIPENT-PWY: pentose phosphate pathway (non-oxidative branch) I|unclassified	5.09507e-06
PWY-5484: glycolysis II (from fructose 6-phosphate)	1.85925e-05
PWY66-399: gluconeogenesis III	1.78223e-05
PWY66-399: gluconeogenesis III|unclassified	1.15397e-05
DAPLYSINESYN-PWY: L-lysine biosynthesis I	1.67683e-05
DAPLYSINESYN-PWY: L-lysine biosynthesis I|g__Candidatus_Cloacimonas.s__Candidatus_Cloacimonas_acidaminovorans	5.05655e-06
PWY-5209: methyl-coenzyme M oxidation to CO2	1.66496e-05
PWY-5209: methyl-coenzyme M oxidation to CO2|unclassified	8.7567e-06
PWY-5209: methyl-coenzyme M oxidation to CO2|g__Methanospirillum.s__Methanospirillum_hungatei	6.20583e-06
PWY-6309: L-tryptophan degradation XI (mammalian, via kynurenine)	1.56494e-05
PWY-6309: L-tryptophan degradation XI (mammalian, via kynurenine)|g__Candidatus_Cloacimonas.s__Candidatus_Cloacimonas_acidaminovorans	1.56494e-05
PWY-5497: purine nucleobases degradation II (anaerobic)	1.44608e-05
PWY-6147: 6-hydroxymethyl-dihydropterin diphosphate biosynthesis I	1.43927e-05
PWY-6147: 6-hydroxymethyl-dihydropterin diphosphate biosynthesis I|g__Candidatus_Cloacimonas.s__Candidatus_Cloacimonas_acidaminovorans	7.30305e-06
PWY-6147: 6-hydroxymethyl-dihydropterin diphosphate biosynthesis I|unclassified	3.5775e-06
PWY-6160: 3-dehydroquinate biosynthesis II (archaea)	1.37134e-05
PWY-6160: 3-dehydroquinate biosynthesis II (archaea)|unclassified	8.44694e-06
GLYCOCAT-PWY: glycogen degradation I	1.32695e-05
GLYCOCAT-PWY: glycogen degradation I|unclassified	6.86545e-06
COA-PWY-1: superpathway of coenzyme A biosynthesis III (mammals)	1.3065e-05
COLANSYN-PWY: colanic acid building blocks biosynthesis	1.30165e-05
PWY-6823: molybdopterin biosynthesis	1.16013e-05
PWY-6823: molybdopterin biosynthesis|unclassified	8.79977e-06
P42-PWY: incomplete reductive TCA cycle	1.13587e-05
PWY-6703: preQ0 biosynthesis	1.13055e-05
PWY-6703: preQ0 biosynthesis|g__Candidatus_Cloacimonas.s__Candidatus_Cloacimonas_acidaminovorans	6.89938e-06
PWY-5686: UMP biosynthesis I	1.0717e-05
PWY-7790: UMP biosynthesis II	1.0717e-05
PWY-7791: UMP biosynthesis III	1.0717e-05
VALSYN-PWY: L-valine biosynthesis	1.02953e-05
VALSYN-PWY: L-valine biosynthesis|unclassified	7.16904e-06
1CMET2-PWY: folate transformations III (E. coli)	1.02775e-05
PWY-7383: anaerobic energy metabolism (invertebrates, cytosol)	1.02013e-05
PWY-7383: anaerobic energy metabolism (invertebrates, cytosol)|unclassified	6.04207e-06
P163-PWY: L-lysine fermentation to acetate and butanoate	9.68493e-06
PWY-6151: S-adenosyl-L-methionine salvage I	9.53148e-06
PWY-6151: S-adenosyl-L-methionine salvage I|g__Oenococcus.s__Oenococcus_oeni	9.45361e-06
PWY0-1061: superpathway of L-alanine biosynthesis	9.25603e-06
PWY-5030: L-histidine degradation III	9.24906e-06
PWY-5030: L-histidine degradation III|g__Candidatus_Cloacimonas.s__Candidatus_Cloacimonas_acidaminovorans	4.74912e-06
NAGLIPASYN-PWY: lipid IVA biosynthesis (E. coli)	9.04529e-06
NAGLIPASYN-PWY: lipid IVA biosynthesis (E. coli)|g__Candidatus_Cloacimonas.s__Candidatus_Cloacimonas_acidaminovorans	7.83302e-06
PWY-8073: lipid IVA biosynthesis (P. putida)	9.04529e-06
PWY-8073: lipid IVA biosynthesis (P. putida)|g__Candidatus_Cloacimonas.s__Candidatus_Cloacimonas_acidaminovorans	7.83302e-06
PWY-7200: superpathway of pyrimidine deoxyribonucleoside salvage	8.85245e-06
PWY-1269: CMP-3-deoxy-D-manno-octulosonate biosynthesis	8.56998e-06
PWY-1269: CMP-3-deoxy-D-manno-octulosonate biosynthesis|g__Candidatus_Cloacimonas.s__Candidatus_Cloacimonas_acidaminovorans	8.09115e-06
GLUCONEO-PWY: gluconeogenesis I	7.90008e-06
PWY-7953: UDP-N-acetylmuramoyl-pentapeptide biosynthesis III (meso-diaminopimelate containing)	7.08352e-06
PWY-7115: C4 photosynthetic carbon assimilation cycle, NAD-ME type	6.74276e-06
PWY-7115: C4 photosynthetic carbon assimilation cycle, NAD-ME type|unclassified	4.76548e-06
PWY-7977: L-methionine biosynthesis IV	6.2705e-06
PWY-7977: L-methionine biosynthesis IV|unclassified	5.3613e-06
PWY-7117: C4 photosynthetic carbon assimilation cycle, PEPCK type	5.75958e-06
HISDEG-PWY: L-histidine degradation I	5.57654e-06
NONMEVIPP-PWY: methylerythritol phosphate pathway I	5.41929e-06
TRPSYN-PWY: L-tryptophan biosynthesis	4.84226e-06
PWY-6122: 5-aminoimidazole ribonucleotide biosynthesis II	4.38378e-06
PWY-6122: 5-aminoimidazole ribonucleotide biosynthesis II|g__Candidatus_Cloacimonas.s__Candidatus_Cloacimonas_acidaminovorans	4.23393e-06
PWY-6277: superpathway of 5-aminoimidazole ribonucleotide biosynthesis	4.38378e-06
PWY-6277: superpathway of 5-aminoimidazole ribonucleotide biosynthesis|g__Candidatus_Cloacimonas.s__Candidatus_Cloacimonas_acidaminovorans	4.23393e-06
PWY-621: sucrose degradation III (sucrose invertase)	2.60498e-06
PWY-621: sucrose degradation III (sucrose invertase)|unclassified	2.26377e-06
PWY-241: C4 photosynthetic carbon assimilation cycle, NADP-ME type	2.48328e-06
PWY-7560: methylerythritol phosphate pathway II	2.26753e-06
