# Pathway	P21158_94_S15_Coverage
UNMAPPED	1.0000000000
UNINTEGRATED	1.0000000000
UNINTEGRATED|g__Alistipes.s__Alistipes_finegoldii	1.0000000000
UNINTEGRATED|g__Candidatus_Cloacimonas.s__Candidatus_Cloacimonas_acidaminovorans	1.0000000000
UNINTEGRATED|g__Methanospirillum.s__Methanospirillum_hungatei	1.0000000000
UNINTEGRATED|g__Oenococcus.s__Oenococcus_oeni	1.0000000000
UNINTEGRATED|unclassified	1.0000000000
DTDPRHAMSYN-PWY: dTDP-&beta;-L-rhamnose biosynthesis	1.0000000000
DTDPRHAMSYN-PWY: dTDP-&beta;-L-rhamnose biosynthesis|g__Oenococcus.s__Oenococcus_oeni	1.0000000000
DTDPRHAMSYN-PWY: dTDP-&beta;-L-rhamnose biosynthesis|unclassified	0.0000000912
DTDPRHAMSYN-PWY: dTDP-&beta;-L-rhamnose biosynthesis|g__Alistipes.s__Alistipes_finegoldii	0.6531320592
PWY66-429: fatty acid biosynthesis initiation (mitochondria)	1.0000000000
PWY66-429: fatty acid biosynthesis initiation (mitochondria)|g__Oenococcus.s__Oenococcus_oeni	1.0000000000
PWY66-429: fatty acid biosynthesis initiation (mitochondria)|unclassified	0.0000000000
SER-GLYSYN-PWY: superpathway of L-serine and glycine biosynthesis I	1.0000000000
SER-GLYSYN-PWY: superpathway of L-serine and glycine biosynthesis I|g__Candidatus_Cloacimonas.s__Candidatus_Cloacimonas_acidaminovorans	1.0000000000
SER-GLYSYN-PWY: superpathway of L-serine and glycine biosynthesis I|unclassified	0.9954289868
PWY-6609: adenine and adenosine salvage III	1.0000000000
PWY-6609: adenine and adenosine salvage III|g__Candidatus_Cloacimonas.s__Candidatus_Cloacimonas_acidaminovorans	1.0000000000
PWY-6609: adenine and adenosine salvage III|unclassified	0.9985628998
PWY-7229: superpathway of adenosine nucleotides de novo biosynthesis I	0.8354801272
PWY-6126: superpathway of adenosine nucleotides de novo biosynthesis II	0.7476237268
PWY-5695: inosine 5'-phosphate degradation	1.0000000000
PWY-5695: inosine 5'-phosphate degradation|unclassified	0.9990414741
PWY-5695: inosine 5'-phosphate degradation|g__Candidatus_Cloacimonas.s__Candidatus_Cloacimonas_acidaminovorans	1.0000000000
PWY-5384: sucrose degradation IV (sucrose phosphorylase)	0.0000000000
PWY-5384: sucrose degradation IV (sucrose phosphorylase)|unclassified	0.0000000000
METH-ACETATE-PWY: methanogenesis from acetate	0.0000000000
METH-ACETATE-PWY: methanogenesis from acetate|unclassified	0.9999286017
PWY-3841: folate transformations II (plants)	0.0000000230
PWY-3841: folate transformations II (plants)|g__Oenococcus.s__Oenococcus_oeni	0.0000000000
PWY-7221: guanosine ribonucleotides de novo biosynthesis	1.0000000000
PWY-7221: guanosine ribonucleotides de novo biosynthesis|g__Oenococcus.s__Oenococcus_oeni	0.0000000000
PWY-7221: guanosine ribonucleotides de novo biosynthesis|g__Candidatus_Cloacimonas.s__Candidatus_Cloacimonas_acidaminovorans	0.0000046295
PWY-7221: guanosine ribonucleotides de novo biosynthesis|unclassified	0.0000000000
SALVADEHYPOX-PWY: adenosine nucleotides degradation II	0.9898975117
SALVADEHYPOX-PWY: adenosine nucleotides degradation II|unclassified	0.9976049157
SALVADEHYPOX-PWY: adenosine nucleotides degradation II|g__Candidatus_Cloacimonas.s__Candidatus_Cloacimonas_acidaminovorans	1.0000000000
PEPTIDOGLYCANSYN-PWY: peptidoglycan biosynthesis I (meso-diaminopimelate containing)	0.0000109760
PEPTIDOGLYCANSYN-PWY: peptidoglycan biosynthesis I (meso-diaminopimelate containing)|g__Oenococcus.s__Oenococcus_oeni	0.0000000000
PWY-7228: superpathway of guanosine nucleotides de novo biosynthesis I	0.7174460021
PWY-7228: superpathway of guanosine nucleotides de novo biosynthesis I|g__Candidatus_Cloacimonas.s__Candidatus_Cloacimonas_acidaminovorans	0.0000000000
PWY-7228: superpathway of guanosine nucleotides de novo biosynthesis I|unclassified	0.0000000000
PWY-6608: guanosine nucleotides degradation III	0.9874037032
PWY-6608: guanosine nucleotides degradation III|g__Candidatus_Cloacimonas.s__Candidatus_Cloacimonas_acidaminovorans	1.0000000000
PWY-6608: guanosine nucleotides degradation III|unclassified	0.9977609818
PWY-8187: L-arginine degradation XIII (reductive Stickland reaction)	0.9999968711
PWY-8187: L-arginine degradation XIII (reductive Stickland reaction)|unclassified	1.0000000000
PWY-6125: superpathway of guanosine nucleotides de novo biosynthesis II	0.6638533142
PWY-6125: superpathway of guanosine nucleotides de novo biosynthesis II|g__Candidatus_Cloacimonas.s__Candidatus_Cloacimonas_acidaminovorans	0.0000000000
PWY-7220: adenosine deoxyribonucleotides de novo biosynthesis II	0.5593885352
PWY-7220: adenosine deoxyribonucleotides de novo biosynthesis II|unclassified	0.0000000000
PWY-7220: adenosine deoxyribonucleotides de novo biosynthesis II|g__Candidatus_Cloacimonas.s__Candidatus_Cloacimonas_acidaminovorans	0.0000000000
PWY-7222: guanosine deoxyribonucleotides de novo biosynthesis II	0.5593885352
PWY-7222: guanosine deoxyribonucleotides de novo biosynthesis II|unclassified	0.0000000000
PWY-7222: guanosine deoxyribonucleotides de novo biosynthesis II|g__Candidatus_Cloacimonas.s__Candidatus_Cloacimonas_acidaminovorans	0.0000000000
TRNA-CHARGING-PWY: tRNA charging	0.0000000000
TRNA-CHARGING-PWY: tRNA charging|g__Candidatus_Cloacimonas.s__Candidatus_Cloacimonas_acidaminovorans	0.0000000000
PWY-6387: UDP-N-acetylmuramoyl-pentapeptide biosynthesis I (meso-diaminopimelate containing)	0.0000087808
PWY-6387: UDP-N-acetylmuramoyl-pentapeptide biosynthesis I (meso-diaminopimelate containing)|g__Oenococcus.s__Oenococcus_oeni	0.0000000000
COA-PWY: coenzyme A biosynthesis I (prokaryotic)	0.9799146019
COA-PWY: coenzyme A biosynthesis I (prokaryotic)|g__Oenococcus.s__Oenococcus_oeni	0.0000000000
COA-PWY: coenzyme A biosynthesis I (prokaryotic)|g__Candidatus_Cloacimonas.s__Candidatus_Cloacimonas_acidaminovorans	0.9999406431
COA-PWY: coenzyme A biosynthesis I (prokaryotic)|unclassified	0.0028577039
PWY-7851: coenzyme A biosynthesis II (eukaryotic)	0.9799146019
PWY-7851: coenzyme A biosynthesis II (eukaryotic)|g__Oenococcus.s__Oenococcus_oeni	0.0000000000
PWY-6386: UDP-N-acetylmuramoyl-pentapeptide biosynthesis II (lysine-containing)	0.0000105369
PWY-6386: UDP-N-acetylmuramoyl-pentapeptide biosynthesis II (lysine-containing)|g__Oenococcus.s__Oenococcus_oeni	0.0000000000
PWY0-1477: ethanolamine utilization	0.0000000000
PWY0-1477: ethanolamine utilization|unclassified	0.9938159702
PWY-7208: superpathway of pyrimidine nucleobases salvage	0.6286017670
PWY-7208: superpathway of pyrimidine nucleobases salvage|unclassified	0.0000000000
PWY-7208: superpathway of pyrimidine nucleobases salvage|g__Candidatus_Cloacimonas.s__Candidatus_Cloacimonas_acidaminovorans	0.0000000000
PWY-6353: purine nucleotides degradation II (aerobic)	0.0000000000
PWY-6353: purine nucleotides degradation II (aerobic)|unclassified	0.9973293446
PWY-6353: purine nucleotides degradation II (aerobic)|g__Candidatus_Cloacimonas.s__Candidatus_Cloacimonas_acidaminovorans	0.1227991793
PWY-7197: pyrimidine deoxyribonucleotide phosphorylation	0.5301876884
PWY-7197: pyrimidine deoxyribonucleotide phosphorylation|unclassified	0.0123294154
PWY-7197: pyrimidine deoxyribonucleotide phosphorylation|g__Candidatus_Cloacimonas.s__Candidatus_Cloacimonas_acidaminovorans	0.0000000000
CITRULBIO-PWY: L-citrulline biosynthesis	0.0000000000
OANTIGEN-PWY: O-antigen building blocks biosynthesis (E. coli)	0.0000000000
ANAGLYCOLYSIS-PWY: glycolysis III (from glucose)	0.0000000000
ANAGLYCOLYSIS-PWY: glycolysis III (from glucose)|unclassified	0.0000000000
UDPNAGSYN-PWY: UDP-N-acetyl-D-glucosamine biosynthesis I	0.0000000000
UDPNAGSYN-PWY: UDP-N-acetyl-D-glucosamine biosynthesis I|g__Candidatus_Cloacimonas.s__Candidatus_Cloacimonas_acidaminovorans	0.0367000460
PWY-6317: D-galactose degradation I (Leloir pathway)	0.0000000001
PWY-1042: glycolysis IV	0.0000000004
PWY-1042: glycolysis IV|g__Candidatus_Cloacimonas.s__Candidatus_Cloacimonas_acidaminovorans	0.9867501454
PWY-1042: glycolysis IV|unclassified	0.0014394549
PWY-2941: L-lysine biosynthesis II	0.0000000000
PWY-7328: superpathway of UDP-glucose-derived O-antigen building blocks biosynthesis	0.0000000000
PWY-5097: L-lysine biosynthesis VI	0.0000000000
PWY-5097: L-lysine biosynthesis VI|g__Candidatus_Cloacimonas.s__Candidatus_Cloacimonas_acidaminovorans	0.0000000000
PWY-5097: L-lysine biosynthesis VI|unclassified	0.0000000000
PWY-6606: guanosine nucleotides degradation II	0.0000000000
PWY-6606: guanosine nucleotides degradation II|unclassified	0.9966080641
PWY-6606: guanosine nucleotides degradation II|g__Candidatus_Cloacimonas.s__Candidatus_Cloacimonas_acidaminovorans	0.0518977357
PWY-7238: sucrose biosynthesis II	0.0000007980
PWY-7238: sucrose biosynthesis II|unclassified	1.0000000000
PWY-7238: sucrose biosynthesis II|g__Candidatus_Cloacimonas.s__Candidatus_Cloacimonas_acidaminovorans	0.0045789160
PWY-5659: GDP-mannose biosynthesis	0.0000000000
PWY-5659: GDP-mannose biosynthesis|unclassified	0.2444869844
PWY-5130: 2-oxobutanoate degradation I	0.0000000000
PWY66-409: superpathway of purine nucleotide salvage	0.0000000000
PWY-6385: peptidoglycan biosynthesis III (mycobacteria)	0.0000000000
PWY-5136: fatty acid &beta;-oxidation II (plant peroxisome)	0.0000000000
PWY-5136: fatty acid &beta;-oxidation II (plant peroxisome)|unclassified	0.9999309907
PWY-6588: pyruvate fermentation to acetone	0.0000000000
PWY-5941: glycogen degradation II	0.0000000000
PWY-5941: glycogen degradation II|unclassified	0.9999999953
PWY-5100: pyruvate fermentation to acetate and lactate II	0.0000000000
PWY-5100: pyruvate fermentation to acetate and lactate II|unclassified	0.0000000001
GLYCOLYSIS: glycolysis I (from glucose 6-phosphate)	0.0000000000
PWY-724: superpathway of L-lysine, L-threonine and L-methionine biosynthesis II	0.0000000000
PWY-7199: pyrimidine deoxyribonucleosides salvage	0.0000000000
PWY-7199: pyrimidine deoxyribonucleosides salvage|unclassified	0.0000000000
ARGININE-SYN4-PWY: L-ornithine biosynthesis II	0.0000000000
P164-PWY: purine nucleobases degradation I (anaerobic)	0.0000000000
P164-PWY: purine nucleobases degradation I (anaerobic)|unclassified	0.0000000001
PWY-7237: myo-, chiro- and scyllo-inositol degradation	0.0000000000
PWY-7237: myo-, chiro- and scyllo-inositol degradation|unclassified	0.0000000178
PWY-6590: superpathway of Clostridium acetobutylicum acidogenic fermentation	0.0000000000
GLYCOGENSYNTH-PWY: glycogen biosynthesis I (from ADP-D-Glucose)	0.0000000000
GLYCOGENSYNTH-PWY: glycogen biosynthesis I (from ADP-D-Glucose)|unclassified	0.9999999848
PWY-8178: pentose phosphate pathway (non-oxidative branch) II	0.0000000000
PWY-8178: pentose phosphate pathway (non-oxidative branch) II|g__Candidatus_Cloacimonas.s__Candidatus_Cloacimonas_acidaminovorans	0.0013139964
PWY-8178: pentose phosphate pathway (non-oxidative branch) II|unclassified	0.0000000000
CALVIN-PWY: Calvin-Benson-Bassham cycle	0.0000000000
CALVIN-PWY: Calvin-Benson-Bassham cycle|unclassified	0.0000004083
PWY-6123: inosine-5'-phosphate biosynthesis I	0.0000000000
PWY-6123: inosine-5'-phosphate biosynthesis I|g__Candidatus_Cloacimonas.s__Candidatus_Cloacimonas_acidaminovorans	0.0000207477
PWY-6124: inosine-5'-phosphate biosynthesis II	0.0000000000
PWY-6124: inosine-5'-phosphate biosynthesis II|g__Oenococcus.s__Oenococcus_oeni	0.0000000000
PWY-6124: inosine-5'-phosphate biosynthesis II|g__Candidatus_Cloacimonas.s__Candidatus_Cloacimonas_acidaminovorans	0.0000172898
CENTFERM-PWY: pyruvate fermentation to butanoate	0.0000000000
THRESYN-PWY: superpathway of L-threonine biosynthesis	0.0000000000
THRESYN-PWY: superpathway of L-threonine biosynthesis|unclassified	0.0000000000
PENTOSE-P-PWY: pentose phosphate pathway	0.0000000000
PWY-6527: stachyose degradation	0.0000000000
PWY-6527: stachyose degradation|g__Oenococcus.s__Oenococcus_oeni	0.0000000000
PWY0-1296: purine ribonucleosides degradation	0.0000000000
PWY0-1296: purine ribonucleosides degradation|unclassified	0.0010878989
PWY-1861: formaldehyde assimilation II (assimilatory RuMP Cycle)	0.0000000000
PWY-1861: formaldehyde assimilation II (assimilatory RuMP Cycle)|unclassified	0.0000000000
PWY0-1298: superpathway of pyrimidine deoxyribonucleosides degradation	0.0000000000
NONOXIPENT-PWY: pentose phosphate pathway (non-oxidative branch) I	0.0000000000
NONOXIPENT-PWY: pentose phosphate pathway (non-oxidative branch) I|g__Candidatus_Cloacimonas.s__Candidatus_Cloacimonas_acidaminovorans	0.0007012355
NONOXIPENT-PWY: pentose phosphate pathway (non-oxidative branch) I|unclassified	0.0000000000
PWY-5484: glycolysis II (from fructose 6-phosphate)	0.0000000000
PWY66-399: gluconeogenesis III	0.0000000000
PWY66-399: gluconeogenesis III|unclassified	0.0000000000
DAPLYSINESYN-PWY: L-lysine biosynthesis I	0.0000000000
DAPLYSINESYN-PWY: L-lysine biosynthesis I|g__Candidatus_Cloacimonas.s__Candidatus_Cloacimonas_acidaminovorans	0.0000000000
PWY-5209: methyl-coenzyme M oxidation to CO2	0.0000000000
PWY-5209: methyl-coenzyme M oxidation to CO2|unclassified	0.0000000000
PWY-5209: methyl-coenzyme M oxidation to CO2|g__Methanospirillum.s__Methanospirillum_hungatei	0.2063075743
PWY-6309: L-tryptophan degradation XI (mammalian, via kynurenine)	0.0000000000
PWY-6309: L-tryptophan degradation XI (mammalian, via kynurenine)|g__Candidatus_Cloacimonas.s__Candidatus_Cloacimonas_acidaminovorans	0.9999991926
PWY-5497: purine nucleobases degradation II (anaerobic)	0.0000000000
PWY-6147: 6-hydroxymethyl-dihydropterin diphosphate biosynthesis I	0.0000000000
PWY-6147: 6-hydroxymethyl-dihydropterin diphosphate biosynthesis I|g__Candidatus_Cloacimonas.s__Candidatus_Cloacimonas_acidaminovorans	0.0005076467
PWY-6147: 6-hydroxymethyl-dihydropterin diphosphate biosynthesis I|unclassified	0.0000000000
PWY-6160: 3-dehydroquinate biosynthesis II (archaea)	0.0000000000
PWY-6160: 3-dehydroquinate biosynthesis II (archaea)|unclassified	0.0000000000
GLYCOCAT-PWY: glycogen degradation I	0.0000000000
GLYCOCAT-PWY: glycogen degradation I|unclassified	0.0000000000
COA-PWY-1: superpathway of coenzyme A biosynthesis III (mammals)	0.0000000000
COLANSYN-PWY: colanic acid building blocks biosynthesis	0.0000000000
PWY-6823: molybdopterin biosynthesis	0.0000000000
PWY-6823: molybdopterin biosynthesis|unclassified	0.0000000002
P42-PWY: incomplete reductive TCA cycle	0.0000000000
PWY-6703: preQ0 biosynthesis	0.0000000000
PWY-6703: preQ0 biosynthesis|g__Candidatus_Cloacimonas.s__Candidatus_Cloacimonas_acidaminovorans	0.0004841879
PWY-5686: UMP biosynthesis I	0.0000000000
PWY-7790: UMP biosynthesis II	0.0000000000
PWY-7791: UMP biosynthesis III	0.0000000000
VALSYN-PWY: L-valine biosynthesis	0.0000000000
VALSYN-PWY: L-valine biosynthesis|unclassified	0.0000000000
1CMET2-PWY: folate transformations III (E. coli)	0.0000000000
PWY-7383: anaerobic energy metabolism (invertebrates, cytosol)	0.0000000000
PWY-7383: anaerobic energy metabolism (invertebrates, cytosol)|unclassified	0.0000000000
P163-PWY: L-lysine fermentation to acetate and butanoate	0.0000000000
PWY-6151: S-adenosyl-L-methionine salvage I	0.0000000000
PWY-6151: S-adenosyl-L-methionine salvage I|g__Oenococcus.s__Oenococcus_oeni	0.0000000000
PWY0-1061: superpathway of L-alanine biosynthesis	0.0000000000
PWY-5030: L-histidine degradation III	0.0000000000
PWY-5030: L-histidine degradation III|g__Candidatus_Cloacimonas.s__Candidatus_Cloacimonas_acidaminovorans	0.0000000002
NAGLIPASYN-PWY: lipid IVA biosynthesis (E. coli)	0.0000000000
NAGLIPASYN-PWY: lipid IVA biosynthesis (E. coli)|g__Candidatus_Cloacimonas.s__Candidatus_Cloacimonas_acidaminovorans	0.0002243901
PWY-8073: lipid IVA biosynthesis (P. putida)	0.0000000000
PWY-8073: lipid IVA biosynthesis (P. putida)|g__Candidatus_Cloacimonas.s__Candidatus_Cloacimonas_acidaminovorans	0.0002243901
PWY-7200: superpathway of pyrimidine deoxyribonucleoside salvage	0.0000000000
PWY-1269: CMP-3-deoxy-D-manno-octulosonate biosynthesis	0.0000000000
PWY-1269: CMP-3-deoxy-D-manno-octulosonate biosynthesis|g__Candidatus_Cloacimonas.s__Candidatus_Cloacimonas_acidaminovorans	0.0000690624
GLUCONEO-PWY: gluconeogenesis I	0.0000000000
PWY-7953: UDP-N-acetylmuramoyl-pentapeptide biosynthesis III (meso-diaminopimelate containing)	0.0000000000
PWY-7115: C4 photosynthetic carbon assimilation cycle, NAD-ME type	0.0000000000
PWY-7115: C4 photosynthetic carbon assimilation cycle, NAD-ME type|unclassified	0.0000000000
PWY-7977: L-methionine biosynthesis IV	0.0000000000
PWY-7977: L-methionine biosynthesis IV|unclassified	0.0000000000
PWY-7117: C4 photosynthetic carbon assimilation cycle, PEPCK type	0.0000000000
HISDEG-PWY: L-histidine degradation I	0.0000000000
NONMEVIPP-PWY: methylerythritol phosphate pathway I	0.0000000000
TRPSYN-PWY: L-tryptophan biosynthesis	0.0000000000
PWY-6122: 5-aminoimidazole ribonucleotide biosynthesis II	0.0000000000
PWY-6122: 5-aminoimidazole ribonucleotide biosynthesis II|g__Candidatus_Cloacimonas.s__Candidatus_Cloacimonas_acidaminovorans	0.0000000000
PWY-6277: superpathway of 5-aminoimidazole ribonucleotide biosynthesis	0.0000000000
PWY-6277: superpathway of 5-aminoimidazole ribonucleotide biosynthesis|g__Candidatus_Cloacimonas.s__Candidatus_Cloacimonas_acidaminovorans	0.0000000000
PWY-621: sucrose degradation III (sucrose invertase)	0.0000000000
PWY-621: sucrose degradation III (sucrose invertase)|unclassified	0.0000000000
PWY-241: C4 photosynthetic carbon assimilation cycle, NADP-ME type	0.0000000000
PWY-7560: methylerythritol phosphate pathway II	0.0000000000