# Pathway	P21158_80_S11_001_Coverage
UNMAPPED	1.0000000000
UNINTEGRATED	1.0000000000
UNINTEGRATED|g__Candidatus_Cloacimonas.s__Candidatus_Cloacimonas_acidaminovorans	1.0000000000
UNINTEGRATED|g__Methanothrix.s__Methanothrix_soehngenii	1.0000000000
UNINTEGRATED|g__Oenococcus.s__Oenococcus_oeni	1.0000000000
UNINTEGRATED|unclassified	1.0000000000
SER-GLYSYN-PWY: superpathway of L-serine and glycine biosynthesis I	1.0000000000
SER-GLYSYN-PWY: superpathway of L-serine and glycine biosynthesis I|g__Candidatus_Cloacimonas.s__Candidatus_Cloacimonas_acidaminovorans	1.0000000000
SER-GLYSYN-PWY: superpathway of L-serine and glycine biosynthesis I|unclassified	1.0000000000
SER-GLYSYN-PWY: superpathway of L-serine and glycine biosynthesis I|g__Methanothrix.s__Methanothrix_soehngenii	0.0005860462
DTDPRHAMSYN-PWY: dTDP-&beta;-L-rhamnose biosynthesis	1.0000000000
DTDPRHAMSYN-PWY: dTDP-&beta;-L-rhamnose biosynthesis|g__Oenococcus.s__Oenococcus_oeni	1.0000000000
DTDPRHAMSYN-PWY: dTDP-&beta;-L-rhamnose biosynthesis|unclassified	0.0000000000
DTDPRHAMSYN-PWY: dTDP-&beta;-L-rhamnose biosynthesis|g__Methanothrix.s__Methanothrix_soehngenii	0.0000000000
METH-ACETATE-PWY: methanogenesis from acetate	1.0000000000
METH-ACETATE-PWY: methanogenesis from acetate|unclassified	1.0000000000
PWY-6609: adenine and adenosine salvage III	1.0000000000
PWY-6609: adenine and adenosine salvage III|g__Candidatus_Cloacimonas.s__Candidatus_Cloacimonas_acidaminovorans	0.9999999998
PWY-6609: adenine and adenosine salvage III|unclassified	0.0000000000
PWY-6588: pyruvate fermentation to acetone	1.0000000000
PWY-6588: pyruvate fermentation to acetone|unclassified	0.0000000000
PWY-5100: pyruvate fermentation to acetate and lactate II	1.0000000000
PWY-5100: pyruvate fermentation to acetate and lactate II|unclassified	1.0000000000
PWY66-429: fatty acid biosynthesis initiation (mitochondria)	1.0000000000
PWY66-429: fatty acid biosynthesis initiation (mitochondria)|g__Oenococcus.s__Oenococcus_oeni	1.0000000000
PWY66-429: fatty acid biosynthesis initiation (mitochondria)|unclassified	0.0000000000
PWY-7220: adenosine deoxyribonucleotides de novo biosynthesis II	1.0000000000
PWY-7220: adenosine deoxyribonucleotides de novo biosynthesis II|unclassified	0.9999997255
PWY-7220: adenosine deoxyribonucleotides de novo biosynthesis II|g__Candidatus_Cloacimonas.s__Candidatus_Cloacimonas_acidaminovorans	0.0000344707
PWY-7222: guanosine deoxyribonucleotides de novo biosynthesis II	1.0000000000
PWY-7222: guanosine deoxyribonucleotides de novo biosynthesis II|unclassified	0.9999997255
PWY-7222: guanosine deoxyribonucleotides de novo biosynthesis II|g__Candidatus_Cloacimonas.s__Candidatus_Cloacimonas_acidaminovorans	0.0000344707
PWY-5695: inosine 5'-phosphate degradation	1.0000000000
PWY-5695: inosine 5'-phosphate degradation|g__Candidatus_Cloacimonas.s__Candidatus_Cloacimonas_acidaminovorans	1.0000000000
PWY-5695: inosine 5'-phosphate degradation|unclassified	1.0000000000
PWY-6608: guanosine nucleotides degradation III	1.0000000000
PWY-6608: guanosine nucleotides degradation III|g__Candidatus_Cloacimonas.s__Candidatus_Cloacimonas_acidaminovorans	1.0000000000
PWY-6608: guanosine nucleotides degradation III|unclassified	1.0000000000
PWY-7237: myo-, chiro- and scyllo-inositol degradation	1.0000000000
PWY-7237: myo-, chiro- and scyllo-inositol degradation|unclassified	0.7372132149
SALVADEHYPOX-PWY: adenosine nucleotides degradation II	1.0000000000
SALVADEHYPOX-PWY: adenosine nucleotides degradation II|g__Candidatus_Cloacimonas.s__Candidatus_Cloacimonas_acidaminovorans	1.0000000000
SALVADEHYPOX-PWY: adenosine nucleotides degradation II|unclassified	1.0000000000
PWY-1042: glycolysis IV	1.0000000000
PWY-1042: glycolysis IV|unclassified	1.0000000000
PWY-1042: glycolysis IV|g__Candidatus_Cloacimonas.s__Candidatus_Cloacimonas_acidaminovorans	0.9999758919
P108-PWY: pyruvate fermentation to propanoate I	0.0000923989
P108-PWY: pyruvate fermentation to propanoate I|unclassified	1.0000000000
ANAGLYCOLYSIS-PWY: glycolysis III (from glucose)	0.0000000000
ANAGLYCOLYSIS-PWY: glycolysis III (from glucose)|unclassified	0.9885326173
PWY-5384: sucrose degradation IV (sucrose phosphorylase)	0.9643944497
PWY-6590: superpathway of Clostridium acetobutylicum acidogenic fermentation	0.1027841549
PWY-6590: superpathway of Clostridium acetobutylicum acidogenic fermentation|unclassified	0.0000847954
PWY-7208: superpathway of pyrimidine nucleobases salvage	1.0000000000
PWY-7208: superpathway of pyrimidine nucleobases salvage|g__Candidatus_Cloacimonas.s__Candidatus_Cloacimonas_acidaminovorans	0.0001056368
PWY-7208: superpathway of pyrimidine nucleobases salvage|unclassified	0.0000000000
PWY-6126: superpathway of adenosine nucleotides de novo biosynthesis II	0.9871514881
PWY-6126: superpathway of adenosine nucleotides de novo biosynthesis II|unclassified	0.0000000001
PWY-7229: superpathway of adenosine nucleotides de novo biosynthesis I	0.9850421006
PWY-7229: superpathway of adenosine nucleotides de novo biosynthesis I|unclassified	0.0000000001
PWY-7197: pyrimidine deoxyribonucleotide phosphorylation	1.0000000000
PWY-7197: pyrimidine deoxyribonucleotide phosphorylation|unclassified	0.9943951312
PWY-7197: pyrimidine deoxyribonucleotide phosphorylation|g__Candidatus_Cloacimonas.s__Candidatus_Cloacimonas_acidaminovorans	0.0000000000
PWY-7197: pyrimidine deoxyribonucleotide phosphorylation|g__Methanothrix.s__Methanothrix_soehngenii	0.0698774453
PWY-7228: superpathway of guanosine nucleotides de novo biosynthesis I	0.9590102853
PWY-7228: superpathway of guanosine nucleotides de novo biosynthesis I|unclassified	0.9999998625
PWY-7228: superpathway of guanosine nucleotides de novo biosynthesis I|g__Candidatus_Cloacimonas.s__Candidatus_Cloacimonas_acidaminovorans	0.0000444967
GLYCOLYSIS: glycolysis I (from glucose 6-phosphate)	0.0000000000
GLYCOLYSIS: glycolysis I (from glucose 6-phosphate)|unclassified	0.0000000000
GLUCONEO-PWY: gluconeogenesis I	0.0000000000
GLUCONEO-PWY: gluconeogenesis I|unclassified	0.9999999922
CENTFERM-PWY: pyruvate fermentation to butanoate	0.0791212181
CENTFERM-PWY: pyruvate fermentation to butanoate|unclassified	0.0000635979
PWY-6353: purine nucleotides degradation II (aerobic)	0.0000000000
PWY-6353: purine nucleotides degradation II (aerobic)|unclassified	0.9757344721
PWY-6353: purine nucleotides degradation II (aerobic)|g__Candidatus_Cloacimonas.s__Candidatus_Cloacimonas_acidaminovorans	0.0000000000
PWY-6125: superpathway of guanosine nucleotides de novo biosynthesis II	0.9059446284
PWY-6125: superpathway of guanosine nucleotides de novo biosynthesis II|unclassified	0.0000000000
PWY-6125: superpathway of guanosine nucleotides de novo biosynthesis II|g__Candidatus_Cloacimonas.s__Candidatus_Cloacimonas_acidaminovorans	0.0000000000
P42-PWY: incomplete reductive TCA cycle	0.0000539015
P42-PWY: incomplete reductive TCA cycle|unclassified	0.9999932649
PWY-1269: CMP-3-deoxy-D-manno-octulosonate biosynthesis	1.0000000000
PWY-1269: CMP-3-deoxy-D-manno-octulosonate biosynthesis|g__Candidatus_Cloacimonas.s__Candidatus_Cloacimonas_acidaminovorans	1.0000000000
PWY-1269: CMP-3-deoxy-D-manno-octulosonate biosynthesis|unclassified	0.0000000000
TRNA-CHARGING-PWY: tRNA charging	0.9781164326
TRNA-CHARGING-PWY: tRNA charging|g__Candidatus_Cloacimonas.s__Candidatus_Cloacimonas_acidaminovorans	0.0000000000
TRNA-CHARGING-PWY: tRNA charging|unclassified	0.0000000055
PWY-8178: pentose phosphate pathway (non-oxidative branch) II	0.6678923466
PWY-8178: pentose phosphate pathway (non-oxidative branch) II|g__Candidatus_Cloacimonas.s__Candidatus_Cloacimonas_acidaminovorans	0.9241905576
PWY-8178: pentose phosphate pathway (non-oxidative branch) II|unclassified	0.1360013242
PWY-7221: guanosine ribonucleotides de novo biosynthesis	0.9397502382
PWY-7221: guanosine ribonucleotides de novo biosynthesis|unclassified	0.9999999991
PWY-7221: guanosine ribonucleotides de novo biosynthesis|g__Candidatus_Cloacimonas.s__Candidatus_Cloacimonas_acidaminovorans	0.0000521584
PWY-7221: guanosine ribonucleotides de novo biosynthesis|g__Oenococcus.s__Oenococcus_oeni	0.0000000000
PWY-5484: glycolysis II (from fructose 6-phosphate)	0.0000000000
PWY-5484: glycolysis II (from fructose 6-phosphate)|unclassified	0.0000000000
UDPNAGSYN-PWY: UDP-N-acetyl-D-glucosamine biosynthesis I	0.9997752357
UDPNAGSYN-PWY: UDP-N-acetyl-D-glucosamine biosynthesis I|g__Candidatus_Cloacimonas.s__Candidatus_Cloacimonas_acidaminovorans	0.0004212392
UDPNAGSYN-PWY: UDP-N-acetyl-D-glucosamine biosynthesis I|unclassified	0.0000000000
COA-PWY: coenzyme A biosynthesis I (prokaryotic)	1.0000000000
COA-PWY: coenzyme A biosynthesis I (prokaryotic)|g__Candidatus_Cloacimonas.s__Candidatus_Cloacimonas_acidaminovorans	1.0000000000
COA-PWY: coenzyme A biosynthesis I (prokaryotic)|unclassified	0.0935272513
COA-PWY: coenzyme A biosynthesis I (prokaryotic)|g__Oenococcus.s__Oenococcus_oeni	0.0000000000
PWY66-399: gluconeogenesis III	0.0000000000
PWY66-399: gluconeogenesis III|unclassified	0.0525069242
PWY-841: superpathway of purine nucleotides de novo biosynthesis I	0.0000000000
PWY-841: superpathway of purine nucleotides de novo biosynthesis I|g__Candidatus_Cloacimonas.s__Candidatus_Cloacimonas_acidaminovorans	0.0000000000
PWY-841: superpathway of purine nucleotides de novo biosynthesis I|unclassified	0.0000000000
PWY-6123: inosine-5'-phosphate biosynthesis I	0.9848204174
PWY-6123: inosine-5'-phosphate biosynthesis I|g__Candidatus_Cloacimonas.s__Candidatus_Cloacimonas_acidaminovorans	0.0000000000
PWY-6123: inosine-5'-phosphate biosynthesis I|unclassified	0.0000000000
PWY-6123: inosine-5'-phosphate biosynthesis I|g__Methanothrix.s__Methanothrix_soehngenii	0.0000000000
PWY-3841: folate transformations II (plants)	0.0000000000
PWY-3841: folate transformations II (plants)|unclassified	0.0000000000
PWY-3841: folate transformations II (plants)|g__Oenococcus.s__Oenococcus_oeni	0.0000000000
PWY-6124: inosine-5'-phosphate biosynthesis II	0.9818396342
PWY-6124: inosine-5'-phosphate biosynthesis II|g__Candidatus_Cloacimonas.s__Candidatus_Cloacimonas_acidaminovorans	0.0000000000
PWY-6124: inosine-5'-phosphate biosynthesis II|unclassified	0.0000000000
PWY-6124: inosine-5'-phosphate biosynthesis II|g__Methanothrix.s__Methanothrix_soehngenii	0.0000057318
PWY-6124: inosine-5'-phosphate biosynthesis II|g__Oenococcus.s__Oenococcus_oeni	0.0000000000
PWY-6122: 5-aminoimidazole ribonucleotide biosynthesis II	0.2971208351
PWY-6122: 5-aminoimidazole ribonucleotide biosynthesis II|g__Candidatus_Cloacimonas.s__Candidatus_Cloacimonas_acidaminovorans	0.9739290722
PWY-6122: 5-aminoimidazole ribonucleotide biosynthesis II|unclassified	0.0000000000
PWY-6122: 5-aminoimidazole ribonucleotide biosynthesis II|g__Methanothrix.s__Methanothrix_soehngenii	0.2374030228
PWY-6277: superpathway of 5-aminoimidazole ribonucleotide biosynthesis	0.2971208351
PWY-6277: superpathway of 5-aminoimidazole ribonucleotide biosynthesis|g__Candidatus_Cloacimonas.s__Candidatus_Cloacimonas_acidaminovorans	0.9739290722
PWY-6277: superpathway of 5-aminoimidazole ribonucleotide biosynthesis|unclassified	0.0000000000
PWY-6277: superpathway of 5-aminoimidazole ribonucleotide biosynthesis|g__Methanothrix.s__Methanothrix_soehngenii	0.2374030228
P163-PWY: L-lysine fermentation to acetate and butanoate	0.0000000000
P163-PWY: L-lysine fermentation to acetate and butanoate|g__Candidatus_Cloacimonas.s__Candidatus_Cloacimonas_acidaminovorans	0.0000000000
P163-PWY: L-lysine fermentation to acetate and butanoate|unclassified	0.0000000000
NONOXIPENT-PWY: pentose phosphate pathway (non-oxidative branch) I	0.5175076320
NONOXIPENT-PWY: pentose phosphate pathway (non-oxidative branch) I|g__Candidatus_Cloacimonas.s__Candidatus_Cloacimonas_acidaminovorans	0.0958177808
NONOXIPENT-PWY: pentose phosphate pathway (non-oxidative branch) I|unclassified	0.0000000233
CALVIN-PWY: Calvin-Benson-Bassham cycle	0.0000000000
CALVIN-PWY: Calvin-Benson-Bassham cycle|unclassified	0.0000000000
PWY-7851: coenzyme A biosynthesis II (eukaryotic)	0.0894340218
PWY-7851: coenzyme A biosynthesis II (eukaryotic)|g__Candidatus_Cloacimonas.s__Candidatus_Cloacimonas_acidaminovorans	0.0000000000
PWY-7851: coenzyme A biosynthesis II (eukaryotic)|unclassified	0.0000000000
PWY-7851: coenzyme A biosynthesis II (eukaryotic)|g__Oenococcus.s__Oenococcus_oeni	0.0000000000
PWY-6309: L-tryptophan degradation XI (mammalian, via kynurenine)	0.9907102556
PWY-6309: L-tryptophan degradation XI (mammalian, via kynurenine)|g__Candidatus_Cloacimonas.s__Candidatus_Cloacimonas_acidaminovorans	1.0000000000
PWY-8187: L-arginine degradation XIII (reductive Stickland reaction)	0.0000000000
PWY-8187: L-arginine degradation XIII (reductive Stickland reaction)|unclassified	0.0000000000
ANAEROFRUCAT-PWY: homolactic fermentation	0.0000000000
ANAEROFRUCAT-PWY: homolactic fermentation|unclassified	0.0000000000
PWY-6317: D-galactose degradation I (Leloir pathway)	0.0000024644
PWY-6317: D-galactose degradation I (Leloir pathway)|unclassified	0.0000000000
PWY-5136: fatty acid &beta;-oxidation II (plant peroxisome)	0.0000013597
PWY-5136: fatty acid &beta;-oxidation II (plant peroxisome)|unclassified	1.0000000000
OANTIGEN-PWY: O-antigen building blocks biosynthesis (E. coli)	0.0000000000
OANTIGEN-PWY: O-antigen building blocks biosynthesis (E. coli)|unclassified	0.0000000000
PWY-7199: pyrimidine deoxyribonucleosides salvage	0.0000000000
PWY-7199: pyrimidine deoxyribonucleosides salvage|unclassified	0.0000000000
PWY-7199: pyrimidine deoxyribonucleosides salvage|g__Oenococcus.s__Oenococcus_oeni	0.0000000000
PWY-7328: superpathway of UDP-glucose-derived O-antigen building blocks biosynthesis	0.0000000000
PWY-7328: superpathway of UDP-glucose-derived O-antigen building blocks biosynthesis|unclassified	0.0000000000
PWY-6606: guanosine nucleotides degradation II	0.0000000000
PWY-6606: guanosine nucleotides degradation II|unclassified	0.9359880455
PWY-6606: guanosine nucleotides degradation II|g__Candidatus_Cloacimonas.s__Candidatus_Cloacimonas_acidaminovorans	0.0000000000
PWY-5941: glycogen degradation II	0.0000018774
PWY-5941: glycogen degradation II|unclassified	0.4200765462
PWY-6121: 5-aminoimidazole ribonucleotide biosynthesis I	0.0000000004
PWY-6121: 5-aminoimidazole ribonucleotide biosynthesis I|g__Candidatus_Cloacimonas.s__Candidatus_Cloacimonas_acidaminovorans	0.0000000000
PWY-6121: 5-aminoimidazole ribonucleotide biosynthesis I|unclassified	0.0000000000
PWY-6121: 5-aminoimidazole ribonucleotide biosynthesis I|g__Methanothrix.s__Methanothrix_soehngenii	0.0000052730
PWY-7238: sucrose biosynthesis II	0.0000012516
PWY-7238: sucrose biosynthesis II|g__Candidatus_Cloacimonas.s__Candidatus_Cloacimonas_acidaminovorans	0.0011195155
PWY-7238: sucrose biosynthesis II|unclassified	0.3256600031
P164-PWY: purine nucleobases degradation I (anaerobic)	0.0000000000
P164-PWY: purine nucleobases degradation I (anaerobic)|unclassified	0.9359880455
COA-PWY-1: superpathway of coenzyme A biosynthesis III (mammals)	0.0000000000
COA-PWY-1: superpathway of coenzyme A biosynthesis III (mammals)|g__Candidatus_Cloacimonas.s__Candidatus_Cloacimonas_acidaminovorans	0.0000000000
COA-PWY-1: superpathway of coenzyme A biosynthesis III (mammals)|unclassified	0.0000000000
CITRULBIO-PWY: L-citrulline biosynthesis	0.0000000000
PWY66-409: superpathway of purine nucleotide salvage	0.0000000000
PWY66-409: superpathway of purine nucleotide salvage|unclassified	0.0000000000
THRESYN-PWY: superpathway of L-threonine biosynthesis	0.0000000000
THRESYN-PWY: superpathway of L-threonine biosynthesis|unclassified	0.0000000000
PYRIDNUCSYN-PWY: NAD de novo biosynthesis I (from aspartate)	0.0000000000
PYRIDNUCSYN-PWY: NAD de novo biosynthesis I (from aspartate)|unclassified	0.0000000000
HISDEG-PWY: L-histidine degradation I	0.0000000000
HISDEG-PWY: L-histidine degradation I|g__Candidatus_Cloacimonas.s__Candidatus_Cloacimonas_acidaminovorans	0.0000000003
HISDEG-PWY: L-histidine degradation I|unclassified	0.0000289543
PWY-5209: methyl-coenzyme M oxidation to CO2	0.0000000000
PWY-5209: methyl-coenzyme M oxidation to CO2|unclassified	0.8499626592
PWY-5209: methyl-coenzyme M oxidation to CO2|g__Methanothrix.s__Methanothrix_soehngenii	0.7966822619
PWY-6731: starch degradation III	0.0000000000
PWY-6731: starch degradation III|unclassified	0.1732363173
METHANOGENESIS-PWY: methanogenesis from H2 and CO2	0.0000000000
METHANOGENESIS-PWY: methanogenesis from H2 and CO2|unclassified	0.5402499950
PANTOSYN-PWY: superpathway of coenzyme A biosynthesis I (bacteria)	0.0000000000
PANTOSYN-PWY: superpathway of coenzyme A biosynthesis I (bacteria)|g__Candidatus_Cloacimonas.s__Candidatus_Cloacimonas_acidaminovorans	0.0000000000
PANTOSYN-PWY: superpathway of coenzyme A biosynthesis I (bacteria)|unclassified	0.0000000000
FERMENTATION-PWY: mixed acid fermentation	0.0000000000
FERMENTATION-PWY: mixed acid fermentation|unclassified	0.0000000000
PWY-2941: L-lysine biosynthesis II	0.0000000000
PWY-2941: L-lysine biosynthesis II|unclassified	0.0000000000
PWY-5097: L-lysine biosynthesis VI	0.0000000000
PWY-5097: L-lysine biosynthesis VI|g__Candidatus_Cloacimonas.s__Candidatus_Cloacimonas_acidaminovorans	0.0000000000
PWY-5097: L-lysine biosynthesis VI|unclassified	0.0000000000
PWY-6703: preQ0 biosynthesis	0.0000000000
PWY-6703: preQ0 biosynthesis|g__Candidatus_Cloacimonas.s__Candidatus_Cloacimonas_acidaminovorans	0.0029984710
PWY-6703: preQ0 biosynthesis|unclassified	0.0000000000
PWY-7977: L-methionine biosynthesis IV	0.0000000000
PWY-7977: L-methionine biosynthesis IV|unclassified	0.0000000000
PEPTIDOGLYCANSYN-PWY: peptidoglycan biosynthesis I (meso-diaminopimelate containing)	0.0000000000
PEPTIDOGLYCANSYN-PWY: peptidoglycan biosynthesis I (meso-diaminopimelate containing)|g__Oenococcus.s__Oenococcus_oeni	0.0000000000
PEPTIDOGLYCANSYN-PWY: peptidoglycan biosynthesis I (meso-diaminopimelate containing)|g__Candidatus_Cloacimonas.s__Candidatus_Cloacimonas_acidaminovorans	0.0000000000
PWY-5659: GDP-mannose biosynthesis	0.0000000000
PWY-5659: GDP-mannose biosynthesis|g__Candidatus_Cloacimonas.s__Candidatus_Cloacimonas_acidaminovorans	0.0000000000
PWY-5659: GDP-mannose biosynthesis|unclassified	0.0000000000
PWY-8182: valproate &beta;-oxidation	0.0000000000
PWY-8182: valproate &beta;-oxidation|unclassified	0.0000000000
PWY-7383: anaerobic energy metabolism (invertebrates, cytosol)	0.0000000000
PWY-7383: anaerobic energy metabolism (invertebrates, cytosol)|unclassified	0.0000000002
PWY-6385: peptidoglycan biosynthesis III (mycobacteria)	0.0000000000
PWY-6385: peptidoglycan biosynthesis III (mycobacteria)|g__Candidatus_Cloacimonas.s__Candidatus_Cloacimonas_acidaminovorans	0.0000000000
PWY-5030: L-histidine degradation III	0.0000000000
PWY-5030: L-histidine degradation III|g__Candidatus_Cloacimonas.s__Candidatus_Cloacimonas_acidaminovorans	0.0000000231
PWY-6387: UDP-N-acetylmuramoyl-pentapeptide biosynthesis I (meso-diaminopimelate containing)	0.0000000000
PWY-6387: UDP-N-acetylmuramoyl-pentapeptide biosynthesis I (meso-diaminopimelate containing)|g__Oenococcus.s__Oenococcus_oeni	0.0000000000
PWY-6387: UDP-N-acetylmuramoyl-pentapeptide biosynthesis I (meso-diaminopimelate containing)|g__Candidatus_Cloacimonas.s__Candidatus_Cloacimonas_acidaminovorans	0.0000000000
PWY-6147: 6-hydroxymethyl-dihydropterin diphosphate biosynthesis I	0.0000000000
PWY-6147: 6-hydroxymethyl-dihydropterin diphosphate biosynthesis I|g__Candidatus_Cloacimonas.s__Candidatus_Cloacimonas_acidaminovorans	0.0000000000
PWY-6147: 6-hydroxymethyl-dihydropterin diphosphate biosynthesis I|unclassified	0.0000000000
PWY-6700: queuosine biosynthesis I (de novo)	0.0000000000
PWY-6700: queuosine biosynthesis I (de novo)|unclassified	0.0000000000
PWY-6700: queuosine biosynthesis I (de novo)|g__Candidatus_Cloacimonas.s__Candidatus_Cloacimonas_acidaminovorans	0.0000000000
PWY-6386: UDP-N-acetylmuramoyl-pentapeptide biosynthesis II (lysine-containing)	0.0000000000
PWY-6386: UDP-N-acetylmuramoyl-pentapeptide biosynthesis II (lysine-containing)|g__Oenococcus.s__Oenococcus_oeni	0.0000000000
PWY-6386: UDP-N-acetylmuramoyl-pentapeptide biosynthesis II (lysine-containing)|g__Candidatus_Cloacimonas.s__Candidatus_Cloacimonas_acidaminovorans	0.0000000000
PANTO-PWY: phosphopantothenate biosynthesis I	0.0000000000
PANTO-PWY: phosphopantothenate biosynthesis I|g__Candidatus_Cloacimonas.s__Candidatus_Cloacimonas_acidaminovorans	0.0000000023
PANTO-PWY: phosphopantothenate biosynthesis I|unclassified	0.0000000000
PENTOSE-P-PWY: pentose phosphate pathway	0.0000000000
BRANCHED-CHAIN-AA-SYN-PWY: superpathway of branched chain amino acid biosynthesis	0.0000000000
BRANCHED-CHAIN-AA-SYN-PWY: superpathway of branched chain amino acid biosynthesis|unclassified	0.0000000000
BRANCHED-CHAIN-AA-SYN-PWY: superpathway of branched chain amino acid biosynthesis|g__Methanothrix.s__Methanothrix_soehngenii	0.0062390484
RIBOSYN2-PWY: flavin biosynthesis I (bacteria and plants)	0.0000000000
RIBOSYN2-PWY: flavin biosynthesis I (bacteria and plants)|unclassified	0.0000000000
VALSYN-PWY: L-valine biosynthesis	0.0000000000
VALSYN-PWY: L-valine biosynthesis|unclassified	0.0000000000
VALSYN-PWY: L-valine biosynthesis|g__Methanothrix.s__Methanothrix_soehngenii	0.9883565408
PWY-5686: UMP biosynthesis I	0.0000000000
PWY-5686: UMP biosynthesis I|unclassified	0.0000000000
PWY-7790: UMP biosynthesis II	0.0000000000
PWY-7790: UMP biosynthesis II|unclassified	0.0000000000
PWY-7791: UMP biosynthesis III	0.0000000000
PWY-7791: UMP biosynthesis III|unclassified	0.0000000000
ILEUSYN-PWY: L-isoleucine biosynthesis I (from threonine)	0.0000000000
ILEUSYN-PWY: L-isoleucine biosynthesis I (from threonine)|unclassified	0.0000000000
ILEUSYN-PWY: L-isoleucine biosynthesis I (from threonine)|g__Methanothrix.s__Methanothrix_soehngenii	0.0041680634
DAPLYSINESYN-PWY: L-lysine biosynthesis I	0.0000000000
DAPLYSINESYN-PWY: L-lysine biosynthesis I|g__Candidatus_Cloacimonas.s__Candidatus_Cloacimonas_acidaminovorans	0.0000000000
NONMEVIPP-PWY: methylerythritol phosphate pathway I	0.0000000000
NONMEVIPP-PWY: methylerythritol phosphate pathway I|g__Candidatus_Cloacimonas.s__Candidatus_Cloacimonas_acidaminovorans	0.0000000000
NONMEVIPP-PWY: methylerythritol phosphate pathway I|unclassified	0.0000000000
PWY-1861: formaldehyde assimilation II (assimilatory RuMP Cycle)	0.0000000000
PWY-1861: formaldehyde assimilation II (assimilatory RuMP Cycle)|unclassified	0.0000000000
PWY0-1061: superpathway of L-alanine biosynthesis	0.0000000000
PWY0-1061: superpathway of L-alanine biosynthesis|unclassified	0.0000000000
PWY-5103: L-isoleucine biosynthesis III	0.0000000000
PWY-5103: L-isoleucine biosynthesis III|unclassified	0.0000000000
PWY-5103: L-isoleucine biosynthesis III|g__Methanothrix.s__Methanothrix_soehngenii	0.0026091512
PWY-3001: superpathway of L-isoleucine biosynthesis I	0.0000000000
PWY-3001: superpathway of L-isoleucine biosynthesis I|unclassified	0.0000000000
PWY-7115: C4 photosynthetic carbon assimilation cycle, NAD-ME type	0.0000000000
PWY-7115: C4 photosynthetic carbon assimilation cycle, NAD-ME type|unclassified	0.0000000000
PWY0-1296: purine ribonucleosides degradation	0.0000000000
PWY0-1296: purine ribonucleosides degradation|g__Candidatus_Cloacimonas.s__Candidatus_Cloacimonas_acidaminovorans	0.0000000000
PWY0-1296: purine ribonucleosides degradation|unclassified	0.0000000000
PWY-5130: 2-oxobutanoate degradation I	0.0000000000
PWY4FS-8: phosphatidylglycerol biosynthesis II (non-plastidic)	0.0000000000
PWY4FS-8: phosphatidylglycerol biosynthesis II (non-plastidic)|g__Candidatus_Cloacimonas.s__Candidatus_Cloacimonas_acidaminovorans	0.0000000000
PWY4FS-7: phosphatidylglycerol biosynthesis I (plastidic)	0.0000000000
PWY4FS-7: phosphatidylglycerol biosynthesis I (plastidic)|g__Candidatus_Cloacimonas.s__Candidatus_Cloacimonas_acidaminovorans	0.0000000000
PWY-7560: methylerythritol phosphate pathway II	0.0000000000
PWY-7560: methylerythritol phosphate pathway II|unclassified	0.0000000000
PWY-5667: CDP-diacylglycerol biosynthesis I	0.0000000000
PWY-5667: CDP-diacylglycerol biosynthesis I|g__Candidatus_Cloacimonas.s__Candidatus_Cloacimonas_acidaminovorans	0.0000000000
PWY-5667: CDP-diacylglycerol biosynthesis I|g__Oenococcus.s__Oenococcus_oeni	0.0000000000
PWY-5667: CDP-diacylglycerol biosynthesis I|unclassified	0.0000000000
PWY0-1319: CDP-diacylglycerol biosynthesis II	0.0000000000
PWY0-1319: CDP-diacylglycerol biosynthesis II|g__Candidatus_Cloacimonas.s__Candidatus_Cloacimonas_acidaminovorans	0.0000000000
PWY0-1319: CDP-diacylglycerol biosynthesis II|g__Oenococcus.s__Oenococcus_oeni	0.0000000000
PWY0-1319: CDP-diacylglycerol biosynthesis II|unclassified	0.0000000000
PWY-6270: isoprene biosynthesis I	0.0000000000
PWY-6270: isoprene biosynthesis I|unclassified	0.0000000000
GLYCOGENSYNTH-PWY: glycogen biosynthesis I (from ADP-D-Glucose)	0.0000000000
GLYCOGENSYNTH-PWY: glycogen biosynthesis I (from ADP-D-Glucose)|unclassified	0.0000194397
PWY-5121: superpathway of geranylgeranyl diphosphate biosynthesis II (via MEP)	0.0000000000
PWY-5121: superpathway of geranylgeranyl diphosphate biosynthesis II (via MEP)|unclassified	0.0000000000
PWY-5981: CDP-diacylglycerol biosynthesis III	0.0000000000
PWY-5981: CDP-diacylglycerol biosynthesis III|g__Oenococcus.s__Oenococcus_oeni	0.0000000000
NAGLIPASYN-PWY: lipid IVA biosynthesis (E. coli)	0.0000000000
NAGLIPASYN-PWY: lipid IVA biosynthesis (E. coli)|g__Candidatus_Cloacimonas.s__Candidatus_Cloacimonas_acidaminovorans	0.0000000000
PWY-8073: lipid IVA biosynthesis (P. putida)	0.0000000000
PWY-8073: lipid IVA biosynthesis (P. putida)|g__Candidatus_Cloacimonas.s__Candidatus_Cloacimonas_acidaminovorans	0.0000000000
PWY-724: superpathway of L-lysine, L-threonine and L-methionine biosynthesis II	0.0000000000
PWY-724: superpathway of L-lysine, L-threonine and L-methionine biosynthesis II|unclassified	0.0000000000
PWY-7111: pyruvate fermentation to isobutanol (engineered)	0.0000000000
PWY-7111: pyruvate fermentation to isobutanol (engineered)|unclassified	0.0000000000
1CMET2-PWY: folate transformations III (E. coli)	0.0000000000
1CMET2-PWY: folate transformations III (E. coli)|unclassified	0.0000000000
ARGSYN-PWY: L-arginine biosynthesis I (via L-ornithine)	0.0000000000
ARGSYN-PWY: L-arginine biosynthesis I (via L-ornithine)|unclassified	0.0000000000
PWY-6527: stachyose degradation	0.0000000000
PWY-6527: stachyose degradation|g__Oenococcus.s__Oenococcus_oeni	0.0000000000
PWY-6527: stachyose degradation|unclassified	0.0000000000
GLUTORN-PWY: L-ornithine biosynthesis I	0.0000000000
GLUTORN-PWY: L-ornithine biosynthesis I|unclassified	0.0000000000
GLUTORN-PWY: L-ornithine biosynthesis I|g__Methanothrix.s__Methanothrix_soehngenii	0.0000000000
PWY-7234: inosine-5'-phosphate biosynthesis III	0.0000000000
PWY-7234: inosine-5'-phosphate biosynthesis III|unclassified	0.0000000000
PWY-7234: inosine-5'-phosphate biosynthesis III|g__Methanothrix.s__Methanothrix_soehngenii	0.0000000000
ARGININE-SYN4-PWY: L-ornithine biosynthesis II	0.0000000000
PWY0-1477: ethanolamine utilization	0.0000000000
PWY0-1477: ethanolamine utilization|unclassified	0.0000000000
ARGSYNBSUB-PWY: L-arginine biosynthesis II (acetyl cycle)	0.0000000000
ARGSYNBSUB-PWY: L-arginine biosynthesis II (acetyl cycle)|unclassified	0.0000000000
ARGSYNBSUB-PWY: L-arginine biosynthesis II (acetyl cycle)|g__Methanothrix.s__Methanothrix_soehngenii	0.0000000000
PWY-2942: L-lysine biosynthesis III	0.0000000000
PWY-2942: L-lysine biosynthesis III|unclassified	0.0000000000
PWY-7117: C4 photosynthetic carbon assimilation cycle, PEPCK type	0.0000000000
ASPASN-PWY: superpathway of L-aspartate and L-asparagine biosynthesis	0.0000000000
ASPASN-PWY: superpathway of L-aspartate and L-asparagine biosynthesis|unclassified	0.0000000000
PWY-5723: Rubisco shunt	0.0000000000
PWY-5723: Rubisco shunt|unclassified	0.0000000000
PWY-7400: L-arginine biosynthesis IV (archaebacteria)	0.0000000000
PWY-7400: L-arginine biosynthesis IV (archaebacteria)|unclassified	0.0000000000
PWY-6863: pyruvate fermentation to hexanol (engineered)	0.0000000000
PWY-6863: pyruvate fermentation to hexanol (engineered)|unclassified	0.0000000000
PWY0-1586: peptidoglycan maturation (meso-diaminopimelate containing)	0.0000000000
PWY0-1586: peptidoglycan maturation (meso-diaminopimelate containing)|unclassified	0.0000000000
PWY-7392: taxadiene biosynthesis (engineered)	0.0000000000
PWY-7392: taxadiene biosynthesis (engineered)|unclassified	0.0000000000
COLANSYN-PWY: colanic acid building blocks biosynthesis	0.0000000000
COLANSYN-PWY: colanic acid building blocks biosynthesis|unclassified	0.0000000000
PWY-241: C4 photosynthetic carbon assimilation cycle, NADP-ME type	0.0000000000
PWY-5154: L-arginine biosynthesis III (via N-acetyl-L-citrulline)	0.0000000000
PWY-5154: L-arginine biosynthesis III (via N-acetyl-L-citrulline)|unclassified	0.0000000000
P23-PWY: reductive TCA cycle I	0.0000000000
P23-PWY: reductive TCA cycle I|unclassified	0.0000000000
PWY0-1479: tRNA processing	0.0000000000
PWY0-1479: tRNA processing|unclassified	0.0000000000
PWY-7090: UDP-2,3-diacetamido-2,3-dideoxy-&alpha;-D-mannuronate biosynthesis	0.0000000000
PWY-7090: UDP-2,3-diacetamido-2,3-dideoxy-&alpha;-D-mannuronate biosynthesis|unclassified	0.0000000000
RHAMCAT-PWY: L-rhamnose degradation I	0.0000000000
RHAMCAT-PWY: L-rhamnose degradation I|unclassified	0.0000000000
POLYISOPRENSYN-PWY: polyisoprenoid biosynthesis (E. coli)	0.0000000000
POLYISOPRENSYN-PWY: polyisoprenoid biosynthesis (E. coli)|unclassified	0.0000000000
PWY-6349: CDP-archaeol biosynthesis	0.0000000000
PWY-6349: CDP-archaeol biosynthesis|unclassified	0.0000000000
PWY-6349: CDP-archaeol biosynthesis|g__Methanothrix.s__Methanothrix_soehngenii	0.0000000000
PWY-6902: chitin degradation II (Vibrio)	0.0000000000
PWY-6902: chitin degradation II (Vibrio)|unclassified	0.0000000000
P261-PWY: coenzyme M biosynthesis I	0.0000000000
P261-PWY: coenzyme M biosynthesis I|unclassified	0.0000000000
PWY-7200: superpathway of pyrimidine deoxyribonucleoside salvage	0.0000000000
PWY-7200: superpathway of pyrimidine deoxyribonucleoside salvage|unclassified	0.0000000000
PWY-6160: 3-dehydroquinate biosynthesis II (archaea)	0.0000000000
PWY-6160: 3-dehydroquinate biosynthesis II (archaea)|unclassified	0.0000000000
PWY0-1297: superpathway of purine deoxyribonucleosides degradation	0.0000000000
PWY0-1297: superpathway of purine deoxyribonucleosides degradation|unclassified	0.0000000000
PWY-5188: tetrapyrrole biosynthesis I (from glutamate)	0.0000000000
PWY-5188: tetrapyrrole biosynthesis I (from glutamate)|unclassified	0.0000000000
PWY-5188: tetrapyrrole biosynthesis I (from glutamate)|g__Methanothrix.s__Methanothrix_soehngenii	0.0000000000
PWY-6163: chorismate biosynthesis from 3-dehydroquinate	0.0000000000
PWY-6163: chorismate biosynthesis from 3-dehydroquinate|unclassified	0.0000000000
PWY0-1298: superpathway of pyrimidine deoxyribonucleosides degradation	0.0000000000
PWY0-1298: superpathway of pyrimidine deoxyribonucleosides degradation|unclassified	0.0000000000
PWY-5104: L-isoleucine biosynthesis IV	0.0000000000
PWY-5104: L-isoleucine biosynthesis IV|unclassified	0.0000000000
PWY-6165: chorismate biosynthesis II (archaea)	0.0000000000
PWY-6165: chorismate biosynthesis II (archaea)|unclassified	0.0000000000
PWY-6969: TCA cycle V (2-oxoglutarate synthase)	0.0000000000
PWY-6969: TCA cycle V (2-oxoglutarate synthase)|unclassified	0.0000000000
ARO-PWY: chorismate biosynthesis I	0.0000000000
ARO-PWY: chorismate biosynthesis I|unclassified	0.0000000000
PWY-5913: partial TCA cycle (obligate autotrophs)	0.0000000000
PWY-5101: L-isoleucine biosynthesis II	0.0000000000
PWY-5101: L-isoleucine biosynthesis II|unclassified	0.0000000000
PWY-6583: pyruvate fermentation to butanol I	0.0000000000
PWY-6583: pyruvate fermentation to butanol I|unclassified	0.0000000000
PWY-6749: CMP-legionaminate biosynthesis I	0.0000000000
PWY-6749: CMP-legionaminate biosynthesis I|unclassified	0.0000000000
PWY-6350: archaetidylinositol biosynthesis	0.0000000000
PWY-6350: archaetidylinositol biosynthesis|g__Methanothrix.s__Methanothrix_soehngenii	0.0000000000
PWY-6507: 4-deoxy-L-threo-hex-4-enopyranuronate degradation	0.0000000000
PWY-6507: 4-deoxy-L-threo-hex-4-enopyranuronate degradation|unclassified	0.0000000000
PWY0-1241: ADP-L-glycero-&beta;-D-manno-heptose biosynthesis	0.0000000000
PWY0-1241: ADP-L-glycero-&beta;-D-manno-heptose biosynthesis|unclassified	0.0000000000
P441-PWY: superpathway of N-acetylneuraminate degradation	0.0000000000
P441-PWY: superpathway of N-acetylneuraminate degradation|unclassified	0.0000000000
PWY-7323: superpathway of GDP-mannose-derived O-antigen building blocks biosynthesis	0.0000000000
PWY-7323: superpathway of GDP-mannose-derived O-antigen building blocks biosynthesis|unclassified	0.0000000000
PWY-6834: spermidine biosynthesis III	0.0000000000
PWY-6834: spermidine biosynthesis III|unclassified	0.0000000000
PWY-6859: all-trans-farnesol biosynthesis	0.0000000000
PWY-6859: all-trans-farnesol biosynthesis|unclassified	0.0000000000
ORNDEG-PWY: superpathway of ornithine degradation	0.0000000000
ORNDEG-PWY: superpathway of ornithine degradation|unclassified	0.0000000000
PWY-7820: teichuronic acid biosynthesis (B. subtilis 168)	0.0000000000
PWY-6151: S-adenosyl-L-methionine salvage I	0.0000000000
PWY-6151: S-adenosyl-L-methionine salvage I|unclassified	0.0000000000
P41-PWY: pyruvate fermentation to acetate and (S)-lactate I	0.0000000000
P41-PWY: pyruvate fermentation to acetate and (S)-lactate I|unclassified	0.0000000000
DENITRIFICATION-PWY: nitrate reduction I (denitrification)	0.0000000000
DENITRIFICATION-PWY: nitrate reduction I (denitrification)|unclassified	0.0000000000
PWY-5675: nitrate reduction V (assimilatory)	0.0000000000
PWY-5675: nitrate reduction V (assimilatory)|unclassified	0.0000000000
PWY-7761: NAD salvage pathway II (PNC IV cycle)	0.0000000000
PWY-7761: NAD salvage pathway II (PNC IV cycle)|unclassified	0.0000000000
PWY-6823: molybdopterin biosynthesis	0.0000000000
PWY-6823: molybdopterin biosynthesis|unclassified	0.0000000000
GLCMANNANAUT-PWY: superpathway of N-acetylglucosamine, N-acetylmannosamine and N-acetylneuraminate degradation	0.0000000000
GLCMANNANAUT-PWY: superpathway of N-acetylglucosamine, N-acetylmannosamine and N-acetylneuraminate degradation|unclassified	0.0000000000
GLYOXYLATE-BYPASS: glyoxylate cycle	0.0000000000
GLYOXYLATE-BYPASS: glyoxylate cycle|unclassified	0.0000000000
PWY-7204: pyridoxal 5'-phosphate salvage II (plants)	0.0000000000
LACTOSECAT-PWY: lactose and galactose degradation I	0.0000000000
P161-PWY: acetylene degradation (anaerobic)	0.0000000000
P161-PWY: acetylene degradation (anaerobic)|unclassified	0.0000000000
PWY-7731: superpathway of photosynthetic hydrogen production	0.0000000000
PWY-101: photosynthesis light reactions	0.0000000000