# Pathway	P21158_80_S11_001_Abundance
UNMAPPED	14574896.0830839165
UNINTEGRATED	9947065.8562466260
UNINTEGRATED|unclassified	7759837.6742035924
UNINTEGRATED|g__Candidatus_Cloacimonas.s__Candidatus_Cloacimonas_acidaminovorans	420865.4314249765
UNINTEGRATED|g__Oenococcus.s__Oenococcus_oeni	364238.9050339222
UNINTEGRATED|g__Methanothrix.s__Methanothrix_soehngenii	102144.1699473819
SER-GLYSYN-PWY: superpathway of L-serine and glycine biosynthesis I	6320.8368041298
SER-GLYSYN-PWY: superpathway of L-serine and glycine biosynthesis I|g__Candidatus_Cloacimonas.s__Candidatus_Cloacimonas_acidaminovorans	2255.9688866697
SER-GLYSYN-PWY: superpathway of L-serine and glycine biosynthesis I|unclassified	2005.2833999590
SER-GLYSYN-PWY: superpathway of L-serine and glycine biosynthesis I|g__Methanothrix.s__Methanothrix_soehngenii	93.1692470838
DTDPRHAMSYN-PWY: dTDP-&beta;-L-rhamnose biosynthesis	6205.6093155800
DTDPRHAMSYN-PWY: dTDP-&beta;-L-rhamnose biosynthesis|g__Oenococcus.s__Oenococcus_oeni	5446.1500111975
DTDPRHAMSYN-PWY: dTDP-&beta;-L-rhamnose biosynthesis|unclassified	197.4737475382
DTDPRHAMSYN-PWY: dTDP-&beta;-L-rhamnose biosynthesis|g__Methanothrix.s__Methanothrix_soehngenii	34.1662628082
METH-ACETATE-PWY: methanogenesis from acetate	5941.4649341348
METH-ACETATE-PWY: methanogenesis from acetate|unclassified	2362.4292010643
PWY-6609: adenine and adenosine salvage III	3364.0333788637
PWY-6609: adenine and adenosine salvage III|g__Candidatus_Cloacimonas.s__Candidatus_Cloacimonas_acidaminovorans	1112.9136451613
PWY-6609: adenine and adenosine salvage III|unclassified	195.8541968228
PWY-6588: pyruvate fermentation to acetone	3346.4926815434
PWY-6588: pyruvate fermentation to acetone|unclassified	249.7099268014
PWY-5100: pyruvate fermentation to acetate and lactate II	3145.1187782326
PWY-5100: pyruvate fermentation to acetate and lactate II|unclassified	2237.9534446442
PWY66-429: fatty acid biosynthesis initiation (mitochondria)	2870.6545822674
PWY66-429: fatty acid biosynthesis initiation (mitochondria)|g__Oenococcus.s__Oenococcus_oeni	1578.8245271625
PWY66-429: fatty acid biosynthesis initiation (mitochondria)|unclassified	314.8580062928
PWY-7220: adenosine deoxyribonucleotides de novo biosynthesis II	2461.0263372930
PWY-7220: adenosine deoxyribonucleotides de novo biosynthesis II|unclassified	623.6502683639
PWY-7220: adenosine deoxyribonucleotides de novo biosynthesis II|g__Candidatus_Cloacimonas.s__Candidatus_Cloacimonas_acidaminovorans	332.4346268452
PWY-7222: guanosine deoxyribonucleotides de novo biosynthesis II	2461.0263372930
PWY-7222: guanosine deoxyribonucleotides de novo biosynthesis II|unclassified	623.6502683639
PWY-7222: guanosine deoxyribonucleotides de novo biosynthesis II|g__Candidatus_Cloacimonas.s__Candidatus_Cloacimonas_acidaminovorans	332.4346268452
PWY-5695: inosine 5'-phosphate degradation	2271.8139464071
PWY-5695: inosine 5'-phosphate degradation|g__Candidatus_Cloacimonas.s__Candidatus_Cloacimonas_acidaminovorans	1393.8448393181
PWY-5695: inosine 5'-phosphate degradation|unclassified	691.5090787492
PWY-6608: guanosine nucleotides degradation III	2271.8139464071
PWY-6608: guanosine nucleotides degradation III|g__Candidatus_Cloacimonas.s__Candidatus_Cloacimonas_acidaminovorans	1393.8448393181
PWY-6608: guanosine nucleotides degradation III|unclassified	691.5090787492
PWY-7237: myo-, chiro- and scyllo-inositol degradation	2177.9659270389
PWY-7237: myo-, chiro- and scyllo-inositol degradation|unclassified	352.8992194373
SALVADEHYPOX-PWY: adenosine nucleotides degradation II	2110.8280482457
SALVADEHYPOX-PWY: adenosine nucleotides degradation II|g__Candidatus_Cloacimonas.s__Candidatus_Cloacimonas_acidaminovorans	1269.7828059215
SALVADEHYPOX-PWY: adenosine nucleotides degradation II|unclassified	694.7944650482
PWY-1042: glycolysis IV	2094.4618662840
PWY-1042: glycolysis IV|unclassified	850.7704761607
PWY-1042: glycolysis IV|g__Candidatus_Cloacimonas.s__Candidatus_Cloacimonas_acidaminovorans	787.1310139187
P108-PWY: pyruvate fermentation to propanoate I	1987.5115487688
P108-PWY: pyruvate fermentation to propanoate I|unclassified	1242.2466038972
ANAGLYCOLYSIS-PWY: glycolysis III (from glucose)	1911.3529796508
ANAGLYCOLYSIS-PWY: glycolysis III (from glucose)|unclassified	658.6905567501
PWY-5384: sucrose degradation IV (sucrose phosphorylase)	1899.8592525588
PWY-6590: superpathway of Clostridium acetobutylicum acidogenic fermentation	1785.8850932801
PWY-6590: superpathway of Clostridium acetobutylicum acidogenic fermentation|unclassified	738.1489488891
PWY-7208: superpathway of pyrimidine nucleobases salvage	1781.4677902797
PWY-7208: superpathway of pyrimidine nucleobases salvage|g__Candidatus_Cloacimonas.s__Candidatus_Cloacimonas_acidaminovorans	438.7046902935
PWY-7208: superpathway of pyrimidine nucleobases salvage|unclassified	282.6430392335
PWY-6126: superpathway of adenosine nucleotides de novo biosynthesis II	1777.2763704631
PWY-6126: superpathway of adenosine nucleotides de novo biosynthesis II|unclassified	442.7067659765
PWY-7229: superpathway of adenosine nucleotides de novo biosynthesis I	1702.3290552921
PWY-7229: superpathway of adenosine nucleotides de novo biosynthesis I|unclassified	436.9558233247
PWY-7197: pyrimidine deoxyribonucleotide phosphorylation	1595.2534849445
PWY-7197: pyrimidine deoxyribonucleotide phosphorylation|unclassified	633.7038688119
PWY-7197: pyrimidine deoxyribonucleotide phosphorylation|g__Candidatus_Cloacimonas.s__Candidatus_Cloacimonas_acidaminovorans	251.5863146275
PWY-7197: pyrimidine deoxyribonucleotide phosphorylation|g__Methanothrix.s__Methanothrix_soehngenii	139.1281536882
PWY-7228: superpathway of guanosine nucleotides de novo biosynthesis I	1588.2590009449
PWY-7228: superpathway of guanosine nucleotides de novo biosynthesis I|unclassified	699.9051834037
PWY-7228: superpathway of guanosine nucleotides de novo biosynthesis I|g__Candidatus_Cloacimonas.s__Candidatus_Cloacimonas_acidaminovorans	384.7827385686
GLYCOLYSIS: glycolysis I (from glucose 6-phosphate)	1574.5012706621
GLYCOLYSIS: glycolysis I (from glucose 6-phosphate)|unclassified	508.7966138544
GLUCONEO-PWY: gluconeogenesis I	1572.3874077509
GLUCONEO-PWY: gluconeogenesis I|unclassified	890.0683181585
CENTFERM-PWY: pyruvate fermentation to butanoate	1549.7303892734
CENTFERM-PWY: pyruvate fermentation to butanoate|unclassified	609.0894408653
PWY-6353: purine nucleotides degradation II (aerobic)	1441.9708388302
PWY-6353: purine nucleotides degradation II (aerobic)|unclassified	619.5663333842
PWY-6353: purine nucleotides degradation II (aerobic)|g__Candidatus_Cloacimonas.s__Candidatus_Cloacimonas_acidaminovorans	591.7177027048
PWY-6125: superpathway of guanosine nucleotides de novo biosynthesis II	1417.0998420191
PWY-6125: superpathway of guanosine nucleotides de novo biosynthesis II|unclassified	405.6024736116
PWY-6125: superpathway of guanosine nucleotides de novo biosynthesis II|g__Candidatus_Cloacimonas.s__Candidatus_Cloacimonas_acidaminovorans	330.1472371999
P42-PWY: incomplete reductive TCA cycle	1410.8805055597
P42-PWY: incomplete reductive TCA cycle|unclassified	815.2214597999
PWY-1269: CMP-3-deoxy-D-manno-octulosonate biosynthesis	1407.6615089756
PWY-1269: CMP-3-deoxy-D-manno-octulosonate biosynthesis|g__Candidatus_Cloacimonas.s__Candidatus_Cloacimonas_acidaminovorans	1122.0753701109
PWY-1269: CMP-3-deoxy-D-manno-octulosonate biosynthesis|unclassified	178.4280450505
TRNA-CHARGING-PWY: tRNA charging	1401.8109748745
TRNA-CHARGING-PWY: tRNA charging|g__Candidatus_Cloacimonas.s__Candidatus_Cloacimonas_acidaminovorans	500.2487060278
TRNA-CHARGING-PWY: tRNA charging|unclassified	356.5561964947
PWY-8178: pentose phosphate pathway (non-oxidative branch) II	1358.1430451788
PWY-8178: pentose phosphate pathway (non-oxidative branch) II|g__Candidatus_Cloacimonas.s__Candidatus_Cloacimonas_acidaminovorans	623.1322383032
PWY-8178: pentose phosphate pathway (non-oxidative branch) II|unclassified	457.6858544375
PWY-7221: guanosine ribonucleotides de novo biosynthesis	1345.5574283300
PWY-7221: guanosine ribonucleotides de novo biosynthesis|unclassified	700.5694185608
PWY-7221: guanosine ribonucleotides de novo biosynthesis|g__Candidatus_Cloacimonas.s__Candidatus_Cloacimonas_acidaminovorans	417.5934527797
PWY-7221: guanosine ribonucleotides de novo biosynthesis|g__Oenococcus.s__Oenococcus_oeni	87.3381102815
PWY-5484: glycolysis II (from fructose 6-phosphate)	1256.8393340732
PWY-5484: glycolysis II (from fructose 6-phosphate)|unclassified	496.6846893347
UDPNAGSYN-PWY: UDP-N-acetyl-D-glucosamine biosynthesis I	1218.7950789213
UDPNAGSYN-PWY: UDP-N-acetyl-D-glucosamine biosynthesis I|g__Candidatus_Cloacimonas.s__Candidatus_Cloacimonas_acidaminovorans	428.8903545380
UDPNAGSYN-PWY: UDP-N-acetyl-D-glucosamine biosynthesis I|unclassified	207.6179069884
COA-PWY: coenzyme A biosynthesis I (prokaryotic)	1201.5802777217
COA-PWY: coenzyme A biosynthesis I (prokaryotic)|g__Candidatus_Cloacimonas.s__Candidatus_Cloacimonas_acidaminovorans	760.7388449229
COA-PWY: coenzyme A biosynthesis I (prokaryotic)|unclassified	320.1540193186
COA-PWY: coenzyme A biosynthesis I (prokaryotic)|g__Oenococcus.s__Oenococcus_oeni	81.4654162456
PWY66-399: gluconeogenesis III	1128.7637113727
PWY66-399: gluconeogenesis III|unclassified	590.7839021725
PWY-841: superpathway of purine nucleotides de novo biosynthesis I	1102.6959258834
PWY-841: superpathway of purine nucleotides de novo biosynthesis I|g__Candidatus_Cloacimonas.s__Candidatus_Cloacimonas_acidaminovorans	343.5494524088
PWY-841: superpathway of purine nucleotides de novo biosynthesis I|unclassified	251.3242416104
PWY-6123: inosine-5'-phosphate biosynthesis I	1077.5522835523
PWY-6123: inosine-5'-phosphate biosynthesis I|g__Candidatus_Cloacimonas.s__Candidatus_Cloacimonas_acidaminovorans	344.9357450259
PWY-6123: inosine-5'-phosphate biosynthesis I|unclassified	179.4521140552
PWY-6123: inosine-5'-phosphate biosynthesis I|g__Methanothrix.s__Methanothrix_soehngenii	48.7927997899
PWY-3841: folate transformations II (plants)	1058.3637002233
PWY-3841: folate transformations II (plants)|unclassified	496.1190133709
PWY-3841: folate transformations II (plants)|g__Oenococcus.s__Oenococcus_oeni	190.4042148900
PWY-6124: inosine-5'-phosphate biosynthesis II	1041.9811457960
PWY-6124: inosine-5'-phosphate biosynthesis II|g__Candidatus_Cloacimonas.s__Candidatus_Cloacimonas_acidaminovorans	303.6457175396
PWY-6124: inosine-5'-phosphate biosynthesis II|unclassified	175.9008614010
PWY-6124: inosine-5'-phosphate biosynthesis II|g__Methanothrix.s__Methanothrix_soehngenii	94.7510837726
PWY-6124: inosine-5'-phosphate biosynthesis II|g__Oenococcus.s__Oenococcus_oeni	88.2274379177
PWY-6122: 5-aminoimidazole ribonucleotide biosynthesis II	1014.5451135778
PWY-6122: 5-aminoimidazole ribonucleotide biosynthesis II|g__Candidatus_Cloacimonas.s__Candidatus_Cloacimonas_acidaminovorans	663.9094874134
PWY-6122: 5-aminoimidazole ribonucleotide biosynthesis II|unclassified	221.5635500052
PWY-6122: 5-aminoimidazole ribonucleotide biosynthesis II|g__Methanothrix.s__Methanothrix_soehngenii	124.6513559921
PWY-6277: superpathway of 5-aminoimidazole ribonucleotide biosynthesis	1014.5451135778
PWY-6277: superpathway of 5-aminoimidazole ribonucleotide biosynthesis|g__Candidatus_Cloacimonas.s__Candidatus_Cloacimonas_acidaminovorans	663.9094874134
PWY-6277: superpathway of 5-aminoimidazole ribonucleotide biosynthesis|unclassified	221.5635500052
PWY-6277: superpathway of 5-aminoimidazole ribonucleotide biosynthesis|g__Methanothrix.s__Methanothrix_soehngenii	124.6513559921
P163-PWY: L-lysine fermentation to acetate and butanoate	1012.8227420755
P163-PWY: L-lysine fermentation to acetate and butanoate|g__Candidatus_Cloacimonas.s__Candidatus_Cloacimonas_acidaminovorans	558.9541474151
P163-PWY: L-lysine fermentation to acetate and butanoate|unclassified	110.5235206402
NONOXIPENT-PWY: pentose phosphate pathway (non-oxidative branch) I	1007.3632173226
NONOXIPENT-PWY: pentose phosphate pathway (non-oxidative branch) I|g__Candidatus_Cloacimonas.s__Candidatus_Cloacimonas_acidaminovorans	514.4438136238
NONOXIPENT-PWY: pentose phosphate pathway (non-oxidative branch) I|unclassified	294.7549746369
CALVIN-PWY: Calvin-Benson-Bassham cycle	964.1784920578
CALVIN-PWY: Calvin-Benson-Bassham cycle|unclassified	453.4365561058
PWY-7851: coenzyme A biosynthesis II (eukaryotic)	960.1800370194
PWY-7851: coenzyme A biosynthesis II (eukaryotic)|g__Candidatus_Cloacimonas.s__Candidatus_Cloacimonas_acidaminovorans	134.4747663712
PWY-7851: coenzyme A biosynthesis II (eukaryotic)|unclassified	127.3418466838
PWY-7851: coenzyme A biosynthesis II (eukaryotic)|g__Oenococcus.s__Oenococcus_oeni	81.4654162456
PWY-6309: L-tryptophan degradation XI (mammalian, via kynurenine)	949.6727188017
PWY-6309: L-tryptophan degradation XI (mammalian, via kynurenine)|g__Candidatus_Cloacimonas.s__Candidatus_Cloacimonas_acidaminovorans	949.6727188017
PWY-8187: L-arginine degradation XIII (reductive Stickland reaction)	935.1887882745
PWY-8187: L-arginine degradation XIII (reductive Stickland reaction)|unclassified	184.2410245710
ANAEROFRUCAT-PWY: homolactic fermentation	905.7874696915
ANAEROFRUCAT-PWY: homolactic fermentation|unclassified	341.2227928030
PWY-6317: D-galactose degradation I (Leloir pathway)	904.7442138193
PWY-6317: D-galactose degradation I (Leloir pathway)|unclassified	119.0382800942
PWY-5136: fatty acid &beta;-oxidation II (plant peroxisome)	894.1495186664
PWY-5136: fatty acid &beta;-oxidation II (plant peroxisome)|unclassified	894.1495186664
OANTIGEN-PWY: O-antigen building blocks biosynthesis (E. coli)	892.6435431660
OANTIGEN-PWY: O-antigen building blocks biosynthesis (E. coli)|unclassified	111.1531988422
PWY-7199: pyrimidine deoxyribonucleosides salvage	872.5217006710
PWY-7199: pyrimidine deoxyribonucleosides salvage|unclassified	161.2496583096
PWY-7199: pyrimidine deoxyribonucleosides salvage|g__Oenococcus.s__Oenococcus_oeni	153.6528024318
PWY-7328: superpathway of UDP-glucose-derived O-antigen building blocks biosynthesis	866.4235066624
PWY-7328: superpathway of UDP-glucose-derived O-antigen building blocks biosynthesis|unclassified	54.0324610951
PWY-6606: guanosine nucleotides degradation II	862.6624959866
PWY-6606: guanosine nucleotides degradation II|unclassified	459.1025795977
PWY-6606: guanosine nucleotides degradation II|g__Candidatus_Cloacimonas.s__Candidatus_Cloacimonas_acidaminovorans	312.7253805348
PWY-5941: glycogen degradation II	854.5033603676
PWY-5941: glycogen degradation II|unclassified	408.5286799810
PWY-6121: 5-aminoimidazole ribonucleotide biosynthesis I	839.2235009921
PWY-6121: 5-aminoimidazole ribonucleotide biosynthesis I|g__Candidatus_Cloacimonas.s__Candidatus_Cloacimonas_acidaminovorans	397.4565040564
PWY-6121: 5-aminoimidazole ribonucleotide biosynthesis I|unclassified	212.7698282718
PWY-6121: 5-aminoimidazole ribonucleotide biosynthesis I|g__Methanothrix.s__Methanothrix_soehngenii	81.9292155069
PWY-7238: sucrose biosynthesis II	809.6221654954
PWY-7238: sucrose biosynthesis II|g__Candidatus_Cloacimonas.s__Candidatus_Cloacimonas_acidaminovorans	443.4034168779
PWY-7238: sucrose biosynthesis II|unclassified	363.7414633461
P164-PWY: purine nucleobases degradation I (anaerobic)	792.0642415687
P164-PWY: purine nucleobases degradation I (anaerobic)|unclassified	559.5481495461
COA-PWY-1: superpathway of coenzyme A biosynthesis III (mammals)	782.5961394921
COA-PWY-1: superpathway of coenzyme A biosynthesis III (mammals)|g__Candidatus_Cloacimonas.s__Candidatus_Cloacimonas_acidaminovorans	155.0086020359
COA-PWY-1: superpathway of coenzyme A biosynthesis III (mammals)|unclassified	129.4644937675
CITRULBIO-PWY: L-citrulline biosynthesis	774.4609617057
PWY66-409: superpathway of purine nucleotide salvage	726.2324661901
PWY66-409: superpathway of purine nucleotide salvage|unclassified	277.9467086828
THRESYN-PWY: superpathway of L-threonine biosynthesis	678.9971340554
THRESYN-PWY: superpathway of L-threonine biosynthesis|unclassified	143.6490421054
PYRIDNUCSYN-PWY: NAD de novo biosynthesis I (from aspartate)	677.5489866439
PYRIDNUCSYN-PWY: NAD de novo biosynthesis I (from aspartate)|unclassified	135.9799835331
HISDEG-PWY: L-histidine degradation I	676.2664022511
HISDEG-PWY: L-histidine degradation I|g__Candidatus_Cloacimonas.s__Candidatus_Cloacimonas_acidaminovorans	337.3080388054
HISDEG-PWY: L-histidine degradation I|unclassified	305.5927027847
PWY-5209: methyl-coenzyme M oxidation to CO2	655.5928492583
PWY-5209: methyl-coenzyme M oxidation to CO2|unclassified	518.2742441377
PWY-5209: methyl-coenzyme M oxidation to CO2|g__Methanothrix.s__Methanothrix_soehngenii	123.3510262094
PWY-6731: starch degradation III	649.2755969098
PWY-6731: starch degradation III|unclassified	388.9532638226
METHANOGENESIS-PWY: methanogenesis from H2 and CO2	634.9097563037
METHANOGENESIS-PWY: methanogenesis from H2 and CO2|unclassified	540.9465719912
PANTOSYN-PWY: superpathway of coenzyme A biosynthesis I (bacteria)	631.3598402985
PANTOSYN-PWY: superpathway of coenzyme A biosynthesis I (bacteria)|g__Candidatus_Cloacimonas.s__Candidatus_Cloacimonas_acidaminovorans	179.1779494858
PANTOSYN-PWY: superpathway of coenzyme A biosynthesis I (bacteria)|unclassified	173.6500347572
FERMENTATION-PWY: mixed acid fermentation	629.4024872389
FERMENTATION-PWY: mixed acid fermentation|unclassified	222.3658460855
PWY-2941: L-lysine biosynthesis II	616.1492646553
PWY-2941: L-lysine biosynthesis II|unclassified	115.5771931976
PWY-5097: L-lysine biosynthesis VI	615.5665489013
PWY-5097: L-lysine biosynthesis VI|g__Candidatus_Cloacimonas.s__Candidatus_Cloacimonas_acidaminovorans	301.6331183749
PWY-5097: L-lysine biosynthesis VI|unclassified	115.4955840239
PWY-6703: preQ0 biosynthesis	599.3620053681
PWY-6703: preQ0 biosynthesis|g__Candidatus_Cloacimonas.s__Candidatus_Cloacimonas_acidaminovorans	405.6689285080
PWY-6703: preQ0 biosynthesis|unclassified	179.9332581291
PWY-7977: L-methionine biosynthesis IV	596.8136428542
PWY-7977: L-methionine biosynthesis IV|unclassified	130.8243009128
PEPTIDOGLYCANSYN-PWY: peptidoglycan biosynthesis I (meso-diaminopimelate containing)	586.8402209853
PEPTIDOGLYCANSYN-PWY: peptidoglycan biosynthesis I (meso-diaminopimelate containing)|g__Oenococcus.s__Oenococcus_oeni	297.1090960140
PEPTIDOGLYCANSYN-PWY: peptidoglycan biosynthesis I (meso-diaminopimelate containing)|g__Candidatus_Cloacimonas.s__Candidatus_Cloacimonas_acidaminovorans	147.3031796529
PWY-5659: GDP-mannose biosynthesis	585.4579526393
PWY-5659: GDP-mannose biosynthesis|g__Candidatus_Cloacimonas.s__Candidatus_Cloacimonas_acidaminovorans	235.9600738534
PWY-5659: GDP-mannose biosynthesis|unclassified	95.3749407813
PWY-8182: valproate &beta;-oxidation	567.1322152736
PWY-8182: valproate &beta;-oxidation|unclassified	229.5288237219
PWY-7383: anaerobic energy metabolism (invertebrates, cytosol)	563.2131906316
PWY-7383: anaerobic energy metabolism (invertebrates, cytosol)|unclassified	312.3861475018
PWY-6385: peptidoglycan biosynthesis III (mycobacteria)	560.5251311140
PWY-6385: peptidoglycan biosynthesis III (mycobacteria)|g__Candidatus_Cloacimonas.s__Candidatus_Cloacimonas_acidaminovorans	146.0574574113
PWY-5030: L-histidine degradation III	518.5378119429
PWY-5030: L-histidine degradation III|g__Candidatus_Cloacimonas.s__Candidatus_Cloacimonas_acidaminovorans	349.9698284367
PWY-6387: UDP-N-acetylmuramoyl-pentapeptide biosynthesis I (meso-diaminopimelate containing)	514.3968216758
PWY-6387: UDP-N-acetylmuramoyl-pentapeptide biosynthesis I (meso-diaminopimelate containing)|g__Oenococcus.s__Oenococcus_oeni	260.7470535226
PWY-6387: UDP-N-acetylmuramoyl-pentapeptide biosynthesis I (meso-diaminopimelate containing)|g__Candidatus_Cloacimonas.s__Candidatus_Cloacimonas_acidaminovorans	146.3916513070
PWY-6147: 6-hydroxymethyl-dihydropterin diphosphate biosynthesis I	510.4876263960
PWY-6147: 6-hydroxymethyl-dihydropterin diphosphate biosynthesis I|g__Candidatus_Cloacimonas.s__Candidatus_Cloacimonas_acidaminovorans	338.0504387363
PWY-6147: 6-hydroxymethyl-dihydropterin diphosphate biosynthesis I|unclassified	41.7839340340
PWY-6700: queuosine biosynthesis I (de novo)	496.4841312321
PWY-6700: queuosine biosynthesis I (de novo)|unclassified	203.9605659889
PWY-6700: queuosine biosynthesis I (de novo)|g__Candidatus_Cloacimonas.s__Candidatus_Cloacimonas_acidaminovorans	189.0280121230
PWY-6386: UDP-N-acetylmuramoyl-pentapeptide biosynthesis II (lysine-containing)	495.8587341235
PWY-6386: UDP-N-acetylmuramoyl-pentapeptide biosynthesis II (lysine-containing)|g__Oenococcus.s__Oenococcus_oeni	251.4181964301
PWY-6386: UDP-N-acetylmuramoyl-pentapeptide biosynthesis II (lysine-containing)|g__Candidatus_Cloacimonas.s__Candidatus_Cloacimonas_acidaminovorans	158.5329144185
PANTO-PWY: phosphopantothenate biosynthesis I	491.7261427749
PANTO-PWY: phosphopantothenate biosynthesis I|g__Candidatus_Cloacimonas.s__Candidatus_Cloacimonas_acidaminovorans	341.3146859463
PANTO-PWY: phosphopantothenate biosynthesis I|unclassified	170.1729018768
PENTOSE-P-PWY: pentose phosphate pathway	488.9040595838
BRANCHED-CHAIN-AA-SYN-PWY: superpathway of branched chain amino acid biosynthesis	481.7449406092
BRANCHED-CHAIN-AA-SYN-PWY: superpathway of branched chain amino acid biosynthesis|unclassified	258.3243169922
BRANCHED-CHAIN-AA-SYN-PWY: superpathway of branched chain amino acid biosynthesis|g__Methanothrix.s__Methanothrix_soehngenii	131.5369479090
RIBOSYN2-PWY: flavin biosynthesis I (bacteria and plants)	463.8766980930
RIBOSYN2-PWY: flavin biosynthesis I (bacteria and plants)|unclassified	148.0947039095
VALSYN-PWY: L-valine biosynthesis	460.4824232237
VALSYN-PWY: L-valine biosynthesis|unclassified	272.6369091343
VALSYN-PWY: L-valine biosynthesis|g__Methanothrix.s__Methanothrix_soehngenii	144.2210165321
PWY-5686: UMP biosynthesis I	453.7563438694
PWY-5686: UMP biosynthesis I|unclassified	180.5706708060
PWY-7790: UMP biosynthesis II	453.7563438694
PWY-7790: UMP biosynthesis II|unclassified	180.5706708060
PWY-7791: UMP biosynthesis III	453.7563438694
PWY-7791: UMP biosynthesis III|unclassified	220.4746625541
ILEUSYN-PWY: L-isoleucine biosynthesis I (from threonine)	441.2253324896
ILEUSYN-PWY: L-isoleucine biosynthesis I (from threonine)|unclassified	268.5469325669
ILEUSYN-PWY: L-isoleucine biosynthesis I (from threonine)|g__Methanothrix.s__Methanothrix_soehngenii	111.5240943337
DAPLYSINESYN-PWY: L-lysine biosynthesis I	440.1412732083
DAPLYSINESYN-PWY: L-lysine biosynthesis I|g__Candidatus_Cloacimonas.s__Candidatus_Cloacimonas_acidaminovorans	277.9665454213
NONMEVIPP-PWY: methylerythritol phosphate pathway I	419.7836028950
NONMEVIPP-PWY: methylerythritol phosphate pathway I|g__Candidatus_Cloacimonas.s__Candidatus_Cloacimonas_acidaminovorans	199.4742391228
NONMEVIPP-PWY: methylerythritol phosphate pathway I|unclassified	111.5388154070
PWY-1861: formaldehyde assimilation II (assimilatory RuMP Cycle)	416.1399817166
PWY-1861: formaldehyde assimilation II (assimilatory RuMP Cycle)|unclassified	277.3479326380
PWY0-1061: superpathway of L-alanine biosynthesis	414.1825510139
PWY0-1061: superpathway of L-alanine biosynthesis|unclassified	207.0514402756
PWY-5103: L-isoleucine biosynthesis III	406.0444944920
PWY-5103: L-isoleucine biosynthesis III|unclassified	242.4767079476
PWY-5103: L-isoleucine biosynthesis III|g__Methanothrix.s__Methanothrix_soehngenii	97.0768790723
PWY-3001: superpathway of L-isoleucine biosynthesis I	388.9874346614
PWY-3001: superpathway of L-isoleucine biosynthesis I|unclassified	147.3651829729
PWY-7115: C4 photosynthetic carbon assimilation cycle, NAD-ME type	383.0801963844
PWY-7115: C4 photosynthetic carbon assimilation cycle, NAD-ME type|unclassified	257.0334412259
PWY0-1296: purine ribonucleosides degradation	379.5508899970
PWY0-1296: purine ribonucleosides degradation|g__Candidatus_Cloacimonas.s__Candidatus_Cloacimonas_acidaminovorans	372.8716949806
PWY0-1296: purine ribonucleosides degradation|unclassified	125.1607737958
PWY-5130: 2-oxobutanoate degradation I	368.7302004914
PWY4FS-8: phosphatidylglycerol biosynthesis II (non-plastidic)	364.9067382293
PWY4FS-8: phosphatidylglycerol biosynthesis II (non-plastidic)|g__Candidatus_Cloacimonas.s__Candidatus_Cloacimonas_acidaminovorans	150.1179180937
PWY4FS-7: phosphatidylglycerol biosynthesis I (plastidic)	364.9067382293
PWY4FS-7: phosphatidylglycerol biosynthesis I (plastidic)|g__Candidatus_Cloacimonas.s__Candidatus_Cloacimonas_acidaminovorans	150.1179180937
PWY-7560: methylerythritol phosphate pathway II	360.0007229011
PWY-7560: methylerythritol phosphate pathway II|unclassified	112.6035573868
PWY-5667: CDP-diacylglycerol biosynthesis I	357.2030095992
PWY-5667: CDP-diacylglycerol biosynthesis I|g__Candidatus_Cloacimonas.s__Candidatus_Cloacimonas_acidaminovorans	117.3585299427
PWY-5667: CDP-diacylglycerol biosynthesis I|g__Oenococcus.s__Oenococcus_oeni	113.3210085942
PWY-5667: CDP-diacylglycerol biosynthesis I|unclassified	100.6380364311
PWY0-1319: CDP-diacylglycerol biosynthesis II	357.2030095992
PWY0-1319: CDP-diacylglycerol biosynthesis II|g__Candidatus_Cloacimonas.s__Candidatus_Cloacimonas_acidaminovorans	117.3585299427
PWY0-1319: CDP-diacylglycerol biosynthesis II|g__Oenococcus.s__Oenococcus_oeni	113.3210085942
PWY0-1319: CDP-diacylglycerol biosynthesis II|unclassified	100.6380364311
PWY-6270: isoprene biosynthesis I	347.2221737284
PWY-6270: isoprene biosynthesis I|unclassified	83.9946299818
GLYCOGENSYNTH-PWY: glycogen biosynthesis I (from ADP-D-Glucose)	342.1706505243
GLYCOGENSYNTH-PWY: glycogen biosynthesis I (from ADP-D-Glucose)|unclassified	334.7962088665
PWY-5121: superpathway of geranylgeranyl diphosphate biosynthesis II (via MEP)	341.0746488209
PWY-5121: superpathway of geranylgeranyl diphosphate biosynthesis II (via MEP)|unclassified	73.6752537841
PWY-5981: CDP-diacylglycerol biosynthesis III	339.9714418194
PWY-5981: CDP-diacylglycerol biosynthesis III|g__Oenococcus.s__Oenococcus_oeni	112.0949823592
NAGLIPASYN-PWY: lipid IVA biosynthesis (E. coli)	326.7981276835
NAGLIPASYN-PWY: lipid IVA biosynthesis (E. coli)|g__Candidatus_Cloacimonas.s__Candidatus_Cloacimonas_acidaminovorans	313.5833582407
PWY-8073: lipid IVA biosynthesis (P. putida)	326.7981276835
PWY-8073: lipid IVA biosynthesis (P. putida)|g__Candidatus_Cloacimonas.s__Candidatus_Cloacimonas_acidaminovorans	313.5833582407
PWY-724: superpathway of L-lysine, L-threonine and L-methionine biosynthesis II	321.4367732761
PWY-724: superpathway of L-lysine, L-threonine and L-methionine biosynthesis II|unclassified	95.4761554820
PWY-7111: pyruvate fermentation to isobutanol (engineered)	316.6448082691
PWY-7111: pyruvate fermentation to isobutanol (engineered)|unclassified	196.1502951268
1CMET2-PWY: folate transformations III (E. coli)	299.1868097719
1CMET2-PWY: folate transformations III (E. coli)|unclassified	193.2841569868
ARGSYN-PWY: L-arginine biosynthesis I (via L-ornithine)	283.0425653726
ARGSYN-PWY: L-arginine biosynthesis I (via L-ornithine)|unclassified	141.2802587282
PWY-6527: stachyose degradation	271.3728506172
PWY-6527: stachyose degradation|g__Oenococcus.s__Oenococcus_oeni	75.8649286435
PWY-6527: stachyose degradation|unclassified	34.7421679395
GLUTORN-PWY: L-ornithine biosynthesis I	267.3722302157
GLUTORN-PWY: L-ornithine biosynthesis I|unclassified	144.2006426719
GLUTORN-PWY: L-ornithine biosynthesis I|g__Methanothrix.s__Methanothrix_soehngenii	50.4489184123
PWY-7234: inosine-5'-phosphate biosynthesis III	266.8609111962
PWY-7234: inosine-5'-phosphate biosynthesis III|unclassified	57.0372713293
PWY-7234: inosine-5'-phosphate biosynthesis III|g__Methanothrix.s__Methanothrix_soehngenii	45.5982650578
ARGININE-SYN4-PWY: L-ornithine biosynthesis II	255.2298052063
PWY0-1477: ethanolamine utilization	247.6224282949
PWY0-1477: ethanolamine utilization|unclassified	243.8067094270
ARGSYNBSUB-PWY: L-arginine biosynthesis II (acetyl cycle)	235.2348301843
ARGSYNBSUB-PWY: L-arginine biosynthesis II (acetyl cycle)|unclassified	133.1339356640
ARGSYNBSUB-PWY: L-arginine biosynthesis II (acetyl cycle)|g__Methanothrix.s__Methanothrix_soehngenii	50.0907735989
PWY-2942: L-lysine biosynthesis III	233.5180685097
PWY-2942: L-lysine biosynthesis III|unclassified	119.2032239076
PWY-7117: C4 photosynthetic carbon assimilation cycle, PEPCK type	207.8231396884
ASPASN-PWY: superpathway of L-aspartate and L-asparagine biosynthesis	205.9865593411
ASPASN-PWY: superpathway of L-aspartate and L-asparagine biosynthesis|unclassified	135.9317447617
PWY-5723: Rubisco shunt	202.6131367090
PWY-5723: Rubisco shunt|unclassified	74.1381801828
PWY-7400: L-arginine biosynthesis IV (archaebacteria)	198.5550225072
PWY-7400: L-arginine biosynthesis IV (archaebacteria)|unclassified	129.4044233933
PWY-6863: pyruvate fermentation to hexanol (engineered)	184.1413240203
PWY-6863: pyruvate fermentation to hexanol (engineered)|unclassified	183.8783002774
PWY0-1586: peptidoglycan maturation (meso-diaminopimelate containing)	182.6811470434
PWY0-1586: peptidoglycan maturation (meso-diaminopimelate containing)|unclassified	121.6711522102
PWY-7392: taxadiene biosynthesis (engineered)	169.6134630850
PWY-7392: taxadiene biosynthesis (engineered)|unclassified	49.7310243158
COLANSYN-PWY: colanic acid building blocks biosynthesis	161.0306208263
COLANSYN-PWY: colanic acid building blocks biosynthesis|unclassified	83.7428417470
PWY-241: C4 photosynthetic carbon assimilation cycle, NADP-ME type	160.5723561186
PWY-5154: L-arginine biosynthesis III (via N-acetyl-L-citrulline)	148.6957912286
PWY-5154: L-arginine biosynthesis III (via N-acetyl-L-citrulline)|unclassified	110.9524523761
P23-PWY: reductive TCA cycle I	145.7633020099
P23-PWY: reductive TCA cycle I|unclassified	124.3512332310
PWY0-1479: tRNA processing	141.7771685538
PWY0-1479: tRNA processing|unclassified	127.1315486297
PWY-7090: UDP-2,3-diacetamido-2,3-dideoxy-&alpha;-D-mannuronate biosynthesis	138.6626513416
PWY-7090: UDP-2,3-diacetamido-2,3-dideoxy-&alpha;-D-mannuronate biosynthesis|unclassified	138.6626513416
RHAMCAT-PWY: L-rhamnose degradation I	136.1847437681
RHAMCAT-PWY: L-rhamnose degradation I|unclassified	60.1640544841
POLYISOPRENSYN-PWY: polyisoprenoid biosynthesis (E. coli)	130.3703456160
POLYISOPRENSYN-PWY: polyisoprenoid biosynthesis (E. coli)|unclassified	37.6773546677
PWY-6349: CDP-archaeol biosynthesis	127.9134157297
PWY-6349: CDP-archaeol biosynthesis|unclassified	81.1912868311
PWY-6349: CDP-archaeol biosynthesis|g__Methanothrix.s__Methanothrix_soehngenii	58.7137561990
PWY-6902: chitin degradation II (Vibrio)	127.3135821656
PWY-6902: chitin degradation II (Vibrio)|unclassified	127.3135821656
P261-PWY: coenzyme M biosynthesis I	121.6066406167
P261-PWY: coenzyme M biosynthesis I|unclassified	42.8565472943
PWY-7200: superpathway of pyrimidine deoxyribonucleoside salvage	119.9831932187
PWY-7200: superpathway of pyrimidine deoxyribonucleoside salvage|unclassified	93.3527005445
PWY-6160: 3-dehydroquinate biosynthesis II (archaea)	118.7499331055
PWY-6160: 3-dehydroquinate biosynthesis II (archaea)|unclassified	74.4277505806
PWY0-1297: superpathway of purine deoxyribonucleosides degradation	109.9418929601
PWY0-1297: superpathway of purine deoxyribonucleosides degradation|unclassified	38.2067771264
PWY-5188: tetrapyrrole biosynthesis I (from glutamate)	108.6111552890
PWY-5188: tetrapyrrole biosynthesis I (from glutamate)|unclassified	45.9102629149
PWY-5188: tetrapyrrole biosynthesis I (from glutamate)|g__Methanothrix.s__Methanothrix_soehngenii	30.2957183210
PWY-6163: chorismate biosynthesis from 3-dehydroquinate	107.5321335372
PWY-6163: chorismate biosynthesis from 3-dehydroquinate|unclassified	105.3076590232
PWY0-1298: superpathway of pyrimidine deoxyribonucleosides degradation	105.2667793796
PWY0-1298: superpathway of pyrimidine deoxyribonucleosides degradation|unclassified	71.4064933170
PWY-5104: L-isoleucine biosynthesis IV	104.2412214602
PWY-5104: L-isoleucine biosynthesis IV|unclassified	92.5024223249
PWY-6165: chorismate biosynthesis II (archaea)	103.7168960798
PWY-6165: chorismate biosynthesis II (archaea)|unclassified	80.0777642866
PWY-6969: TCA cycle V (2-oxoglutarate synthase)	100.3454347825
PWY-6969: TCA cycle V (2-oxoglutarate synthase)|unclassified	62.7493909151
ARO-PWY: chorismate biosynthesis I	98.9876414210
ARO-PWY: chorismate biosynthesis I|unclassified	66.3747547350
PWY-5913: partial TCA cycle (obligate autotrophs)	98.1474147515
PWY-5101: L-isoleucine biosynthesis II	96.9549484320
PWY-5101: L-isoleucine biosynthesis II|unclassified	88.5793101284
PWY-6583: pyruvate fermentation to butanol I	93.5710267567
PWY-6583: pyruvate fermentation to butanol I|unclassified	93.4932009613
PWY-6749: CMP-legionaminate biosynthesis I	91.7659749950
PWY-6749: CMP-legionaminate biosynthesis I|unclassified	79.5305839781
PWY-6350: archaetidylinositol biosynthesis	88.0095536878
PWY-6350: archaetidylinositol biosynthesis|g__Methanothrix.s__Methanothrix_soehngenii	39.6818672681
PWY-6507: 4-deoxy-L-threo-hex-4-enopyranuronate degradation	87.2763970934
PWY-6507: 4-deoxy-L-threo-hex-4-enopyranuronate degradation|unclassified	87.2763970934
PWY0-1241: ADP-L-glycero-&beta;-D-manno-heptose biosynthesis	85.6217344998
PWY0-1241: ADP-L-glycero-&beta;-D-manno-heptose biosynthesis|unclassified	52.1974090845
P441-PWY: superpathway of N-acetylneuraminate degradation	84.5426491231
P441-PWY: superpathway of N-acetylneuraminate degradation|unclassified	73.9105237997
PWY-7323: superpathway of GDP-mannose-derived O-antigen building blocks biosynthesis	77.9504686339
PWY-7323: superpathway of GDP-mannose-derived O-antigen building blocks biosynthesis|unclassified	59.5810596728
PWY-6834: spermidine biosynthesis III	77.2447156825
PWY-6834: spermidine biosynthesis III|unclassified	73.0005392618
PWY-6859: all-trans-farnesol biosynthesis	76.6788569942
PWY-6859: all-trans-farnesol biosynthesis|unclassified	24.8909265402
ORNDEG-PWY: superpathway of ornithine degradation	72.5847497728
ORNDEG-PWY: superpathway of ornithine degradation|unclassified	56.9458040159
PWY-7820: teichuronic acid biosynthesis (B. subtilis 168)	72.0115316701
PWY-6151: S-adenosyl-L-methionine salvage I	68.1646645495
PWY-6151: S-adenosyl-L-methionine salvage I|unclassified	34.9311777136
P41-PWY: pyruvate fermentation to acetate and (S)-lactate I	66.3397656786
P41-PWY: pyruvate fermentation to acetate and (S)-lactate I|unclassified	65.9251392448
DENITRIFICATION-PWY: nitrate reduction I (denitrification)	63.6913946674
DENITRIFICATION-PWY: nitrate reduction I (denitrification)|unclassified	63.6913946674
PWY-5675: nitrate reduction V (assimilatory)	63.4790459572
PWY-5675: nitrate reduction V (assimilatory)|unclassified	62.4619093789
PWY-7761: NAD salvage pathway II (PNC IV cycle)	60.7088547681
PWY-7761: NAD salvage pathway II (PNC IV cycle)|unclassified	54.7563804363
PWY-6823: molybdopterin biosynthesis	58.1720011048
PWY-6823: molybdopterin biosynthesis|unclassified	39.6430909698
GLCMANNANAUT-PWY: superpathway of N-acetylglucosamine, N-acetylmannosamine and N-acetylneuraminate degradation	57.1187235399
GLCMANNANAUT-PWY: superpathway of N-acetylglucosamine, N-acetylmannosamine and N-acetylneuraminate degradation|unclassified	55.5095508723
GLYOXYLATE-BYPASS: glyoxylate cycle	43.5554310282
GLYOXYLATE-BYPASS: glyoxylate cycle|unclassified	43.4929247292
PWY-7204: pyridoxal 5'-phosphate salvage II (plants)	41.7814695884
LACTOSECAT-PWY: lactose and galactose degradation I	38.1771883975
P161-PWY: acetylene degradation (anaerobic)	29.5405042945
P161-PWY: acetylene degradation (anaerobic)|unclassified	28.7813417050
PWY-7731: superpathway of photosynthetic hydrogen production	23.8239334819
PWY-101: photosynthesis light reactions	16.0359221429