# Pathway	P21158_80_S11_001_Abundance
UNMAPPED	0.590995
UNINTEGRATED	0.403342
UNINTEGRATED|unclassified	0.314652
UNINTEGRATED|g__Candidatus_Cloacimonas.s__Candidatus_Cloacimonas_acidaminovorans	0.0170656
UNINTEGRATED|g__Oenococcus.s__Oenococcus_oeni	0.0147695
UNINTEGRATED|g__Methanothrix.s__Methanothrix_soehngenii	0.00414183
SER-GLYSYN-PWY: superpathway of L-serine and glycine biosynthesis I	0.000256302
SER-GLYSYN-PWY: superpathway of L-serine and glycine biosynthesis I|g__Candidatus_Cloacimonas.s__Candidatus_Cloacimonas_acidaminovorans	9.14769e-05
SER-GLYSYN-PWY: superpathway of L-serine and glycine biosynthesis I|unclassified	8.13119e-05
SER-GLYSYN-PWY: superpathway of L-serine and glycine biosynthesis I|g__Methanothrix.s__Methanothrix_soehngenii	3.7779e-06
DTDPRHAMSYN-PWY: dTDP-&beta;-L-rhamnose biosynthesis	0.00025163
DTDPRHAMSYN-PWY: dTDP-&beta;-L-rhamnose biosynthesis|g__Oenococcus.s__Oenococcus_oeni	0.000220835
DTDPRHAMSYN-PWY: dTDP-&beta;-L-rhamnose biosynthesis|unclassified	8.00733e-06
DTDPRHAMSYN-PWY: dTDP-&beta;-L-rhamnose biosynthesis|g__Methanothrix.s__Methanothrix_soehngenii	1.3854e-06
METH-ACETATE-PWY: methanogenesis from acetate	0.000240919
METH-ACETATE-PWY: methanogenesis from acetate|unclassified	9.57937e-05
PWY-6609: adenine and adenosine salvage III	0.000136408
PWY-6609: adenine and adenosine salvage III|g__Candidatus_Cloacimonas.s__Candidatus_Cloacimonas_acidaminovorans	4.51273e-05
PWY-6609: adenine and adenosine salvage III|unclassified	7.94166e-06
PWY-6588: pyruvate fermentation to acetone	0.000135696
PWY-6588: pyruvate fermentation to acetone|unclassified	1.01254e-05
PWY-5100: pyruvate fermentation to acetate and lactate II	0.000127531
PWY-5100: pyruvate fermentation to acetate and lactate II|unclassified	9.07464e-05
PWY66-429: fatty acid biosynthesis initiation (mitochondria)	0.000116402
PWY66-429: fatty acid biosynthesis initiation (mitochondria)|g__Oenococcus.s__Oenococcus_oeni	6.40195e-05
PWY66-429: fatty acid biosynthesis initiation (mitochondria)|unclassified	1.27671e-05
PWY-7220: adenosine deoxyribonucleotides de novo biosynthesis II	9.97917e-05
PWY-7220: adenosine deoxyribonucleotides de novo biosynthesis II|unclassified	2.52883e-05
PWY-7220: adenosine deoxyribonucleotides de novo biosynthesis II|g__Candidatus_Cloacimonas.s__Candidatus_Cloacimonas_acidaminovorans	1.34798e-05
PWY-7222: guanosine deoxyribonucleotides de novo biosynthesis II	9.97917e-05
PWY-7222: guanosine deoxyribonucleotides de novo biosynthesis II|unclassified	2.52883e-05
PWY-7222: guanosine deoxyribonucleotides de novo biosynthesis II|g__Candidatus_Cloacimonas.s__Candidatus_Cloacimonas_acidaminovorans	1.34798e-05
PWY-5695: inosine 5'-phosphate degradation	9.21194e-05
PWY-5695: inosine 5'-phosphate degradation|g__Candidatus_Cloacimonas.s__Candidatus_Cloacimonas_acidaminovorans	5.65188e-05
PWY-5695: inosine 5'-phosphate degradation|unclassified	2.80399e-05
PWY-6608: guanosine nucleotides degradation III	9.21194e-05
PWY-6608: guanosine nucleotides degradation III|g__Candidatus_Cloacimonas.s__Candidatus_Cloacimonas_acidaminovorans	5.65188e-05
PWY-6608: guanosine nucleotides degradation III|unclassified	2.80399e-05
PWY-7237: myo-, chiro- and scyllo-inositol degradation	8.83139e-05
PWY-7237: myo-, chiro- and scyllo-inositol degradation|unclassified	1.43096e-05
SALVADEHYPOX-PWY: adenosine nucleotides degradation II	8.55916e-05
SALVADEHYPOX-PWY: adenosine nucleotides degradation II|g__Candidatus_Cloacimonas.s__Candidatus_Cloacimonas_acidaminovorans	5.14882e-05
SALVADEHYPOX-PWY: adenosine nucleotides degradation II|unclassified	2.81731e-05
PWY-1042: glycolysis IV	8.4928e-05
PWY-1042: glycolysis IV|unclassified	3.44977e-05
PWY-1042: glycolysis IV|g__Candidatus_Cloacimonas.s__Candidatus_Cloacimonas_acidaminovorans	3.19172e-05
P108-PWY: pyruvate fermentation to propanoate I	8.05912e-05
P108-PWY: pyruvate fermentation to propanoate I|unclassified	5.03716e-05
ANAGLYCOLYSIS-PWY: glycolysis III (from glucose)	7.75031e-05
ANAGLYCOLYSIS-PWY: glycolysis III (from glucose)|unclassified	2.67091e-05
PWY-5384: sucrose degradation IV (sucrose phosphorylase)	7.70371e-05
PWY-6590: superpathway of Clostridium acetobutylicum acidogenic fermentation	7.24155e-05
PWY-6590: superpathway of Clostridium acetobutylicum acidogenic fermentation|unclassified	2.99311e-05
PWY-7208: superpathway of pyrimidine nucleobases salvage	7.22364e-05
PWY-7208: superpathway of pyrimidine nucleobases salvage|g__Candidatus_Cloacimonas.s__Candidatus_Cloacimonas_acidaminovorans	1.7789e-05
PWY-7208: superpathway of pyrimidine nucleobases salvage|unclassified	1.14608e-05
PWY-6126: superpathway of adenosine nucleotides de novo biosynthesis II	7.20665e-05
PWY-6126: superpathway of adenosine nucleotides de novo biosynthesis II|unclassified	1.79512e-05
PWY-7229: superpathway of adenosine nucleotides de novo biosynthesis I	6.90274e-05
PWY-7229: superpathway of adenosine nucleotides de novo biosynthesis I|unclassified	1.7718e-05
PWY-7197: pyrimidine deoxyribonucleotide phosphorylation	6.46856e-05
PWY-7197: pyrimidine deoxyribonucleotide phosphorylation|unclassified	2.56959e-05
PWY-7197: pyrimidine deoxyribonucleotide phosphorylation|g__Candidatus_Cloacimonas.s__Candidatus_Cloacimonas_acidaminovorans	1.02015e-05
PWY-7197: pyrimidine deoxyribonucleotide phosphorylation|g__Methanothrix.s__Methanothrix_soehngenii	5.64148e-06
PWY-7228: superpathway of guanosine nucleotides de novo biosynthesis I	6.4402e-05
PWY-7228: superpathway of guanosine nucleotides de novo biosynthesis I|unclassified	2.83803e-05
PWY-7228: superpathway of guanosine nucleotides de novo biosynthesis I|g__Candidatus_Cloacimonas.s__Candidatus_Cloacimonas_acidaminovorans	1.56025e-05
GLYCOLYSIS: glycolysis I (from glucose 6-phosphate)	6.38442e-05
GLYCOLYSIS: glycolysis I (from glucose 6-phosphate)|unclassified	2.06311e-05
GLUCONEO-PWY: gluconeogenesis I	6.37585e-05
GLUCONEO-PWY: gluconeogenesis I|unclassified	3.60912e-05
CENTFERM-PWY: pyruvate fermentation to butanoate	6.28397e-05
CENTFERM-PWY: pyruvate fermentation to butanoate|unclassified	2.46979e-05
PWY-6353: purine nucleotides degradation II (aerobic)	5.84702e-05
PWY-6353: purine nucleotides degradation II (aerobic)|unclassified	2.51227e-05
PWY-6353: purine nucleotides degradation II (aerobic)|g__Candidatus_Cloacimonas.s__Candidatus_Cloacimonas_acidaminovorans	2.39935e-05
PWY-6125: superpathway of guanosine nucleotides de novo biosynthesis II	5.74617e-05
PWY-6125: superpathway of guanosine nucleotides de novo biosynthesis II|unclassified	1.64467e-05
PWY-6125: superpathway of guanosine nucleotides de novo biosynthesis II|g__Candidatus_Cloacimonas.s__Candidatus_Cloacimonas_acidaminovorans	1.33871e-05
P42-PWY: incomplete reductive TCA cycle	5.72095e-05
P42-PWY: incomplete reductive TCA cycle|unclassified	3.30563e-05
PWY-1269: CMP-3-deoxy-D-manno-octulosonate biosynthesis	5.7079e-05
PWY-1269: CMP-3-deoxy-D-manno-octulosonate biosynthesis|g__Candidatus_Cloacimonas.s__Candidatus_Cloacimonas_acidaminovorans	4.54988e-05
PWY-1269: CMP-3-deoxy-D-manno-octulosonate biosynthesis|unclassified	7.23505e-06
TRNA-CHARGING-PWY: tRNA charging	5.68418e-05
TRNA-CHARGING-PWY: tRNA charging|g__Candidatus_Cloacimonas.s__Candidatus_Cloacimonas_acidaminovorans	2.02845e-05
TRNA-CHARGING-PWY: tRNA charging|unclassified	1.44579e-05
PWY-8178: pentose phosphate pathway (non-oxidative branch) II	5.50711e-05
PWY-8178: pentose phosphate pathway (non-oxidative branch) II|g__Candidatus_Cloacimonas.s__Candidatus_Cloacimonas_acidaminovorans	2.52673e-05
PWY-8178: pentose phosphate pathway (non-oxidative branch) II|unclassified	1.85586e-05
PWY-7221: guanosine ribonucleotides de novo biosynthesis	5.45608e-05
PWY-7221: guanosine ribonucleotides de novo biosynthesis|unclassified	2.84073e-05
PWY-7221: guanosine ribonucleotides de novo biosynthesis|g__Candidatus_Cloacimonas.s__Candidatus_Cloacimonas_acidaminovorans	1.69329e-05
PWY-7221: guanosine ribonucleotides de novo biosynthesis|g__Oenococcus.s__Oenococcus_oeni	3.54146e-06
PWY-5484: glycolysis II (from fructose 6-phosphate)	5.09634e-05
PWY-5484: glycolysis II (from fructose 6-phosphate)|unclassified	2.014e-05
UDPNAGSYN-PWY: UDP-N-acetyl-D-glucosamine biosynthesis I	4.94207e-05
UDPNAGSYN-PWY: UDP-N-acetyl-D-glucosamine biosynthesis I|g__Candidatus_Cloacimonas.s__Candidatus_Cloacimonas_acidaminovorans	1.7391e-05
UDPNAGSYN-PWY: UDP-N-acetyl-D-glucosamine biosynthesis I|unclassified	8.41866e-06
COA-PWY: coenzyme A biosynthesis I (prokaryotic)	4.87227e-05
COA-PWY: coenzyme A biosynthesis I (prokaryotic)|g__Candidatus_Cloacimonas.s__Candidatus_Cloacimonas_acidaminovorans	3.08471e-05
COA-PWY: coenzyme A biosynthesis I (prokaryotic)|unclassified	1.29819e-05
COA-PWY: coenzyme A biosynthesis I (prokaryotic)|g__Oenococcus.s__Oenococcus_oeni	3.30333e-06
PWY66-399: gluconeogenesis III	4.577e-05
PWY66-399: gluconeogenesis III|unclassified	2.39556e-05
PWY-841: superpathway of purine nucleotides de novo biosynthesis I	4.4713e-05
PWY-841: superpathway of purine nucleotides de novo biosynthesis I|g__Candidatus_Cloacimonas.s__Candidatus_Cloacimonas_acidaminovorans	1.39305e-05
PWY-841: superpathway of purine nucleotides de novo biosynthesis I|unclassified	1.01909e-05
PWY-6123: inosine-5'-phosphate biosynthesis I	4.36935e-05
PWY-6123: inosine-5'-phosphate biosynthesis I|g__Candidatus_Cloacimonas.s__Candidatus_Cloacimonas_acidaminovorans	1.39867e-05
PWY-6123: inosine-5'-phosphate biosynthesis I|unclassified	7.27657e-06
PWY-6123: inosine-5'-phosphate biosynthesis I|g__Methanothrix.s__Methanothrix_soehngenii	1.97849e-06
PWY-3841: folate transformations II (plants)	4.29154e-05
PWY-3841: folate transformations II (plants)|unclassified	2.0117e-05
PWY-3841: folate transformations II (plants)|g__Oenococcus.s__Oenococcus_oeni	7.72067e-06
PWY-6124: inosine-5'-phosphate biosynthesis II	4.22511e-05
PWY-6124: inosine-5'-phosphate biosynthesis II|g__Candidatus_Cloacimonas.s__Candidatus_Cloacimonas_acidaminovorans	1.23125e-05
PWY-6124: inosine-5'-phosphate biosynthesis II|unclassified	7.13257e-06
PWY-6124: inosine-5'-phosphate biosynthesis II|g__Methanothrix.s__Methanothrix_soehngenii	3.84204e-06
PWY-6124: inosine-5'-phosphate biosynthesis II|g__Oenococcus.s__Oenococcus_oeni	3.57752e-06
PWY-6122: 5-aminoimidazole ribonucleotide biosynthesis II	4.11386e-05
PWY-6122: 5-aminoimidazole ribonucleotide biosynthesis II|g__Candidatus_Cloacimonas.s__Candidatus_Cloacimonas_acidaminovorans	2.69207e-05
PWY-6122: 5-aminoimidazole ribonucleotide biosynthesis II|unclassified	8.98414e-06
PWY-6122: 5-aminoimidazole ribonucleotide biosynthesis II|g__Methanothrix.s__Methanothrix_soehngenii	5.05447e-06
PWY-6277: superpathway of 5-aminoimidazole ribonucleotide biosynthesis	4.11386e-05
PWY-6277: superpathway of 5-aminoimidazole ribonucleotide biosynthesis|g__Candidatus_Cloacimonas.s__Candidatus_Cloacimonas_acidaminovorans	2.69207e-05
PWY-6277: superpathway of 5-aminoimidazole ribonucleotide biosynthesis|unclassified	8.98414e-06
PWY-6277: superpathway of 5-aminoimidazole ribonucleotide biosynthesis|g__Methanothrix.s__Methanothrix_soehngenii	5.05447e-06
P163-PWY: L-lysine fermentation to acetate and butanoate	4.10688e-05
P163-PWY: L-lysine fermentation to acetate and butanoate|g__Candidatus_Cloacimonas.s__Candidatus_Cloacimonas_acidaminovorans	2.26649e-05
P163-PWY: L-lysine fermentation to acetate and butanoate|unclassified	4.4816e-06
NONOXIPENT-PWY: pentose phosphate pathway (non-oxidative branch) I	4.08474e-05
NONOXIPENT-PWY: pentose phosphate pathway (non-oxidative branch) I|g__Candidatus_Cloacimonas.s__Candidatus_Cloacimonas_acidaminovorans	2.08601e-05
NONOXIPENT-PWY: pentose phosphate pathway (non-oxidative branch) I|unclassified	1.1952e-05
CALVIN-PWY: Calvin-Benson-Bassham cycle	3.90963e-05
CALVIN-PWY: Calvin-Benson-Bassham cycle|unclassified	1.83863e-05
PWY-7851: coenzyme A biosynthesis II (eukaryotic)	3.89342e-05
PWY-7851: coenzyme A biosynthesis II (eukaryotic)|g__Candidatus_Cloacimonas.s__Candidatus_Cloacimonas_acidaminovorans	5.45279e-06
PWY-7851: coenzyme A biosynthesis II (eukaryotic)|unclassified	5.16356e-06
PWY-7851: coenzyme A biosynthesis II (eukaryotic)|g__Oenococcus.s__Oenococcus_oeni	3.30333e-06
PWY-6309: L-tryptophan degradation XI (mammalian, via kynurenine)	3.85081e-05
PWY-6309: L-tryptophan degradation XI (mammalian, via kynurenine)|g__Candidatus_Cloacimonas.s__Candidatus_Cloacimonas_acidaminovorans	3.85081e-05
PWY-8187: L-arginine degradation XIII (reductive Stickland reaction)	3.79208e-05
PWY-8187: L-arginine degradation XIII (reductive Stickland reaction)|unclassified	7.47076e-06
ANAEROFRUCAT-PWY: homolactic fermentation	3.67286e-05
ANAEROFRUCAT-PWY: homolactic fermentation|unclassified	1.38362e-05
PWY-6317: D-galactose degradation I (Leloir pathway)	3.66863e-05
PWY-6317: D-galactose degradation I (Leloir pathway)|unclassified	4.82686e-06
PWY-5136: fatty acid &beta;-oxidation II (plant peroxisome)	3.62567e-05
PWY-5136: fatty acid &beta;-oxidation II (plant peroxisome)|unclassified	3.62567e-05
OANTIGEN-PWY: O-antigen building blocks biosynthesis (E. coli)	3.61956e-05
OANTIGEN-PWY: O-antigen building blocks biosynthesis (E. coli)|unclassified	4.50713e-06
PWY-7199: pyrimidine deoxyribonucleosides salvage	3.53797e-05
PWY-7199: pyrimidine deoxyribonucleosides salvage|unclassified	6.53848e-06
PWY-7199: pyrimidine deoxyribonucleosides salvage|g__Oenococcus.s__Oenococcus_oeni	6.23044e-06
PWY-7328: superpathway of UDP-glucose-derived O-antigen building blocks biosynthesis	3.51325e-05
PWY-7328: superpathway of UDP-glucose-derived O-antigen building blocks biosynthesis|unclassified	2.19095e-06
PWY-6606: guanosine nucleotides degradation II	3.49799e-05
PWY-6606: guanosine nucleotides degradation II|unclassified	1.86161e-05
PWY-6606: guanosine nucleotides degradation II|g__Candidatus_Cloacimonas.s__Candidatus_Cloacimonas_acidaminovorans	1.26806e-05
PWY-5941: glycogen degradation II	3.46491e-05
PWY-5941: glycogen degradation II|unclassified	1.65654e-05
PWY-6121: 5-aminoimidazole ribonucleotide biosynthesis I	3.40295e-05
PWY-6121: 5-aminoimidazole ribonucleotide biosynthesis I|g__Candidatus_Cloacimonas.s__Candidatus_Cloacimonas_acidaminovorans	1.61164e-05
PWY-6121: 5-aminoimidazole ribonucleotide biosynthesis I|unclassified	8.62757e-06
PWY-6121: 5-aminoimidazole ribonucleotide biosynthesis I|g__Methanothrix.s__Methanothrix_soehngenii	3.32213e-06
PWY-7238: sucrose biosynthesis II	3.28292e-05
PWY-7238: sucrose biosynthesis II|g__Candidatus_Cloacimonas.s__Candidatus_Cloacimonas_acidaminovorans	1.79795e-05
PWY-7238: sucrose biosynthesis II|unclassified	1.47493e-05
P164-PWY: purine nucleobases degradation I (anaerobic)	3.21173e-05
P164-PWY: purine nucleobases degradation I (anaerobic)|unclassified	2.2689e-05
COA-PWY-1: superpathway of coenzyme A biosynthesis III (mammals)	3.17333e-05
COA-PWY-1: superpathway of coenzyme A biosynthesis III (mammals)|g__Candidatus_Cloacimonas.s__Candidatus_Cloacimonas_acidaminovorans	6.28542e-06
COA-PWY-1: superpathway of coenzyme A biosynthesis III (mammals)|unclassified	5.24963e-06
CITRULBIO-PWY: L-citrulline biosynthesis	3.14035e-05
PWY66-409: superpathway of purine nucleotide salvage	2.94479e-05
PWY66-409: superpathway of purine nucleotide salvage|unclassified	1.12704e-05
THRESYN-PWY: superpathway of L-threonine biosynthesis	2.75325e-05
THRESYN-PWY: superpathway of L-threonine biosynthesis|unclassified	5.8248e-06
PYRIDNUCSYN-PWY: NAD de novo biosynthesis I (from aspartate)	2.74738e-05
PYRIDNUCSYN-PWY: NAD de novo biosynthesis I (from aspartate)|unclassified	5.51383e-06
HISDEG-PWY: L-histidine degradation I	2.74218e-05
HISDEG-PWY: L-histidine degradation I|g__Candidatus_Cloacimonas.s__Candidatus_Cloacimonas_acidaminovorans	1.36774e-05
HISDEG-PWY: L-histidine degradation I|unclassified	1.23914e-05
PWY-5209: methyl-coenzyme M oxidation to CO2	2.65835e-05
PWY-5209: methyl-coenzyme M oxidation to CO2|unclassified	2.10154e-05
PWY-5209: methyl-coenzyme M oxidation to CO2|g__Methanothrix.s__Methanothrix_soehngenii	5.00174e-06
PWY-6731: starch degradation III	2.63274e-05
PWY-6731: starch degradation III|unclassified	1.57716e-05
METHANOGENESIS-PWY: methanogenesis from H2 and CO2	2.57448e-05
METHANOGENESIS-PWY: methanogenesis from H2 and CO2|unclassified	2.19347e-05
PANTOSYN-PWY: superpathway of coenzyme A biosynthesis I (bacteria)	2.56009e-05
PANTOSYN-PWY: superpathway of coenzyme A biosynthesis I (bacteria)|g__Candidatus_Cloacimonas.s__Candidatus_Cloacimonas_acidaminovorans	7.26545e-06
PANTOSYN-PWY: superpathway of coenzyme A biosynthesis I (bacteria)|unclassified	7.0413e-06
FERMENTATION-PWY: mixed acid fermentation	2.55215e-05
FERMENTATION-PWY: mixed acid fermentation|unclassified	9.01667e-06
PWY-2941: L-lysine biosynthesis II	2.49841e-05
PWY-2941: L-lysine biosynthesis II|unclassified	4.68652e-06
PWY-5097: L-lysine biosynthesis VI	2.49605e-05
PWY-5097: L-lysine biosynthesis VI|g__Candidatus_Cloacimonas.s__Candidatus_Cloacimonas_acidaminovorans	1.22309e-05
PWY-5097: L-lysine biosynthesis VI|unclassified	4.68321e-06
PWY-6703: preQ0 biosynthesis	2.43034e-05
PWY-6703: preQ0 biosynthesis|g__Candidatus_Cloacimonas.s__Candidatus_Cloacimonas_acidaminovorans	1.64494e-05
PWY-6703: preQ0 biosynthesis|unclassified	7.29608e-06
PWY-7977: L-methionine biosynthesis IV	2.42001e-05
PWY-7977: L-methionine biosynthesis IV|unclassified	5.30477e-06
PEPTIDOGLYCANSYN-PWY: peptidoglycan biosynthesis I (meso-diaminopimelate containing)	2.37957e-05
PEPTIDOGLYCANSYN-PWY: peptidoglycan biosynthesis I (meso-diaminopimelate containing)|g__Oenococcus.s__Oenococcus_oeni	1.20474e-05
PEPTIDOGLYCANSYN-PWY: peptidoglycan biosynthesis I (meso-diaminopimelate containing)|g__Candidatus_Cloacimonas.s__Candidatus_Cloacimonas_acidaminovorans	5.97297e-06
PWY-5659: GDP-mannose biosynthesis	2.37396e-05
PWY-5659: GDP-mannose biosynthesis|g__Candidatus_Cloacimonas.s__Candidatus_Cloacimonas_acidaminovorans	9.5679e-06
PWY-5659: GDP-mannose biosynthesis|unclassified	3.86734e-06
PWY-8182: valproate &beta;-oxidation	2.29965e-05
PWY-8182: valproate &beta;-oxidation|unclassified	9.30712e-06
PWY-7383: anaerobic energy metabolism (invertebrates, cytosol)	2.28376e-05
PWY-7383: anaerobic energy metabolism (invertebrates, cytosol)|unclassified	1.26669e-05
PWY-6385: peptidoglycan biosynthesis III (mycobacteria)	2.27286e-05
PWY-6385: peptidoglycan biosynthesis III (mycobacteria)|g__Candidatus_Cloacimonas.s__Candidatus_Cloacimonas_acidaminovorans	5.92246e-06
PWY-5030: L-histidine degradation III	2.10261e-05
PWY-5030: L-histidine degradation III|g__Candidatus_Cloacimonas.s__Candidatus_Cloacimonas_acidaminovorans	1.41909e-05
PWY-6387: UDP-N-acetylmuramoyl-pentapeptide biosynthesis I (meso-diaminopimelate containing)	2.08582e-05
PWY-6387: UDP-N-acetylmuramoyl-pentapeptide biosynthesis I (meso-diaminopimelate containing)|g__Oenococcus.s__Oenococcus_oeni	1.0573e-05
PWY-6387: UDP-N-acetylmuramoyl-pentapeptide biosynthesis I (meso-diaminopimelate containing)|g__Candidatus_Cloacimonas.s__Candidatus_Cloacimonas_acidaminovorans	5.93601e-06
PWY-6147: 6-hydroxymethyl-dihydropterin diphosphate biosynthesis I	2.06997e-05
PWY-6147: 6-hydroxymethyl-dihydropterin diphosphate biosynthesis I|g__Candidatus_Cloacimonas.s__Candidatus_Cloacimonas_acidaminovorans	1.37075e-05
PWY-6147: 6-hydroxymethyl-dihydropterin diphosphate biosynthesis I|unclassified	1.69429e-06
PWY-6700: queuosine biosynthesis I (de novo)	2.01318e-05
PWY-6700: queuosine biosynthesis I (de novo)|unclassified	8.27036e-06
PWY-6700: queuosine biosynthesis I (de novo)|g__Candidatus_Cloacimonas.s__Candidatus_Cloacimonas_acidaminovorans	7.66486e-06
PWY-6386: UDP-N-acetylmuramoyl-pentapeptide biosynthesis II (lysine-containing)	2.01065e-05
PWY-6386: UDP-N-acetylmuramoyl-pentapeptide biosynthesis II (lysine-containing)|g__Oenococcus.s__Oenococcus_oeni	1.01947e-05
PWY-6386: UDP-N-acetylmuramoyl-pentapeptide biosynthesis II (lysine-containing)|g__Candidatus_Cloacimonas.s__Candidatus_Cloacimonas_acidaminovorans	6.42832e-06
PANTO-PWY: phosphopantothenate biosynthesis I	1.99389e-05
PANTO-PWY: phosphopantothenate biosynthesis I|g__Candidatus_Cloacimonas.s__Candidatus_Cloacimonas_acidaminovorans	1.38399e-05
PANTO-PWY: phosphopantothenate biosynthesis I|unclassified	6.90031e-06
PENTOSE-P-PWY: pentose phosphate pathway	1.98245e-05
BRANCHED-CHAIN-AA-SYN-PWY: superpathway of branched chain amino acid biosynthesis	1.95342e-05
BRANCHED-CHAIN-AA-SYN-PWY: superpathway of branched chain amino acid biosynthesis|unclassified	1.04747e-05
BRANCHED-CHAIN-AA-SYN-PWY: superpathway of branched chain amino acid biosynthesis|g__Methanothrix.s__Methanothrix_soehngenii	5.33367e-06
RIBOSYN2-PWY: flavin biosynthesis I (bacteria and plants)	1.88097e-05
RIBOSYN2-PWY: flavin biosynthesis I (bacteria and plants)|unclassified	6.00507e-06
VALSYN-PWY: L-valine biosynthesis	1.8672e-05
VALSYN-PWY: L-valine biosynthesis|unclassified	1.10551e-05
VALSYN-PWY: L-valine biosynthesis|g__Methanothrix.s__Methanothrix_soehngenii	5.84799e-06
PWY-5686: UMP biosynthesis I	1.83993e-05
PWY-5686: UMP biosynthesis I|unclassified	7.32193e-06
PWY-7790: UMP biosynthesis II	1.83993e-05
PWY-7790: UMP biosynthesis II|unclassified	7.32193e-06
PWY-7791: UMP biosynthesis III	1.83993e-05
PWY-7791: UMP biosynthesis III|unclassified	8.93999e-06
ILEUSYN-PWY: L-isoleucine biosynthesis I (from threonine)	1.78912e-05
ILEUSYN-PWY: L-isoleucine biosynthesis I (from threonine)|unclassified	1.08893e-05
ILEUSYN-PWY: L-isoleucine biosynthesis I (from threonine)|g__Methanothrix.s__Methanothrix_soehngenii	4.52217e-06
DAPLYSINESYN-PWY: L-lysine biosynthesis I	1.78472e-05
DAPLYSINESYN-PWY: L-lysine biosynthesis I|g__Candidatus_Cloacimonas.s__Candidatus_Cloacimonas_acidaminovorans	1.12712e-05
NONMEVIPP-PWY: methylerythritol phosphate pathway I	1.70217e-05
NONMEVIPP-PWY: methylerythritol phosphate pathway I|g__Candidatus_Cloacimonas.s__Candidatus_Cloacimonas_acidaminovorans	8.08844e-06
NONMEVIPP-PWY: methylerythritol phosphate pathway I|unclassified	4.52277e-06
PWY-1861: formaldehyde assimilation II (assimilatory RuMP Cycle)	1.6874e-05
PWY-1861: formaldehyde assimilation II (assimilatory RuMP Cycle)|unclassified	1.12461e-05
PWY0-1061: superpathway of L-alanine biosynthesis	1.67946e-05
PWY0-1061: superpathway of L-alanine biosynthesis|unclassified	8.39569e-06
PWY-5103: L-isoleucine biosynthesis III	1.64646e-05
PWY-5103: L-isoleucine biosynthesis III|unclassified	9.83214e-06
PWY-5103: L-isoleucine biosynthesis III|g__Methanothrix.s__Methanothrix_soehngenii	3.93635e-06
PWY-3001: superpathway of L-isoleucine biosynthesis I	1.5773e-05
PWY-3001: superpathway of L-isoleucine biosynthesis I|unclassified	5.97548e-06
PWY-7115: C4 photosynthetic carbon assimilation cycle, NAD-ME type	1.55334e-05
PWY-7115: C4 photosynthetic carbon assimilation cycle, NAD-ME type|unclassified	1.04224e-05
PWY0-1296: purine ribonucleosides degradation	1.53903e-05
PWY0-1296: purine ribonucleosides degradation|g__Candidatus_Cloacimonas.s__Candidatus_Cloacimonas_acidaminovorans	1.51195e-05
PWY0-1296: purine ribonucleosides degradation|unclassified	5.07512e-06
PWY-5130: 2-oxobutanoate degradation I	1.49516e-05
PWY4FS-8: phosphatidylglycerol biosynthesis II (non-plastidic)	1.47965e-05
PWY4FS-8: phosphatidylglycerol biosynthesis II (non-plastidic)|g__Candidatus_Cloacimonas.s__Candidatus_Cloacimonas_acidaminovorans	6.0871e-06
PWY4FS-7: phosphatidylglycerol biosynthesis I (plastidic)	1.47965e-05
PWY4FS-7: phosphatidylglycerol biosynthesis I (plastidic)|g__Candidatus_Cloacimonas.s__Candidatus_Cloacimonas_acidaminovorans	6.0871e-06
PWY-7560: methylerythritol phosphate pathway II	1.45976e-05
PWY-7560: methylerythritol phosphate pathway II|unclassified	4.56594e-06
PWY-5667: CDP-diacylglycerol biosynthesis I	1.44842e-05
PWY-5667: CDP-diacylglycerol biosynthesis I|g__Candidatus_Cloacimonas.s__Candidatus_Cloacimonas_acidaminovorans	4.75875e-06
PWY-5667: CDP-diacylglycerol biosynthesis I|g__Oenococcus.s__Oenococcus_oeni	4.59503e-06
PWY-5667: CDP-diacylglycerol biosynthesis I|unclassified	4.08075e-06
PWY0-1319: CDP-diacylglycerol biosynthesis II	1.44842e-05
PWY0-1319: CDP-diacylglycerol biosynthesis II|g__Candidatus_Cloacimonas.s__Candidatus_Cloacimonas_acidaminovorans	4.75875e-06
PWY0-1319: CDP-diacylglycerol biosynthesis II|g__Oenococcus.s__Oenococcus_oeni	4.59503e-06
PWY0-1319: CDP-diacylglycerol biosynthesis II|unclassified	4.08075e-06
PWY-6270: isoprene biosynthesis I	1.40794e-05
PWY-6270: isoprene biosynthesis I|unclassified	3.40588e-06
GLYCOGENSYNTH-PWY: glycogen biosynthesis I (from ADP-D-Glucose)	1.38746e-05
GLYCOGENSYNTH-PWY: glycogen biosynthesis I (from ADP-D-Glucose)|unclassified	1.35756e-05
PWY-5121: superpathway of geranylgeranyl diphosphate biosynthesis II (via MEP)	1.38302e-05
PWY-5121: superpathway of geranylgeranyl diphosphate biosynthesis II (via MEP)|unclassified	2.98744e-06
PWY-5981: CDP-diacylglycerol biosynthesis III	1.37854e-05
PWY-5981: CDP-diacylglycerol biosynthesis III|g__Oenococcus.s__Oenococcus_oeni	4.54532e-06
NAGLIPASYN-PWY: lipid IVA biosynthesis (E. coli)	1.32513e-05
NAGLIPASYN-PWY: lipid IVA biosynthesis (E. coli)|g__Candidatus_Cloacimonas.s__Candidatus_Cloacimonas_acidaminovorans	1.27154e-05
PWY-8073: lipid IVA biosynthesis (P. putida)	1.32513e-05
PWY-8073: lipid IVA biosynthesis (P. putida)|g__Candidatus_Cloacimonas.s__Candidatus_Cloacimonas_acidaminovorans	1.27154e-05
PWY-724: superpathway of L-lysine, L-threonine and L-methionine biosynthesis II	1.30339e-05
PWY-724: superpathway of L-lysine, L-threonine and L-methionine biosynthesis II|unclassified	3.87145e-06
PWY-7111: pyruvate fermentation to isobutanol (engineered)	1.28396e-05
PWY-7111: pyruvate fermentation to isobutanol (engineered)|unclassified	7.95366e-06
1CMET2-PWY: folate transformations III (E. coli)	1.21317e-05
1CMET2-PWY: folate transformations III (E. coli)|unclassified	7.83744e-06
ARGSYN-PWY: L-arginine biosynthesis I (via L-ornithine)	1.1477e-05
ARGSYN-PWY: L-arginine biosynthesis I (via L-ornithine)|unclassified	5.72875e-06
PWY-6527: stachyose degradation	1.10038e-05
PWY-6527: stachyose degradation|g__Oenococcus.s__Oenococcus_oeni	3.07623e-06
PWY-6527: stachyose degradation|unclassified	1.40875e-06
GLUTORN-PWY: L-ornithine biosynthesis I	1.08416e-05
GLUTORN-PWY: L-ornithine biosynthesis I|unclassified	5.84717e-06
GLUTORN-PWY: L-ornithine biosynthesis I|g__Methanothrix.s__Methanothrix_soehngenii	2.04564e-06
PWY-7234: inosine-5'-phosphate biosynthesis III	1.08209e-05
PWY-7234: inosine-5'-phosphate biosynthesis III|unclassified	2.31279e-06
PWY-7234: inosine-5'-phosphate biosynthesis III|g__Methanothrix.s__Methanothrix_soehngenii	1.84896e-06
ARGININE-SYN4-PWY: L-ornithine biosynthesis II	1.03493e-05
PWY0-1477: ethanolamine utilization	1.00408e-05
PWY0-1477: ethanolamine utilization|unclassified	9.88607e-06
ARGSYNBSUB-PWY: L-arginine biosynthesis II (acetyl cycle)	9.53849e-06
ARGSYNBSUB-PWY: L-arginine biosynthesis II (acetyl cycle)|unclassified	5.39842e-06
ARGSYNBSUB-PWY: L-arginine biosynthesis II (acetyl cycle)|g__Methanothrix.s__Methanothrix_soehngenii	2.03112e-06
PWY-2942: L-lysine biosynthesis III	9.46888e-06
PWY-2942: L-lysine biosynthesis III|unclassified	4.83355e-06
PWY-7117: C4 photosynthetic carbon assimilation cycle, PEPCK type	8.42698e-06
ASPASN-PWY: superpathway of L-aspartate and L-asparagine biosynthesis	8.35251e-06
ASPASN-PWY: superpathway of L-aspartate and L-asparagine biosynthesis|unclassified	5.51187e-06
PWY-5723: Rubisco shunt	8.21572e-06
PWY-5723: Rubisco shunt|unclassified	3.00622e-06
PWY-7400: L-arginine biosynthesis IV (archaebacteria)	8.05117e-06
PWY-7400: L-arginine biosynthesis IV (archaebacteria)|unclassified	5.2472e-06
PWY-6863: pyruvate fermentation to hexanol (engineered)	7.46671e-06
PWY-6863: pyruvate fermentation to hexanol (engineered)|unclassified	7.45605e-06
PWY0-1586: peptidoglycan maturation (meso-diaminopimelate containing)	7.4075e-06
PWY0-1586: peptidoglycan maturation (meso-diaminopimelate containing)|unclassified	4.93362e-06
PWY-7392: taxadiene biosynthesis (engineered)	6.87763e-06
PWY-7392: taxadiene biosynthesis (engineered)|unclassified	2.01653e-06
COLANSYN-PWY: colanic acid building blocks biosynthesis	6.5296e-06
COLANSYN-PWY: colanic acid building blocks biosynthesis|unclassified	3.39567e-06
PWY-241: C4 photosynthetic carbon assimilation cycle, NADP-ME type	6.51102e-06
PWY-5154: L-arginine biosynthesis III (via N-acetyl-L-citrulline)	6.02944e-06
PWY-5154: L-arginine biosynthesis III (via N-acetyl-L-citrulline)|unclassified	4.49899e-06
P23-PWY: reductive TCA cycle I	5.91053e-06
P23-PWY: reductive TCA cycle I|unclassified	5.0423e-06
PWY0-1479: tRNA processing	5.7489e-06
PWY0-1479: tRNA processing|unclassified	5.15503e-06
PWY-7090: UDP-2,3-diacetamido-2,3-dideoxy-&alpha;-D-mannuronate biosynthesis	5.62261e-06
PWY-7090: UDP-2,3-diacetamido-2,3-dideoxy-&alpha;-D-mannuronate biosynthesis|unclassified	5.62261e-06
RHAMCAT-PWY: L-rhamnose degradation I	5.52213e-06
RHAMCAT-PWY: L-rhamnose degradation I|unclassified	2.43958e-06
POLYISOPRENSYN-PWY: polyisoprenoid biosynthesis (E. coli)	5.28636e-06
POLYISOPRENSYN-PWY: polyisoprenoid biosynthesis (E. coli)|unclassified	1.52777e-06
PWY-6349: CDP-archaeol biosynthesis	5.18674e-06
PWY-6349: CDP-archaeol biosynthesis|unclassified	3.29221e-06
PWY-6349: CDP-archaeol biosynthesis|g__Methanothrix.s__Methanothrix_soehngenii	2.38077e-06
PWY-6902: chitin degradation II (Vibrio)	5.16242e-06
PWY-6902: chitin degradation II (Vibrio)|unclassified	5.16242e-06
P261-PWY: coenzyme M biosynthesis I	4.93101e-06
P261-PWY: coenzyme M biosynthesis I|unclassified	1.73778e-06
PWY-7200: superpathway of pyrimidine deoxyribonucleoside salvage	4.86518e-06
PWY-7200: superpathway of pyrimidine deoxyribonucleoside salvage|unclassified	3.78534e-06
PWY-6160: 3-dehydroquinate biosynthesis II (archaea)	4.81517e-06
PWY-6160: 3-dehydroquinate biosynthesis II (archaea)|unclassified	3.01796e-06
PWY0-1297: superpathway of purine deoxyribonucleosides degradation	4.45801e-06
PWY0-1297: superpathway of purine deoxyribonucleosides degradation|unclassified	1.54924e-06
PWY-5188: tetrapyrrole biosynthesis I (from glutamate)	4.40405e-06
PWY-5188: tetrapyrrole biosynthesis I (from glutamate)|unclassified	1.86161e-06
PWY-5188: tetrapyrrole biosynthesis I (from glutamate)|g__Methanothrix.s__Methanothrix_soehngenii	1.22846e-06
PWY-6163: chorismate biosynthesis from 3-dehydroquinate	4.3603e-06
PWY-6163: chorismate biosynthesis from 3-dehydroquinate|unclassified	4.2701e-06
PWY0-1298: superpathway of pyrimidine deoxyribonucleosides degradation	4.26844e-06
PWY0-1298: superpathway of pyrimidine deoxyribonucleosides degradation|unclassified	2.89545e-06
PWY-5104: L-isoleucine biosynthesis IV	4.22686e-06
PWY-5104: L-isoleucine biosynthesis IV|unclassified	3.75086e-06
PWY-6165: chorismate biosynthesis II (archaea)	4.2056e-06
PWY-6165: chorismate biosynthesis II (archaea)|unclassified	3.24706e-06
PWY-6969: TCA cycle V (2-oxoglutarate synthase)	4.06889e-06
PWY-6969: TCA cycle V (2-oxoglutarate synthase)|unclassified	2.54441e-06
ARO-PWY: chorismate biosynthesis I	4.01383e-06
ARO-PWY: chorismate biosynthesis I|unclassified	2.69142e-06
PWY-5913: partial TCA cycle (obligate autotrophs)	3.97976e-06
PWY-5101: L-isoleucine biosynthesis II	3.93141e-06
PWY-5101: L-isoleucine biosynthesis II|unclassified	3.59179e-06
PWY-6583: pyruvate fermentation to butanol I	3.79419e-06
PWY-6583: pyruvate fermentation to butanol I|unclassified	3.79104e-06
PWY-6749: CMP-legionaminate biosynthesis I	3.721e-06
PWY-6749: CMP-legionaminate biosynthesis I|unclassified	3.22487e-06
PWY-6350: archaetidylinositol biosynthesis	3.56868e-06
PWY-6350: archaetidylinositol biosynthesis|g__Methanothrix.s__Methanothrix_soehngenii	1.60905e-06
PWY-6507: 4-deoxy-L-threo-hex-4-enopyranuronate degradation	3.53895e-06
PWY-6507: 4-deoxy-L-threo-hex-4-enopyranuronate degradation|unclassified	3.53895e-06
PWY0-1241: ADP-L-glycero-&beta;-D-manno-heptose biosynthesis	3.47186e-06
PWY0-1241: ADP-L-glycero-&beta;-D-manno-heptose biosynthesis|unclassified	2.11654e-06
P441-PWY: superpathway of N-acetylneuraminate degradation	3.4281e-06
P441-PWY: superpathway of N-acetylneuraminate degradation|unclassified	2.99698e-06
PWY-7323: superpathway of GDP-mannose-derived O-antigen building blocks biosynthesis	3.1608e-06
PWY-7323: superpathway of GDP-mannose-derived O-antigen building blocks biosynthesis|unclassified	2.41594e-06
PWY-6834: spermidine biosynthesis III	3.13218e-06
PWY-6834: spermidine biosynthesis III|unclassified	2.96009e-06
PWY-6859: all-trans-farnesol biosynthesis	3.10924e-06
PWY-6859: all-trans-farnesol biosynthesis|unclassified	1.0093e-06
ORNDEG-PWY: superpathway of ornithine degradation	2.94323e-06
ORNDEG-PWY: superpathway of ornithine degradation|unclassified	2.30909e-06
PWY-7820: teichuronic acid biosynthesis (B. subtilis 168)	2.91998e-06
PWY-6151: S-adenosyl-L-methionine salvage I	2.764e-06
PWY-6151: S-adenosyl-L-methionine salvage I|unclassified	1.41642e-06
P41-PWY: pyruvate fermentation to acetate and (S)-lactate I	2.69e-06
P41-PWY: pyruvate fermentation to acetate and (S)-lactate I|unclassified	2.67319e-06
DENITRIFICATION-PWY: nitrate reduction I (denitrification)	2.58261e-06
DENITRIFICATION-PWY: nitrate reduction I (denitrification)|unclassified	2.58261e-06
PWY-5675: nitrate reduction V (assimilatory)	2.574e-06
PWY-5675: nitrate reduction V (assimilatory)|unclassified	2.53276e-06
PWY-7761: NAD salvage pathway II (PNC IV cycle)	2.46167e-06
PWY-7761: NAD salvage pathway II (PNC IV cycle)|unclassified	2.22031e-06
PWY-6823: molybdopterin biosynthesis	2.35881e-06
PWY-6823: molybdopterin biosynthesis|unclassified	1.60748e-06
GLCMANNANAUT-PWY: superpathway of N-acetylglucosamine, N-acetylmannosamine and N-acetylneuraminate degradation	2.3161e-06
GLCMANNANAUT-PWY: superpathway of N-acetylglucosamine, N-acetylmannosamine and N-acetylneuraminate degradation|unclassified	2.25085e-06
GLYOXYLATE-BYPASS: glyoxylate cycle	1.76612e-06
GLYOXYLATE-BYPASS: glyoxylate cycle|unclassified	1.76359e-06
PWY-7204: pyridoxal 5'-phosphate salvage II (plants)	1.69419e-06
LACTOSECAT-PWY: lactose and galactose degradation I	1.54804e-06
P161-PWY: acetylene degradation (anaerobic)	1.19783e-06
P161-PWY: acetylene degradation (anaerobic)|unclassified	1.16705e-06
PWY-7731: superpathway of photosynthetic hydrogen production	9.66032e-07
PWY-101: photosynthesis light reactions	6.50238e-07
